transaction_id,customer_id,amount,hour,merchant_category,country,is_international,device_age_days,account_age_days,transactions_last_hour,transactions_last_24h,distance_from_home_km,card_present,previous_declines_24h,avg_transaction_amount_30d,amount_vs_customer_average,is_new_merchant,fraud
tx_live_00000000,cust_005592,283.15,0,groceries,US,0,364,974,1,10,18.71,0,0,25.6,11.059,0,0
tx_live_00000001,cust_002586,73.87,10,restaurants,FR,1,152,1833,0,10,60.46,1,0,65.71,1.124,0,0
tx_live_00000002,cust_005179,92.46,15,fuel,US,0,227,1293,1,6,43.96,0,0,27.53,3.359,1,0
tx_live_00000003,cust_003321,207.78,21,restaurants,US,0,576,2238,1,12,58.74,1,0,21.43,9.698,0,0
tx_live_00000004,cust_010141,152.06,16,online_retail,US,0,150,831,2,9,7.97,0,0,33.27,4.57,0,0
tx_live_00000005,cust_006873,118.98,13,groceries,US,0,76,2058,0,4,66.91,0,0,55.32,2.151,0,0
tx_live_00000006,cust_011236,45.64,4,groceries,US,0,332,1346,0,7,92.59,1,0,220.04,0.207,0,0
tx_live_00000007,cust_007748,24.07,5,utilities,US,0,329,1072,2,7,18.59,0,1,29.96,0.803,0,0
tx_live_00000008,cust_008046,97.14,4,fuel,US,0,415,842,1,7,71.41,1,0,7.75,12.531,0,0
tx_live_00000009,cust_004858,39.97,5,travel,US,0,404,709,4,11,5.94,1,0,10.01,3.993,0,0
tx_live_00000010,cust_002364,152.51,5,groceries,US,0,258,1702,2,10,15.27,1,0,76.71,1.988,0,0
tx_live_00000011,cust_008365,82.37,14,online_retail,US,0,461,922,1,6,39.83,1,0,67.4,1.222,0,0
tx_live_00000012,cust_008904,31.65,17,online_retail,US,0,197,1406,1,12,44.88,1,0,38.14,0.83,0,0
tx_live_00000013,cust_011383,87.16,5,groceries,MX,1,160,1583,0,5,32.84,0,0,26.05,3.345,1,0
tx_live_00000014,cust_003723,135.53,15,groceries,US,0,441,1185,2,8,5.99,1,0,29.45,4.602,0,0
tx_live_00000015,cust_009848,79.64,12,groceries,US,0,285,1220,1,7,99.56,0,0,75.64,1.053,0,0
tx_live_00000016,cust_008968,30.49,18,travel,GB,1,269,1031,0,4,10.47,1,0,23.0,1.326,0,0
tx_live_00000017,cust_000976,2077.44,9,groceries,US,0,277,1610,0,1,65.01,1,0,33.23,6.0,0,0
tx_live_00000018,cust_000359,95.3,11,restaurants,US,0,579,1066,2,9,6.24,1,0,304.46,0.313,0,0
tx_live_00000019,cust_004912,152.06,22,groceries,DE,1,207,347,3,8,21.95,1,1,82.95,1.833,0,0
tx_live_00000020,cust_000822,137.28,0,restaurants,US,0,80,1912,4,10,54.18,1,0,21.67,6.336,0,0
tx_live_00000021,cust_010932,26.89,14,groceries,US,0,245,1420,4,12,123.87,0,0,48.93,0.55,0,0
tx_live_00000022,cust_001806,40.54,16,fuel,CA,1,540,1127,2,7,35.61,1,0,50.15,0.808,0,0
tx_live_00000023,cust_002569,122.21,23,fuel,US,0,173,684,1,10,66.01,0,1,61.17,1.998,0,0
tx_live_00000024,cust_006764,12.21,4,groceries,US,0,560,760,1,4,32.07,0,0,27.2,0.449,0,0
tx_live_00000025,cust_003096,145.07,9,luxury,US,0,451,989,0,4,72.12,1,1,44.23,3.28,0,0
tx_live_00000026,cust_011157,28.81,23,restaurants,US,0,102,408,3,12,13.58,1,0,17.66,1.631,0,0
tx_live_00000027,cust_008933,43.74,23,online_retail,US,0,151,1432,2,9,100.47,0,1,44.87,0.975,1,0
tx_live_00000028,cust_011820,282.4,10,travel,US,0,161,965,2,16,19.46,1,1,23.44,12.047,0,0
tx_live_00000029,cust_010196,62.52,3,electronics,US,0,316,770,1,5,27.28,1,1,78.58,0.796,0,0
tx_live_00000030,cust_003744,49.31,14,groceries,US,0,453,2174,3,9,31.54,0,0,25.97,1.899,0,0
tx_live_00000031,cust_009738,88.36,3,restaurants,US,0,35,1223,1,6,46.19,1,0,122.64,0.72,0,0
tx_live_00000032,cust_007102,60.71,2,groceries,US,0,400,901,0,9,47.24,0,0,10.89,5.572,0,0
tx_live_00000033,cust_004359,35.66,12,online_retail,US,0,605,1483,0,11,34.11,1,1,91.19,0.391,0,0
tx_live_00000034,cust_004908,935.01,16,groceries,US,0,120,1224,1,4,5.15,1,0,30.54,6.0,0,0
tx_live_00000035,cust_004921,565.0,7,groceries,CA,1,399,284,1,10,233.73,1,0,72.16,7.83,0,0
tx_live_00000036,cust_003586,167.27,5,restaurants,US,0,223,1416,0,7,17.75,1,1,35.35,4.732,0,0
tx_live_00000037,cust_007172,103.33,6,online_retail,CA,1,743,330,0,6,69.14,1,0,43.91,2.353,0,0
tx_live_00000038,cust_006094,86.25,15,groceries,US,0,246,362,2,7,80.45,1,0,111.92,0.771,0,0
tx_live_00000039,cust_003037,893.24,17,electronics,US,0,408,900,1,8,3.68,1,0,16.06,6.0,0,0
tx_live_00000040,cust_002616,124.47,0,restaurants,US,0,107,617,2,6,97.06,1,0,13.05,9.535,1,0
tx_live_00000041,cust_006064,28.31,3,electronics,JP,1,239,566,1,7,91.21,0,0,56.33,0.503,0,0
tx_live_00000042,cust_007124,683.76,13,online_retail,US,0,179,1329,2,4,58.66,1,0,12.42,6.0,0,0
tx_live_00000043,cust_008647,70.26,17,online_retail,FR,1,354,2124,4,7,17.79,1,0,118.5,0.593,0,0
tx_live_00000044,cust_000738,370.87,6,groceries,US,0,738,1742,2,7,46.78,1,0,74.56,4.974,0,0
tx_live_00000045,cust_010807,54.0,6,restaurants,US,0,563,557,2,4,13.36,0,0,18.59,2.905,0,0
tx_live_00000046,cust_003801,233.17,22,online_retail,US,0,223,251,1,9,57.69,1,0,40.58,5.746,0,0
tx_live_00000047,cust_003361,21.0,13,electronics,US,0,125,1845,0,7,42.38,0,0,30.87,0.68,0,0
tx_live_00000048,cust_006597,91.19,1,restaurants,US,0,148,308,1,7,61.27,0,0,49.51,1.842,1,0
tx_live_00000049,cust_005444,32.74,0,online_retail,US,0,203,2200,3,8,57.35,1,0,102.81,0.318,0,0
tx_live_00000050,cust_008247,27.73,18,groceries,JP,1,561,833,1,9,35.46,1,0,34.76,0.798,0,0
tx_live_00000051,cust_007447,146.25,16,online_retail,CA,1,147,1508,1,13,16.88,1,1,58.21,2.512,0,0
tx_live_00000052,cust_000578,24.95,12,groceries,US,0,283,667,4,8,190.45,0,0,80.71,0.309,0,0
tx_live_00000053,cust_004928,58.08,6,groceries,US,0,238,1013,2,11,10.77,1,0,37.79,1.537,0,0
tx_live_00000054,cust_000650,33.05,16,electronics,US,0,213,392,0,7,35.57,1,0,30.97,1.067,0,0
tx_live_00000055,cust_002258,99.08,21,restaurants,CA,1,248,409,3,4,11.25,0,0,174.84,0.567,0,0
tx_live_00000056,cust_002481,88.02,9,restaurants,CA,1,438,1569,1,12,57.77,0,0,23.49,3.747,0,0
tx_live_00000057,cust_002862,7.65,20,groceries,US,0,93,1042,0,9,74.98,1,1,47.64,0.161,1,0
tx_live_00000058,cust_009609,134.46,1,electronics,US,0,484,1531,2,2,83.55,0,0,48.74,2.759,0,0
tx_live_00000059,cust_009030,36.26,5,fuel,US,0,116,1216,5,8,28.85,1,0,15.53,2.334,0,0
tx_live_00000060,cust_011723,496.61,21,electronics,US,0,241,1450,2,13,60.19,0,2,96.31,5.156,0,1
tx_live_00000061,cust_005073,161.46,9,groceries,US,0,227,879,1,4,39.31,1,0,28.78,5.61,1,0
tx_live_00000062,cust_003827,173.58,2,online_retail,CA,1,261,1120,2,10,5.56,0,0,21.78,7.968,0,0
tx_live_00000063,cust_003246,6.34,20,electronics,CA,1,239,411,1,4,35.09,0,0,56.66,0.112,0,0
tx_live_00000064,cust_007796,385.18,14,restaurants,BR,1,358,888,1,11,50.27,0,0,79.22,4.862,0,0
tx_live_00000065,cust_004255,71.31,7,travel,US,0,89,1107,4,12,91.61,1,2,17.17,4.154,0,1
tx_live_00000066,cust_011313,18.17,18,online_retail,US,0,382,1919,1,4,41.89,1,1,49.57,0.367,0,0
tx_live_00000067,cust_002120,92.97,5,groceries,GB,1,349,276,2,10,56.39,1,0,23.7,3.922,0,0
tx_live_00000068,cust_008827,244.37,12,fuel,US,0,367,1334,3,8,38.93,1,1,24.85,9.833,0,0
tx_live_00000069,cust_007674,14.26,16,restaurants,US,0,460,1162,2,11,16.66,1,1,26.05,0.547,0,0
tx_live_00000070,cust_008944,194.25,21,utilities,US,0,510,1153,1,2,73.22,1,0,47.33,4.104,0,0
tx_live_00000071,cust_006505,49.69,14,travel,DE,1,166,545,3,9,64.2,1,0,27.59,1.801,0,0
tx_live_00000072,cust_005628,39.21,1,groceries,CA,1,343,1418,0,7,28.1,1,0,49.39,0.794,0,0
tx_live_00000073,cust_006919,45.15,23,fuel,CA,1,124,805,0,9,78.55,1,0,70.98,0.636,0,0
tx_live_00000074,cust_009648,30.38,18,online_retail,US,0,253,3339,1,3,4.3,1,0,25.81,1.177,0,0
tx_live_00000075,cust_009135,83.04,0,travel,GB,1,167,1070,1,5,11.49,1,1,65.24,1.273,0,0
tx_live_00000076,cust_002150,87.11,20,groceries,US,0,407,905,1,10,9.71,0,1,20.31,4.289,0,0
tx_live_00000077,cust_001812,188.82,1,fuel,DE,1,199,2486,2,11,28.49,1,0,37.31,5.061,0,0
tx_live_00000078,cust_000596,268.04,14,travel,CA,1,171,1407,2,9,14.31,1,1,105.12,2.55,0,0
tx_live_00000079,cust_001320,49.77,13,groceries,US,0,530,698,2,9,40.24,0,0,46.18,1.078,0,0
tx_live_00000080,cust_007390,1796.54,18,fuel,US,0,120,1284,2,4,36.93,1,0,179.78,6.0,0,0
tx_live_00000081,cust_003533,21.87,17,travel,US,0,780,688,3,10,111.75,0,1,54.95,0.398,0,0
tx_live_00000082,cust_004924,126.83,17,travel,US,0,52,425,0,7,151.86,1,0,79.81,1.589,0,0
tx_live_00000083,cust_010755,23.29,16,electronics,US,0,92,1291,0,5,12.2,0,0,31.59,0.737,0,0
tx_live_00000084,cust_010571,39.26,9,restaurants,US,0,207,1314,0,7,86.38,1,0,24.61,1.595,1,0
tx_live_00000085,cust_006954,122.64,21,groceries,US,0,1261,425,2,8,117.68,0,0,55.98,2.191,0,0
tx_live_00000086,cust_001560,33.06,15,restaurants,US,0,319,1829,1,6,18.49,0,0,18.14,1.823,1,0
tx_live_00000087,cust_003413,109.52,17,electronics,US,0,157,1706,1,9,74.75,0,0,19.63,5.578,0,0
tx_live_00000088,cust_008280,16.4,6,fuel,US,0,256,1555,0,8,113.05,0,0,27.23,0.602,0,0
tx_live_00000089,cust_010749,33.92,21,electronics,US,0,367,396,0,7,44.64,1,0,39.11,0.867,0,0
tx_live_00000090,cust_008793,113.85,21,groceries,CA,1,301,722,4,17,57.53,1,0,64.21,1.773,0,0
tx_live_00000091,cust_004045,291.75,12,online_retail,US,0,269,363,3,12,62.44,0,0,91.27,3.197,0,0
tx_live_00000092,cust_010495,21.93,23,groceries,US,0,181,1911,0,5,31.9,1,0,39.11,0.561,0,0
tx_live_00000093,cust_001120,312.96,19,restaurants,US,0,71,1265,2,5,15.0,0,0,17.82,17.56,0,0
tx_live_00000094,cust_000343,87.2,19,groceries,FR,1,425,761,2,7,11.21,1,0,104.23,0.837,0,0
tx_live_00000095,cust_002050,608.73,10,groceries,CA,1,294,1227,1,6,88.0,0,1,58.35,10.433,0,1
tx_live_00000096,cust_009967,50.22,16,restaurants,US,0,323,1731,2,6,7.11,0,0,19.45,2.582,0,0
tx_live_00000097,cust_006138,41.22,11,utilities,US,0,530,2078,2,13,4.45,0,0,65.49,0.629,0,0
tx_live_00000098,cust_003128,92.37,0,groceries,US,0,298,800,2,8,16.3,1,0,132.61,0.697,0,0
tx_live_00000099,cust_011417,23.57,20,groceries,US,0,430,1231,2,11,29.2,1,1,75.28,0.313,0,0
tx_live_00000100,cust_005800,76.1,0,luxury,US,0,111,703,2,6,24.85,1,0,10.68,7.125,0,0
tx_live_00000101,cust_000810,63.26,3,travel,US,0,179,2449,3,8,17.5,0,1,12.78,4.949,0,1
tx_live_00000102,cust_003207,243.68,10,restaurants,US,0,258,316,1,8,17.1,0,0,41.2,5.915,1,0
tx_live_00000103,cust_008710,93.77,9,groceries,DE,1,315,616,2,6,20.95,1,0,75.16,1.248,0,0
tx_live_00000104,cust_007547,784.2,20,online_retail,US,0,120,2351,2,7,6.36,1,0,94.17,6.0,0,0
tx_live_00000105,cust_006668,18.82,9,luxury,US,0,124,1860,1,10,2.7,1,0,53.03,0.355,0,0
tx_live_00000106,cust_000794,26.5,13,fuel,US,0,704,1560,4,10,77.46,1,0,86.37,0.307,0,0
tx_live_00000107,cust_000731,9.07,19,groceries,GB,1,210,1457,2,6,55.82,0,1,69.14,0.131,0,0
tx_live_00000108,cust_007344,8.33,23,online_retail,US,0,268,858,1,8,22.21,0,0,40.53,0.206,0,0
tx_live_00000109,cust_010972,525.79,7,luxury,CA,1,242,934,0,9,58.55,1,1,31.78,16.543,0,1
tx_live_00000110,cust_004901,29.89,19,restaurants,US,0,258,878,2,8,59.38,0,0,19.47,1.536,0,0
tx_live_00000111,cust_001983,235.55,2,luxury,US,0,326,464,1,5,145.05,0,2,33.63,7.005,0,1
tx_live_00000112,cust_007747,32.63,7,electronics,FR,1,274,2007,2,7,86.58,1,0,28.22,1.156,0,0
tx_live_00000113,cust_003124,45.27,15,online_retail,CA,1,626,1401,1,8,124.04,0,0,44.48,1.018,0,0
tx_live_00000114,cust_000399,12.71,8,electronics,US,0,549,1473,1,2,88.12,0,1,109.47,0.116,0,0
tx_live_00000115,cust_004753,231.02,1,restaurants,CA,1,374,901,2,10,76.14,0,0,64.26,3.595,0,0
tx_live_00000116,cust_004959,45.85,17,fuel,US,0,349,566,0,8,30.75,1,1,11.22,4.086,0,0
tx_live_00000117,cust_010740,343.42,15,electronics,CA,1,339,1475,1,9,25.18,1,1,142.34,2.413,0,0
tx_live_00000118,cust_005623,449.83,11,groceries,US,0,371,900,1,4,10.8,1,0,69.09,6.0,0,0
tx_live_00000119,cust_011113,236.82,21,groceries,MX,1,487,1214,2,3,43.39,0,1,50.09,4.728,0,1
tx_live_00000120,cust_007005,288.79,2,online_retail,US,0,625,1791,1,6,16.93,0,0,85.15,3.391,0,0
tx_live_00000121,cust_007050,15.47,6,online_retail,US,0,117,1042,0,1,27.71,0,0,42.51,0.364,0,0
tx_live_00000122,cust_011020,105.12,5,electronics,US,0,295,1123,1,5,69.8,1,0,51.13,2.056,0,0
tx_live_00000123,cust_000954,24.51,12,restaurants,US,0,261,720,3,11,38.65,1,0,101.33,0.242,1,0
tx_live_00000124,cust_000245,21.67,2,groceries,DE,1,406,710,1,10,163.61,0,1,29.08,0.745,0,0
tx_live_00000125,cust_000368,75.53,18,groceries,US,0,498,919,0,6,205.0,0,1,24.13,3.13,0,0
tx_live_00000126,cust_007407,1838.53,9,online_retail,US,0,120,900,0,1,2.68,1,0,35.85,6.0,0,0
tx_live_00000127,cust_008223,252.42,1,travel,US,0,500,986,1,6,26.09,1,0,30.96,8.153,1,0
tx_live_00000128,cust_000051,47.94,18,groceries,US,0,181,1177,2,5,21.35,1,0,392.67,0.122,0,0
tx_live_00000129,cust_004780,177.41,18,restaurants,CA,1,314,560,0,6,83.81,1,1,82.71,2.145,0,0
tx_live_00000130,cust_007695,116.34,18,groceries,CA,1,495,1390,0,9,12.88,1,0,14.71,7.907,0,0
tx_live_00000131,cust_008011,66.18,22,groceries,FR,1,196,759,2,8,54.75,1,0,66.18,1.0,1,0
tx_live_00000132,cust_006520,26.37,14,restaurants,US,0,305,741,2,9,51.63,1,0,82.76,0.319,0,0
tx_live_00000133,cust_004199,69.5,17,online_retail,GB,1,170,2355,2,11,62.26,0,0,17.88,3.887,1,0
tx_live_00000134,cust_003712,2128.89,11,restaurants,MX,1,334,580,0,2,52.35,1,0,35.26,50.0,0,0
tx_live_00000135,cust_009490,26.6,18,travel,US,0,677,1687,2,9,31.6,0,1,9.45,2.815,0,0
tx_live_00000136,cust_002430,56.35,18,utilities,MX,1,275,1931,0,6,41.03,1,0,57.84,0.974,0,0
tx_live_00000137,cust_003411,27.62,8,electronics,BR,1,80,1984,2,5,71.24,0,0,19.12,1.444,0,0
tx_live_00000138,cust_006306,258.27,3,fuel,DE,1,711,639,2,9,34.51,1,0,64.35,4.014,0,0
tx_live_00000139,cust_011012,394.69,15,electronics,US,0,52,774,1,4,41.97,1,0,32.83,12.021,0,0
tx_live_00000140,cust_011605,249.45,10,fuel,US,0,230,2339,3,15,15.44,1,1,29.13,8.564,1,1
tx_live_00000141,cust_007738,469.84,14,luxury,BR,1,313,1800,1,9,31.29,1,0,104.33,4.503,0,0
tx_live_00000142,cust_007088,1045.89,10,online_retail,US,0,606,900,1,6,22.17,1,0,32.13,6.0,0,0
tx_live_00000143,cust_000691,347.31,5,online_retail,US,0,114,793,1,6,55.38,0,0,26.82,12.947,0,0
tx_live_00000144,cust_006962,29.39,0,groceries,US,0,282,820,2,7,52.3,0,0,37.5,0.784,0,0
tx_live_00000145,cust_001720,307.91,22,groceries,JP,1,277,594,1,11,15.38,1,0,68.42,4.5,0,0
tx_live_00000146,cust_004607,288.73,6,fuel,CA,1,629,881,1,10,99.2,1,0,59.27,4.872,0,0
tx_live_00000147,cust_000407,35.74,19,restaurants,CA,1,254,735,1,7,90.64,0,1,53.29,0.671,1,0
tx_live_00000148,cust_006443,168.4,17,groceries,US,0,238,980,0,9,8.83,0,1,53.32,3.159,0,0
tx_live_00000149,cust_001157,22.75,15,fuel,US,0,572,827,1,7,41.38,0,0,17.39,1.309,0,0
tx_live_00000150,cust_000583,16.5,21,electronics,US,0,168,824,4,8,28.98,1,0,48.11,0.343,0,0
tx_live_00000151,cust_010433,16.65,6,online_retail,US,0,518,2508,1,8,58.29,1,0,68.34,0.244,0,0
tx_live_00000152,cust_010420,22.1,19,groceries,US,0,309,507,1,14,51.71,1,0,115.72,0.191,0,0
tx_live_00000153,cust_004021,21.28,12,groceries,US,0,302,531,0,8,10.78,1,1,146.67,0.145,0,0
tx_live_00000154,cust_006368,58.96,17,restaurants,US,0,178,699,1,6,35.49,1,1,58.35,1.01,0,0
tx_live_00000155,cust_009430,370.23,1,fuel,US,0,145,1194,0,10,27.35,0,0,83.24,4.448,0,0
tx_live_00000156,cust_001218,51.03,3,fuel,DE,1,65,944,2,8,72.33,0,0,53.13,0.96,0,0
tx_live_00000157,cust_005246,28.26,19,restaurants,CA,1,327,1635,0,4,43.76,1,0,49.76,0.568,0,0
tx_live_00000158,cust_002110,128.95,7,restaurants,US,0,975,814,1,8,24.04,0,0,90.5,1.425,0,0
tx_live_00000159,cust_009956,51.26,17,electronics,CA,1,646,835,1,8,59.2,0,0,72.98,0.702,0,0
tx_live_00000160,cust_007697,71.74,21,luxury,US,0,342,2747,2,9,16.7,1,0,14.0,5.123,0,0
tx_live_00000161,cust_004152,97.03,14,electronics,US,0,299,1031,2,11,22.0,0,0,38.13,2.545,1,0
tx_live_00000162,cust_004742,101.01,13,online_retail,MX,1,242,994,3,11,50.77,1,0,56.59,1.785,0,0
tx_live_00000163,cust_000405,33.07,14,fuel,US,0,965,647,2,9,37.77,1,0,16.0,2.067,0,0
tx_live_00000164,cust_010839,51.17,3,electronics,US,0,230,711,1,5,65.84,1,1,58.51,0.875,0,0
tx_live_00000165,cust_001489,165.38,7,online_retail,US,0,482,984,1,3,15.32,1,0,53.47,3.093,0,0
tx_live_00000166,cust_011983,44.98,17,groceries,US,0,427,1186,2,10,29.3,1,0,41.28,1.09,0,0
tx_live_00000167,cust_005549,51.43,23,fuel,FR,1,571,845,0,11,10.3,1,1,47.48,1.083,0,0
tx_live_00000168,cust_005865,1729.33,19,fuel,US,0,344,900,1,7,16.24,1,0,14.38,6.0,0,0
tx_live_00000169,cust_004026,99.42,23,electronics,US,0,333,1430,2,11,28.0,1,0,20.43,4.866,0,0
tx_live_00000170,cust_004126,47.66,14,restaurants,CA,1,482,2194,3,8,68.84,1,0,79.06,0.603,0,0
tx_live_00000171,cust_005855,114.41,0,travel,US,0,124,427,2,5,99.52,1,0,21.85,5.236,0,0
tx_live_00000172,cust_011299,64.92,16,groceries,US,0,497,2043,2,8,10.57,1,1,33.51,1.937,0,0
tx_live_00000173,cust_009679,17.69,16,groceries,FR,1,460,2332,4,10,18.59,0,1,62.52,0.283,0,0
tx_live_00000174,cust_002778,124.79,8,electronics,US,0,357,1054,2,5,48.65,0,0,125.5,0.994,0,0
tx_live_00000175,cust_002145,27.46,16,groceries,DE,1,353,1817,2,8,75.98,1,0,72.42,0.379,0,0
tx_live_00000176,cust_008882,1392.39,16,electronics,US,0,326,1208,2,13,22.36,1,0,34.92,39.872,1,0
tx_live_00000177,cust_009742,87.43,15,groceries,US,0,574,1767,1,9,16.78,1,0,61.45,1.423,0,0
tx_live_00000178,cust_007101,49.48,17,restaurants,US,0,239,1727,1,10,7.14,1,0,22.54,2.195,0,0
tx_live_00000179,cust_001165,153.31,14,electronics,FR,1,166,819,2,7,10.66,1,0,34.86,4.397,0,0
tx_live_00000180,cust_004652,283.23,4,utilities,US,0,370,1559,5,11,77.53,0,2,140.67,2.013,0,1
tx_live_00000181,cust_006876,1048.45,17,fuel,US,0,131,900,1,9,8.1,1,0,34.77,6.0,0,0
tx_live_00000182,cust_005040,89.05,14,restaurants,US,0,282,698,3,8,10.39,1,1,38.82,2.294,0,0
tx_live_00000183,cust_005291,191.74,4,groceries,US,0,183,1073,0,8,3.78,0,1,82.98,2.311,0,0
tx_live_00000184,cust_008249,133.12,15,groceries,DE,1,223,317,2,8,10.42,1,0,50.2,2.652,0,0
tx_live_00000185,cust_009512,72.16,3,restaurants,US,0,343,1153,2,8,29.72,1,0,10.17,7.096,1,0
tx_live_00000186,cust_002073,14.56,3,restaurants,US,0,295,1061,2,11,119.29,0,0,26.79,0.544,0,0
tx_live_00000187,cust_009054,67.53,0,restaurants,US,0,516,2216,4,11,40.17,0,0,72.53,0.931,1,0
tx_live_00000188,cust_005115,5.07,21,groceries,US,0,404,806,0,8,293.01,1,0,169.64,0.05,0,0
tx_live_00000189,cust_006916,27.23,17,groceries,CA,1,353,1481,0,7,64.49,1,0,42.9,0.635,0,0
tx_live_00000190,cust_008725,1441.04,17,online_retail,US,0,427,938,0,5,11.92,1,0,369.85,3.896,0,0
tx_live_00000191,cust_000498,78.97,15,online_retail,US,0,648,258,0,3,44.75,1,0,133.36,0.592,0,0
tx_live_00000192,cust_001234,63.26,17,groceries,US,0,466,1472,2,12,153.2,1,0,36.55,1.731,1,0
tx_live_00000193,cust_011302,27.6,11,fuel,US,0,263,1899,0,8,32.9,0,1,69.35,0.398,0,0
tx_live_00000194,cust_000932,28.1,19,fuel,US,0,292,1168,2,6,32.06,1,0,24.22,1.16,1,0
tx_live_00000195,cust_003982,33.3,15,online_retail,MX,1,539,391,2,11,52.13,0,0,70.55,0.472,0,0
tx_live_00000196,cust_000551,16.43,11,groceries,GB,1,102,1374,0,9,58.47,1,0,36.84,0.446,1,0
tx_live_00000197,cust_008414,6.81,5,online_retail,US,0,522,1235,0,7,68.17,0,0,45.5,0.15,0,0
tx_live_00000198,cust_006945,184.87,1,travel,US,0,186,2241,0,4,13.61,0,0,13.16,14.045,0,0
tx_live_00000199,cust_011360,344.43,9,utilities,DE,1,403,964,0,8,54.63,0,0,29.53,11.664,0,1
tx_live_00000200,cust_000232,34.83,2,groceries,GB,1,549,1077,2,14,18.98,0,1,35.86,0.971,0,0
tx_live_00000201,cust_006230,141.87,23,groceries,JP,1,189,898,0,7,126.37,0,2,22.84,6.213,0,1
tx_live_00000202,cust_003857,19.21,3,restaurants,US,0,227,1961,1,10,112.04,1,0,12.68,1.515,1,0
tx_live_00000203,cust_005050,93.44,20,online_retail,US,0,177,1008,3,6,130.76,1,0,316.59,0.295,0,0
tx_live_00000204,cust_010826,16.47,0,electronics,US,0,120,622,1,5,38.7,0,0,91.82,0.179,0,0
tx_live_00000205,cust_011160,163.44,23,fuel,US,0,399,952,3,9,30.81,1,0,47.78,3.421,1,0
tx_live_00000206,cust_005994,69.37,12,restaurants,US,0,236,1966,2,12,55.12,1,0,43.1,1.61,0,0
tx_live_00000207,cust_005391,18.37,4,fuel,US,0,169,637,3,17,66.77,0,0,25.28,0.727,0,0
tx_live_00000208,cust_001833,113.79,15,restaurants,US,0,567,889,1,9,94.65,0,0,48.59,2.342,0,0
tx_live_00000209,cust_011456,342.59,13,groceries,US,0,333,1016,4,10,80.05,1,0,30.02,11.412,0,0
tx_live_00000210,cust_011188,66.1,4,groceries,US,0,744,2246,1,5,168.57,0,0,40.85,1.618,0,0
tx_live_00000211,cust_006537,63.08,7,groceries,GB,1,152,1676,0,2,54.37,1,0,45.57,1.384,0,0
tx_live_00000212,cust_006540,66.42,0,online_retail,US,0,52,407,1,10,29.06,1,0,17.75,3.743,1,0
tx_live_00000213,cust_007014,74.47,11,fuel,CA,1,74,768,2,7,44.86,1,0,23.37,3.187,0,0
tx_live_00000214,cust_006450,229.31,19,groceries,US,0,249,2020,3,9,22.65,1,0,25.74,8.908,0,0
tx_live_00000215,cust_000308,238.95,2,groceries,US,0,138,1291,2,9,77.84,1,0,32.76,7.294,0,0
tx_live_00000216,cust_005348,7.97,11,utilities,US,0,531,1295,0,10,5.99,1,0,42.81,0.186,0,0
tx_live_00000217,cust_004203,219.91,6,fuel,US,0,449,976,2,14,27.83,1,1,57.89,3.799,0,0
tx_live_00000218,cust_004821,53.58,21,travel,BR,1,532,1643,1,4,84.93,1,0,61.06,0.878,0,0
tx_live_00000219,cust_005506,347.87,4,utilities,US,0,385,1440,4,11,115.31,1,0,53.96,6.447,0,0
tx_live_00000220,cust_008945,1285.62,17,luxury,US,0,349,1191,2,7,22.5,1,0,13.44,6.0,0,0
tx_live_00000221,cust_006231,172.02,7,fuel,FR,1,105,1239,0,10,19.07,1,0,22.26,7.727,1,0
tx_live_00000222,cust_009727,39.25,20,electronics,US,0,215,2527,2,7,63.2,1,0,52.55,0.747,0,0
tx_live_00000223,cust_006556,17.19,5,electronics,US,0,523,1029,0,6,57.08,1,0,99.63,0.173,0,0
tx_live_00000224,cust_005618,83.47,5,groceries,US,0,363,1196,1,8,87.55,1,0,49.26,1.694,0,0
tx_live_00000225,cust_003007,172.29,13,electronics,US,0,414,1013,2,12,90.51,1,0,15.08,11.429,0,0
tx_live_00000226,cust_002014,137.11,4,restaurants,US,0,407,1331,0,6,181.62,1,0,27.44,4.997,1,0
tx_live_00000227,cust_002765,143.67,9,electronics,US,0,486,2034,2,5,47.07,0,0,12.06,11.914,0,0
tx_live_00000228,cust_002777,1887.97,9,groceries,US,0,237,900,2,8,42.58,1,0,36.08,6.0,0,0
tx_live_00000229,cust_011669,134.72,19,fuel,US,0,374,1369,2,4,89.02,0,0,99.81,1.35,0,0
tx_live_00000230,cust_002767,28.71,0,travel,US,0,199,2462,1,10,122.89,0,0,41.67,0.689,0,0
tx_live_00000231,cust_001195,56.8,18,restaurants,US,0,112,1077,2,12,65.4,1,0,74.82,0.759,0,0
tx_live_00000232,cust_003527,13.79,20,groceries,CA,1,268,1027,2,9,57.36,1,0,31.06,0.444,0,0
tx_live_00000233,cust_010802,62.07,1,electronics,US,0,690,1520,1,4,166.19,1,0,21.17,2.932,0,0
tx_live_00000234,cust_007652,1423.35,19,electronics,US,0,211,1044,1,4,32.35,1,0,63.4,6.0,0,0
tx_live_00000235,cust_010837,69.11,10,restaurants,US,0,149,532,0,6,35.62,1,0,55.41,1.247,0,0
tx_live_00000236,cust_004708,1448.09,19,online_retail,US,0,322,1460,1,6,6.13,1,0,10.71,6.0,0,0
tx_live_00000237,cust_008540,69.79,19,restaurants,JP,1,21,1285,0,9,23.42,1,1,12.64,5.52,0,0
tx_live_00000238,cust_004477,1101.12,13,restaurants,US,0,314,900,0,4,27.41,1,0,70.61,6.0,0,0
tx_live_00000239,cust_002518,258.47,8,online_retail,JP,1,290,1120,1,5,34.08,1,1,74.56,3.467,0,0
tx_live_00000240,cust_010997,76.35,0,online_retail,BR,1,646,2020,1,7,204.37,1,1,12.61,6.056,0,1
tx_live_00000241,cust_006882,142.59,7,utilities,US,0,346,843,0,9,65.99,0,0,74.02,1.926,0,0
tx_live_00000242,cust_007955,29.64,4,electronics,US,0,341,498,1,10,159.41,1,0,392.57,0.076,0,0
tx_live_00000243,cust_011820,149.99,22,fuel,US,0,87,1955,1,7,54.55,0,1,105.33,1.424,0,0
tx_live_00000244,cust_007214,304.27,23,electronics,FR,1,581,1142,4,15,128.67,1,1,20.73,14.679,0,1
tx_live_00000245,cust_007323,12.96,8,fuel,US,0,7,1215,0,6,26.47,1,0,122.8,0.106,0,0
tx_live_00000246,cust_006129,224.37,12,luxury,US,0,94,1007,2,7,77.75,0,0,96.32,2.329,1,0
tx_live_00000247,cust_006832,25.66,14,online_retail,US,0,381,897,1,5,70.14,1,0,22.33,1.149,0,0
tx_live_00000248,cust_000994,30.29,14,fuel,US,0,369,644,2,7,101.59,1,0,55.76,0.543,0,0
tx_live_00000249,cust_006552,65.59,20,online_retail,US,0,515,330,0,7,88.29,1,1,47.44,1.383,0,0
tx_live_00000250,cust_008892,529.67,13,electronics,US,0,256,1285,1,7,40.19,1,0,28.6,18.517,0,0
tx_live_00000251,cust_005809,10.7,1,luxury,US,0,64,595,0,5,22.09,0,2,32.84,0.326,0,0
tx_live_00000252,cust_007131,34.52,7,travel,US,0,119,983,2,11,24.38,1,0,166.79,0.207,0,0
tx_live_00000253,cust_005792,68.28,13,restaurants,US,0,579,2093,1,7,115.25,0,0,16.8,4.064,0,0
tx_live_00000254,cust_003702,125.81,10,electronics,US,0,665,1236,2,7,49.32,1,0,58.87,2.137,0,0
tx_live_00000255,cust_008242,1719.43,17,electronics,US,0,120,900,1,4,20.27,1,0,44.97,6.0,0,0
tx_live_00000256,cust_009047,100.71,2,fuel,US,0,501,1442,2,11,16.73,0,1,38.39,2.624,0,0
tx_live_00000257,cust_002263,23.2,0,fuel,US,0,633,1941,3,8,26.58,0,1,264.04,0.088,0,0
tx_live_00000258,cust_007758,142.11,18,groceries,FR,1,133,1416,1,9,23.06,1,0,33.59,4.231,1,0
tx_live_00000259,cust_005852,188.52,11,electronics,JP,1,209,1139,5,20,19.55,1,0,56.39,3.343,0,1
tx_live_00000260,cust_004042,21.69,2,fuel,US,0,445,1238,0,12,26.24,1,0,29.11,0.745,0,0
tx_live_00000261,cust_006278,29.72,15,restaurants,CA,1,271,1550,0,8,31.78,1,0,48.04,0.619,0,0
tx_live_00000262,cust_010416,97.57,9,travel,US,0,447,840,0,4,67.19,0,1,50.87,1.918,0,0
tx_live_00000263,cust_000859,91.55,19,online_retail,GB,1,308,1001,1,10,60.35,1,0,51.32,1.784,1,0
tx_live_00000264,cust_009148,111.51,23,groceries,US,0,279,1204,0,6,28.88,1,0,60.25,1.851,0,0
tx_live_00000265,cust_005155,19.24,6,restaurants,US,0,181,1868,2,9,92.61,1,0,138.32,0.139,0,0
tx_live_00000266,cust_001434,44.22,12,groceries,US,0,381,1422,2,7,15.65,1,0,61.24,0.722,0,0
tx_live_00000267,cust_011661,40.1,23,electronics,DE,1,139,1483,1,11,34.88,1,0,89.39,0.449,1,0
tx_live_00000268,cust_010135,256.79,22,restaurants,US,0,297,268,0,5,35.86,1,0,90.73,2.83,0,0
tx_live_00000269,cust_000861,59.75,13,fuel,CA,1,419,1401,1,5,20.26,1,0,131.82,0.453,0,0
tx_live_00000270,cust_005787,39.56,8,online_retail,US,0,263,476,2,8,65.28,1,0,31.02,1.275,0,0
tx_live_00000271,cust_004520,26.4,21,utilities,US,0,345,884,1,7,52.31,1,0,9.21,2.868,0,0
tx_live_00000272,cust_011545,65.76,2,fuel,US,0,578,609,6,17,19.16,1,0,50.44,1.304,1,1
tx_live_00000273,cust_005508,218.25,4,online_retail,BR,1,74,1720,0,6,23.02,0,0,14.36,15.194,1,1
tx_live_00000274,cust_009645,13.78,18,groceries,US,0,156,707,0,8,99.88,0,0,117.56,0.117,0,0
tx_live_00000275,cust_011213,73.83,19,restaurants,GB,1,313,1281,1,3,13.36,1,1,5.84,12.632,0,0
tx_live_00000276,cust_008637,109.79,13,groceries,US,0,239,821,0,10,80.05,0,0,21.94,5.003,0,0
tx_live_00000277,cust_001191,487.97,4,groceries,US,0,648,982,1,5,80.59,0,0,20.95,23.289,0,0
tx_live_00000278,cust_002899,130.54,1,travel,DE,1,395,494,2,7,98.57,1,0,14.95,8.73,0,1
tx_live_00000279,cust_001460,257.25,9,groceries,US,0,410,1236,1,9,38.62,1,1,103.42,2.487,0,0
tx_live_00000280,cust_011930,68.78,7,restaurants,US,0,687,970,1,10,27.13,1,0,30.3,2.27,1,0
tx_live_00000281,cust_005920,16.2,12,restaurants,US,0,257,1212,0,9,13.43,0,0,80.0,0.202,0,0
tx_live_00000282,cust_006311,15.68,4,electronics,US,0,226,194,1,11,25.74,1,0,31.73,0.494,0,0
tx_live_00000283,cust_006139,31.84,0,groceries,CA,1,366,663,1,5,58.76,1,1,24.09,1.322,0,0
tx_live_00000284,cust_001629,75.34,17,electronics,US,0,465,964,1,10,26.47,1,0,32.15,2.343,0,0
tx_live_00000285,cust_002561,1423.34,9,groceries,US,0,171,1004,2,7,14.63,1,0,14.22,6.0,0,0
tx_live_00000286,cust_006585,41.02,12,electronics,US,0,178,1060,1,4,11.42,1,0,126.16,0.325,0,0
tx_live_00000287,cust_000479,407.22,16,electronics,US,0,249,915,5,11,87.67,1,0,27.02,15.071,0,1
tx_live_00000288,cust_000760,5.87,8,restaurants,US,0,205,654,2,11,74.3,0,0,41.71,0.141,0,0
tx_live_00000289,cust_009005,22.79,20,travel,MX,1,140,859,3,13,125.62,1,1,172.0,0.133,0,0
tx_live_00000290,cust_007846,733.49,10,online_retail,US,0,645,424,2,7,14.46,1,0,34.06,21.537,0,0
tx_live_00000291,cust_011394,89.61,17,restaurants,US,0,664,1345,1,5,98.58,1,0,44.59,2.01,1,0
tx_live_00000292,cust_002300,33.37,21,travel,US,0,253,363,2,6,88.91,1,0,95.67,0.349,1,0
tx_live_00000293,cust_008182,21.14,0,fuel,GB,1,195,737,0,7,16.56,1,0,52.38,0.404,0,0
tx_live_00000294,cust_004973,147.89,20,groceries,US,0,197,1352,0,6,20.83,1,0,154.2,0.959,0,0
tx_live_00000295,cust_011157,132.87,16,restaurants,US,0,623,529,0,4,72.6,1,0,115.65,1.149,0,0
tx_live_00000296,cust_011826,148.69,1,travel,US,0,424,498,1,7,39.25,1,1,62.03,2.397,0,0
tx_live_00000297,cust_003313,17.75,17,restaurants,FR,1,507,1133,2,8,66.06,1,0,97.29,0.182,0,0
tx_live_00000298,cust_005048,75.18,6,restaurants,US,0,518,827,0,7,11.73,1,0,33.0,2.278,0,0
tx_live_00000299,cust_003441,52.53,6,fuel,US,0,124,1240,0,8,110.54,1,1,46.72,1.124,0,0
tx_live_00000300,cust_006526,102.58,6,groceries,CA,1,266,494,1,8,117.54,1,1,91.2,1.125,0,0
tx_live_00000301,cust_002249,12.84,21,travel,US,0,267,1614,3,14,27.25,0,1,31.82,0.403,0,0
tx_live_00000302,cust_003145,119.53,3,online_retail,US,0,506,1137,1,4,76.24,1,0,47.94,2.493,0,0
tx_live_00000303,cust_007557,308.88,10,utilities,US,0,421,732,2,10,49.08,0,0,110.11,2.805,0,0
tx_live_00000304,cust_002981,16.47,22,fuel,GB,1,739,1404,1,10,45.87,0,0,203.62,0.081,0,0
tx_live_00000305,cust_001739,158.8,13,luxury,US,0,457,1057,0,5,4.01,0,0,53.08,2.991,0,0
tx_live_00000306,cust_001305,356.09,22,restaurants,US,0,198,701,0,6,2.01,1,0,24.56,14.5,0,0
tx_live_00000307,cust_004506,160.97,21,electronics,US,0,170,819,2,8,4.45,0,0,91.84,1.753,0,0
tx_live_00000308,cust_011513,62.74,19,online_retail,US,0,261,1478,0,8,67.14,0,0,26.01,2.413,0,0
tx_live_00000309,cust_003689,2789.22,16,fuel,US,0,188,900,0,2,22.44,1,0,22.42,6.0,0,0
tx_live_00000310,cust_001334,38.61,18,restaurants,BR,1,803,641,1,9,6.0,0,0,47.46,0.814,0,0
tx_live_00000311,cust_001813,82.52,13,restaurants,US,0,403,1610,2,9,15.93,1,0,38.28,2.156,1,0
tx_live_00000312,cust_002958,23.09,17,fuel,US,0,294,1474,1,12,44.91,1,1,172.81,0.134,0,0
tx_live_00000313,cust_004319,69.86,16,fuel,BR,1,419,2191,2,8,27.59,0,0,33.28,2.099,0,0
tx_live_00000314,cust_005766,28.27,13,utilities,US,0,249,1313,6,15,18.74,1,0,24.26,1.165,0,0
tx_live_00000315,cust_002152,15.26,8,restaurants,CA,1,290,481,3,12,134.45,0,0,87.81,0.174,0,0
tx_live_00000316,cust_000579,301.84,3,groceries,CA,1,214,1312,1,9,84.76,1,0,25.12,12.018,0,0
tx_live_00000317,cust_006631,10.16,6,groceries,US,0,168,1788,1,5,38.2,0,0,39.86,0.255,0,0
tx_live_00000318,cust_003049,403.79,5,electronics,US,0,121,1540,0,11,44.42,1,0,40.99,9.85,0,0
tx_live_00000319,cust_009030,7.31,6,fuel,US,0,278,1981,1,15,56.16,1,0,10.98,0.666,0,0
tx_live_00000320,cust_006436,171.15,21,restaurants,US,0,139,811,2,7,43.87,1,0,48.08,3.56,0,0
tx_live_00000321,cust_010623,80.3,1,restaurants,US,0,940,732,1,5,22.48,1,0,42.88,1.873,0,0
tx_live_00000322,cust_003782,12.91,7,online_retail,US,0,90,1370,0,9,81.24,0,0,35.12,0.368,0,0
tx_live_00000323,cust_010241,39.73,11,luxury,MX,1,515,2866,0,4,7.86,1,0,36.69,1.083,0,0
tx_live_00000324,cust_005512,23.65,19,luxury,US,0,109,2140,1,4,34.13,0,0,32.0,0.739,0,0
tx_live_00000325,cust_000101,25.31,17,online_retail,CA,1,365,1568,2,13,66.55,0,1,39.26,0.645,0,0
tx_live_00000326,cust_003160,162.21,11,travel,US,0,123,949,1,5,68.78,1,0,56.62,2.865,0,0
tx_live_00000327,cust_007973,20.18,5,electronics,US,0,134,1736,0,6,47.32,1,0,44.13,0.457,0,0
tx_live_00000328,cust_004571,9.46,0,travel,US,0,351,581,3,8,122.78,1,1,132.08,0.072,0,0
tx_live_00000329,cust_006840,205.66,22,restaurants,US,0,192,792,1,6,84.72,1,1,73.18,2.81,0,0
tx_live_00000330,cust_000385,98.63,14,restaurants,US,0,280,1447,3,10,20.6,0,0,111.0,0.889,0,0
tx_live_00000331,cust_005212,66.6,14,online_retail,US,0,257,202,2,11,31.5,0,0,52.89,1.259,0,0
tx_live_00000332,cust_011997,49.87,1,utilities,US,0,629,433,3,6,71.21,0,1,11.41,4.369,0,1
tx_live_00000333,cust_010616,1820.0,14,groceries,US,0,261,1693,1,2,35.1,1,0,54.38,6.0,0,0
tx_live_00000334,cust_009967,96.9,7,restaurants,US,0,415,884,4,12,26.23,1,1,86.63,1.119,1,0
tx_live_00000335,cust_001548,59.21,6,fuel,US,0,119,1621,2,13,43.93,1,0,45.53,1.301,0,0
tx_live_00000336,cust_006992,36.54,2,electronics,CA,1,516,1517,1,10,26.85,1,0,129.25,0.283,0,0
tx_live_00000337,cust_003143,198.35,5,electronics,US,0,271,1166,1,5,28.62,0,0,20.17,9.834,0,0
tx_live_00000338,cust_011493,290.82,22,restaurants,US,0,119,748,3,6,50.4,1,0,33.75,8.618,0,0
tx_live_00000339,cust_005204,107.23,9,groceries,US,0,241,1524,0,11,23.83,0,0,29.62,3.62,0,0
tx_live_00000340,cust_003675,1388.27,14,electronics,US,0,711,1174,0,5,78.26,0,3,52.09,26.651,0,1
tx_live_00000341,cust_001374,83.87,18,electronics,BR,1,530,1219,2,5,93.76,0,1,38.23,2.194,1,0
tx_live_00000342,cust_008385,80.5,11,restaurants,US,0,422,937,0,5,15.14,0,0,76.45,1.053,0,0
tx_live_00000343,cust_006982,311.58,18,groceries,US,0,104,472,0,7,120.76,1,0,42.64,7.306,0,0
tx_live_00000344,cust_002263,1838.87,20,travel,US,0,370,1150,2,7,11.64,1,0,46.71,6.0,0,0
tx_live_00000345,cust_002283,87.03,12,fuel,US,0,83,1278,0,3,82.58,1,0,13.96,6.233,0,0
tx_live_00000346,cust_004474,46.46,13,fuel,DE,1,465,441,2,5,47.57,0,0,90.25,0.515,0,0
tx_live_00000347,cust_002052,108.59,6,groceries,CA,1,712,884,1,15,125.54,1,0,136.03,0.798,0,0
tx_live_00000348,cust_004802,12.1,5,restaurants,CA,1,154,1440,4,12,14.12,0,0,49.25,0.246,1,0
tx_live_00000349,cust_007461,31.82,19,travel,US,0,189,2153,0,3,113.17,0,1,31.18,1.021,0,0
tx_live_00000350,cust_011186,22.28,13,groceries,GB,1,265,1552,0,6,9.49,1,0,29.5,0.755,0,0
tx_live_00000351,cust_011267,7.25,16,restaurants,US,0,56,556,0,6,69.05,0,0,89.79,0.081,0,0
tx_live_00000352,cust_002554,201.96,21,groceries,US,0,690,3108,0,8,69.48,0,0,73.57,2.745,0,0
tx_live_00000353,cust_004589,47.66,7,online_retail,US,0,332,945,2,7,35.33,1,0,58.71,0.812,0,0
tx_live_00000354,cust_010457,27.27,18,fuel,US,0,361,542,3,11,36.5,1,0,12.26,2.225,0,0
tx_live_00000355,cust_000408,98.04,14,electronics,US,0,184,1348,0,4,227.53,0,0,29.04,3.376,0,0
tx_live_00000356,cust_007749,18.84,20,electronics,US,0,396,1063,1,6,25.46,1,0,21.97,0.857,0,0
tx_live_00000357,cust_007036,166.01,9,restaurants,US,0,415,697,3,11,63.19,0,0,106.63,1.557,0,0
tx_live_00000358,cust_006906,278.75,14,restaurants,US,0,155,1633,1,11,41.93,1,0,282.48,0.987,0,0
tx_live_00000359,cust_010354,15.6,12,fuel,US,0,110,2694,2,5,11.72,1,0,66.21,0.236,0,0
tx_live_00000360,cust_000743,222.94,12,luxury,US,0,559,1422,1,9,8.16,0,0,16.05,13.889,0,0
tx_live_00000361,cust_001976,82.16,4,online_retail,US,0,183,1003,1,8,11.71,1,0,28.91,2.842,0,0
tx_live_00000362,cust_000772,211.2,5,groceries,US,0,564,898,2,7,66.16,1,0,30.03,7.034,0,0
tx_live_00000363,cust_009851,81.68,16,fuel,DE,1,604,1719,1,6,61.33,0,0,28.12,2.905,0,0
tx_live_00000364,cust_005575,28.31,8,electronics,DE,1,296,452,0,7,22.0,0,0,131.47,0.215,1,0
tx_live_00000365,cust_011568,13.21,12,fuel,US,0,207,1419,1,3,14.64,0,0,26.83,0.492,0,0
tx_live_00000366,cust_007047,21.59,18,groceries,JP,1,239,980,2,12,33.57,1,1,168.31,0.128,0,0
tx_live_00000367,cust_002024,716.72,15,online_retail,US,0,309,1007,0,4,20.62,1,0,61.5,6.0,0,0
tx_live_00000368,cust_004430,194.92,16,luxury,US,0,418,1632,1,10,6.31,1,0,12.19,15.995,0,0
tx_live_00000369,cust_000584,127.42,1,luxury,US,0,331,1094,1,15,177.49,1,1,20.86,6.11,0,1
tx_live_00000370,cust_011115,90.86,5,groceries,US,0,119,1338,2,4,7.24,0,0,42.18,2.154,0,0
tx_live_00000371,cust_001972,296.6,21,fuel,US,0,263,1282,1,8,54.65,1,0,108.38,2.737,0,0
tx_live_00000372,cust_000738,10.31,3,electronics,US,0,294,1781,2,8,92.06,0,0,111.7,0.092,0,0
tx_live_00000373,cust_000042,20.29,7,groceries,US,0,266,566,2,10,4.69,1,0,29.15,0.696,0,0
tx_live_00000374,cust_010697,20.93,8,groceries,GB,1,362,593,0,5,45.25,1,0,31.67,0.661,0,0
tx_live_00000375,cust_010646,71.65,7,travel,US,0,195,829,0,6,37.48,0,0,33.2,2.158,0,0
tx_live_00000376,cust_009058,12.34,14,electronics,US,0,274,1330,3,4,40.65,1,0,50.47,0.245,0,0
tx_live_00000377,cust_001561,36.98,18,online_retail,US,0,309,1857,1,11,54.05,0,0,75.56,0.489,0,0
tx_live_00000378,cust_004398,268.03,10,electronics,US,0,398,1098,2,5,20.08,1,1,76.27,3.514,0,0
tx_live_00000379,cust_003509,184.64,21,restaurants,MX,1,135,575,0,7,10.65,0,1,38.23,4.83,0,1
tx_live_00000380,cust_006954,322.48,14,groceries,JP,1,140,701,0,7,39.1,1,0,64.35,5.011,0,0
tx_live_00000381,cust_008628,37.73,17,online_retail,US,0,536,1654,2,11,20.14,1,0,28.89,1.306,1,0
tx_live_00000382,cust_003386,23.58,4,fuel,CA,1,50,1015,2,7,64.23,0,0,13.03,1.809,0,0
tx_live_00000383,cust_004247,88.24,13,groceries,US,0,229,620,2,7,31.57,1,0,62.11,1.421,0,0
tx_live_00000384,cust_001164,26.31,11,electronics,CA,1,296,1906,1,6,91.19,1,0,30.68,0.858,0,0
tx_live_00000385,cust_011137,61.37,1,fuel,US,0,414,933,1,5,28.91,0,1,15.31,4.01,0,0
tx_live_00000386,cust_004644,58.61,20,restaurants,CA,1,520,1938,1,9,8.94,1,0,22.05,2.659,0,0
tx_live_00000387,cust_007319,115.72,4,travel,US,0,171,850,0,7,60.97,0,0,100.78,1.148,0,0
tx_live_00000388,cust_002860,289.71,7,electronics,CA,1,173,2204,1,2,125.31,1,0,33.11,8.75,0,1
tx_live_00000389,cust_003289,275.14,23,fuel,CA,1,103,925,2,11,18.35,1,0,8.63,31.874,0,0
tx_live_00000390,cust_006897,174.33,19,fuel,US,0,762,1630,2,5,80.33,0,1,52.7,3.308,0,0
tx_live_00000391,cust_005677,54.8,21,restaurants,US,0,246,1110,2,9,47.85,0,0,13.35,4.105,1,0
tx_live_00000392,cust_008140,2363.76,13,online_retail,US,0,152,900,2,5,5.57,1,0,14.58,6.0,0,0
tx_live_00000393,cust_004924,45.96,3,fuel,US,0,456,693,3,5,57.99,1,0,157.47,0.292,0,0
tx_live_00000394,cust_009114,26.79,14,groceries,CA,1,255,994,1,7,19.49,1,0,91.69,0.292,0,0
tx_live_00000395,cust_010339,14.43,11,restaurants,US,0,180,438,1,5,22.95,1,0,66.71,0.216,0,0
tx_live_00000396,cust_007346,37.79,14,groceries,DE,1,366,916,1,4,89.44,0,0,63.49,0.595,1,0
tx_live_00000397,cust_003094,112.65,1,fuel,US,0,429,1908,1,10,21.66,1,0,33.06,3.408,0,0
tx_live_00000398,cust_004348,135.86,11,travel,GB,1,284,1231,4,14,43.87,0,0,19.07,7.123,0,1
tx_live_00000399,cust_004982,70.83,8,fuel,US,0,232,907,1,8,97.9,0,0,18.76,3.775,0,0
tx_live_00000400,cust_005558,122.51,11,groceries,US,0,578,899,0,5,44.26,1,1,38.22,3.205,0,0
tx_live_00000401,cust_002539,38.33,7,travel,US,0,121,2011,0,7,22.04,0,0,96.37,0.398,0,0
tx_live_00000402,cust_000257,368.56,2,restaurants,US,0,161,1208,1,10,30.66,1,0,26.54,13.889,0,0
tx_live_00000403,cust_010871,79.38,17,electronics,US,0,604,339,0,7,111.03,1,0,90.15,0.881,0,0
tx_live_00000404,cust_006276,49.29,19,fuel,US,0,167,1174,1,16,55.58,1,0,9.87,4.992,0,0
tx_live_00000405,cust_008924,133.93,4,online_retail,US,0,635,1126,1,8,57.75,1,0,28.05,4.775,1,0
tx_live_00000406,cust_009817,58.43,12,travel,JP,1,220,528,3,12,110.38,1,0,17.95,3.255,1,0
tx_live_00000407,cust_001192,96.15,11,restaurants,US,0,297,767,0,4,39.39,1,1,36.94,2.603,0,0
tx_live_00000408,cust_006553,308.38,2,restaurants,US,0,658,921,1,3,87.8,1,0,37.74,8.171,0,0
tx_live_00000409,cust_008252,30.26,9,groceries,US,0,331,569,3,7,20.61,1,1,12.1,2.5,0,0
tx_live_00000410,cust_002654,51.89,22,restaurants,CA,1,238,247,2,9,93.57,1,0,50.52,1.027,0,0
tx_live_00000411,cust_008836,57.48,8,electronics,US,0,106,315,3,10,91.46,1,0,39.63,1.45,0,0
tx_live_00000412,cust_003174,72.48,9,electronics,US,0,304,1574,3,11,20.21,0,0,27.27,2.658,0,0
tx_live_00000413,cust_006762,473.22,5,travel,US,0,355,1582,2,10,60.77,1,0,66.69,7.096,0,0
tx_live_00000414,cust_009022,174.42,9,groceries,GB,1,68,1280,1,10,69.83,1,0,20.68,8.435,0,0
tx_live_00000415,cust_004217,262.24,18,electronics,CA,1,263,1630,1,5,75.16,1,0,51.56,5.086,0,0
tx_live_00000416,cust_003176,5.25,0,electronics,US,0,364,1243,4,13,21.31,1,0,23.99,0.219,0,0
tx_live_00000417,cust_002278,116.71,14,fuel,US,0,546,581,2,14,96.33,0,0,72.22,1.616,0,0
tx_live_00000418,cust_009812,766.2,18,groceries,US,0,120,900,0,4,5.35,1,0,13.61,6.0,0,0
tx_live_00000419,cust_002036,122.43,4,online_retail,GB,1,340,993,3,4,73.89,1,0,77.36,1.583,0,0
tx_live_00000420,cust_010240,72.46,21,online_retail,US,0,90,1359,2,6,30.17,1,0,70.64,1.026,0,0
tx_live_00000421,cust_009621,36.32,15,groceries,US,0,577,2067,0,3,63.74,1,1,24.33,1.493,0,0
tx_live_00000422,cust_005685,146.2,13,fuel,US,0,293,2259,0,5,60.69,0,1,44.81,3.262,0,0
tx_live_00000423,cust_009429,58.33,23,electronics,CA,1,337,385,2,14,33.1,1,0,253.49,0.23,0,0
tx_live_00000424,cust_010530,70.72,8,restaurants,US,0,190,1985,1,9,54.01,1,0,84.13,0.841,0,0
tx_live_00000425,cust_010706,38.83,2,luxury,JP,1,449,1020,3,6,5.22,1,0,24.63,1.577,0,0
tx_live_00000426,cust_007191,57.78,21,restaurants,CA,1,80,757,2,8,58.24,1,0,45.66,1.265,0,0
tx_live_00000427,cust_002640,121.2,3,electronics,US,0,401,1302,3,12,147.2,1,0,25.4,4.772,0,0
tx_live_00000428,cust_002602,162.07,0,utilities,US,0,208,1102,2,9,123.5,0,1,41.9,3.868,0,0
tx_live_00000429,cust_010254,68.48,23,electronics,US,0,491,2626,0,8,74.83,1,0,65.64,1.043,0,0
tx_live_00000430,cust_006995,77.25,6,online_retail,US,0,328,706,3,8,54.69,1,0,88.1,0.877,1,0
tx_live_00000431,cust_003916,57.79,10,travel,CA,1,347,463,1,12,37.03,0,0,148.54,0.389,0,0
tx_live_00000432,cust_010369,174.24,3,groceries,US,0,490,926,2,7,7.44,1,0,22.23,7.837,0,0
tx_live_00000433,cust_009744,45.63,23,restaurants,US,0,282,426,1,8,62.68,1,0,107.87,0.423,0,0
tx_live_00000434,cust_004667,986.1,17,restaurants,US,0,516,1202,1,10,14.71,1,0,311.35,3.167,0,0
tx_live_00000435,cust_001165,1061.53,12,groceries,US,0,254,1511,2,10,9.85,1,0,5.88,6.0,0,0
tx_live_00000436,cust_007930,45.83,11,utilities,US,0,524,596,1,8,17.43,1,1,47.04,0.974,1,0
tx_live_00000437,cust_002382,94.96,23,fuel,US,0,566,399,2,10,144.75,1,0,115.09,0.825,0,0
tx_live_00000438,cust_006794,372.18,19,travel,US,0,96,2766,0,9,80.03,1,0,94.38,3.943,0,0
tx_live_00000439,cust_005992,70.12,15,groceries,US,0,130,2223,1,11,88.05,1,0,21.09,3.325,0,0
tx_live_00000440,cust_004268,313.14,6,groceries,US,0,37,593,0,4,22.38,1,1,48.36,6.475,0,0
tx_live_00000441,cust_006837,182.03,5,restaurants,US,0,104,1592,3,16,5.42,1,1,21.39,8.512,0,0
tx_live_00000442,cust_003540,85.65,18,groceries,US,0,572,1269,0,5,39.09,1,0,26.46,3.237,1,0
tx_live_00000443,cust_000056,143.98,13,restaurants,US,0,193,1550,2,7,71.58,1,0,63.36,2.273,0,0
tx_live_00000444,cust_009204,307.85,20,groceries,US,0,216,1245,3,8,46.37,0,0,104.54,2.945,1,0
tx_live_00000445,cust_000512,30.47,11,groceries,US,0,310,1751,1,9,77.73,1,0,60.35,0.505,0,0
tx_live_00000446,cust_011451,146.47,8,groceries,US,0,463,1695,1,4,27.24,1,0,51.75,2.83,0,0
tx_live_00000447,cust_006880,251.87,18,online_retail,US,0,91,938,1,9,87.71,0,0,41.19,6.114,0,0
tx_live_00000448,cust_003319,854.2,15,restaurants,US,0,120,900,0,1,24.69,1,0,44.59,6.0,0,0
tx_live_00000449,cust_008794,1300.36,14,groceries,US,0,382,1060,3,6,15.49,1,0,18.2,6.0,0,0
tx_live_00000450,cust_011878,140.55,17,restaurants,US,0,562,2087,2,8,118.58,1,0,24.79,5.67,0,0
tx_live_00000451,cust_004119,31.92,6,restaurants,CA,1,164,998,3,10,30.99,1,1,39.27,0.813,0,0
tx_live_00000452,cust_003487,114.74,3,fuel,US,0,92,1701,1,11,110.39,1,0,19.76,5.808,0,0
tx_live_00000453,cust_007756,17.26,1,fuel,US,0,151,865,1,8,14.88,1,1,35.44,0.487,0,0
tx_live_00000454,cust_004958,20.93,14,fuel,MX,1,309,1257,6,14,26.93,1,0,43.22,0.484,1,0
tx_live_00000455,cust_008744,15.65,14,luxury,MX,1,726,872,0,11,29.68,0,0,72.68,0.215,0,0
tx_live_00000456,cust_008287,92.53,6,electronics,US,0,276,1501,0,6,7.59,0,1,47.34,1.955,1,0
tx_live_00000457,cust_005289,2006.71,15,electronics,US,0,364,900,1,6,19.08,1,0,64.88,6.0,0,0
tx_live_00000458,cust_007187,32.8,6,groceries,US,0,250,1154,1,4,16.15,0,0,30.3,1.083,0,0
tx_live_00000459,cust_010256,41.2,13,electronics,US,0,296,1209,0,7,104.63,0,1,98.39,0.419,0,0
tx_live_00000460,cust_004700,64.11,18,restaurants,US,0,209,2139,0,10,9.59,1,0,84.08,0.762,0,0
tx_live_00000461,cust_009328,49.73,1,groceries,US,0,193,725,2,10,15.63,1,0,30.09,1.653,0,0
tx_live_00000462,cust_006632,42.0,8,utilities,US,0,421,1896,1,9,16.74,0,0,24.25,1.732,0,0
tx_live_00000463,cust_005880,81.46,20,online_retail,US,0,210,472,2,13,25.57,1,0,45.72,1.782,0,0
tx_live_00000464,cust_004515,26.52,13,electronics,US,0,183,1130,1,11,47.88,0,1,97.22,0.273,0,0
tx_live_00000465,cust_010304,1492.48,13,restaurants,US,0,778,932,1,5,21.02,1,0,28.37,6.0,0,0
tx_live_00000466,cust_007284,222.34,22,utilities,US,0,221,2049,1,4,45.52,1,1,34.53,6.44,0,0
tx_live_00000467,cust_001096,1687.19,11,online_retail,US,0,547,1410,1,8,18.86,1,0,40.73,6.0,0,0
tx_live_00000468,cust_010979,11.19,9,restaurants,US,0,182,1521,3,9,67.92,1,0,20.88,0.536,0,0
tx_live_00000469,cust_005789,329.46,15,fuel,US,0,297,2241,4,9,47.15,1,0,54.83,6.008,0,0
tx_live_00000470,cust_004376,29.23,9,groceries,US,0,342,1324,0,10,165.46,1,1,19.58,1.493,0,0
tx_live_00000471,cust_002417,365.42,22,travel,CA,1,449,1679,2,5,83.8,0,0,73.65,4.962,0,0
tx_live_00000472,cust_006122,76.35,23,electronics,US,0,229,2442,1,7,60.69,1,0,39.03,1.956,0,0
tx_live_00000473,cust_006843,183.15,17,groceries,US,0,177,1764,1,6,30.21,1,1,34.76,5.269,0,0
tx_live_00000474,cust_010168,11.56,8,restaurants,US,0,961,395,1,11,42.39,1,0,36.37,0.318,0,0
tx_live_00000475,cust_010238,31.47,22,groceries,US,0,237,701,1,7,15.69,1,1,24.17,1.302,0,0
tx_live_00000476,cust_010084,35.72,15,restaurants,CA,1,509,2230,1,7,13.7,1,1,68.92,0.518,0,0
tx_live_00000477,cust_007049,38.67,1,luxury,US,0,110,1738,0,9,27.74,1,0,34.3,1.128,0,0
tx_live_00000478,cust_005947,30.87,8,online_retail,US,0,70,593,3,8,69.17,1,1,30.28,1.02,0,0
tx_live_00000479,cust_008009,35.88,3,fuel,CA,1,464,1481,2,10,70.99,1,0,21.26,1.688,0,0
tx_live_00000480,cust_009353,645.16,15,groceries,US,0,151,900,0,2,30.47,1,0,65.26,6.0,0,0
tx_live_00000481,cust_002979,36.48,11,online_retail,US,0,569,1430,0,9,120.2,1,0,145.04,0.252,0,0
tx_live_00000482,cust_009918,58.0,10,restaurants,US,0,425,2540,4,9,88.51,1,0,83.52,0.694,0,0
tx_live_00000483,cust_007804,1653.69,18,electronics,US,0,471,2132,2,5,37.84,1,0,8.5,6.0,0,0
tx_live_00000484,cust_001780,1595.93,13,restaurants,US,0,265,900,1,6,74.36,1,0,113.86,6.0,0,0
tx_live_00000485,cust_001958,52.91,17,restaurants,US,0,233,839,1,6,29.48,0,1,135.38,0.391,0,0
tx_live_00000486,cust_003542,25.31,13,restaurants,US,0,367,1346,1,4,53.35,0,1,36.72,0.689,0,0
tx_live_00000487,cust_007213,60.65,5,restaurants,US,0,312,504,2,4,137.73,1,0,35.82,1.693,0,0
tx_live_00000488,cust_004636,123.1,20,groceries,US,0,440,1815,2,4,18.5,0,1,87.32,1.41,0,0
tx_live_00000489,cust_007917,16.48,21,fuel,US,0,483,1050,0,6,30.62,1,0,77.49,0.213,0,0
tx_live_00000490,cust_011399,45.36,1,fuel,US,0,824,1483,0,14,11.69,0,0,32.6,1.392,1,0
tx_live_00000491,cust_009057,167.72,19,restaurants,FR,1,343,1347,0,4,104.43,0,0,61.75,2.716,1,0
tx_live_00000492,cust_007344,190.47,4,electronics,US,0,912,1267,2,7,44.95,1,0,26.53,7.179,0,0
tx_live_00000493,cust_007062,39.44,17,electronics,US,0,170,598,2,8,21.05,1,0,28.44,1.387,0,0
tx_live_00000494,cust_000931,163.35,19,electronics,CA,1,408,1050,4,10,60.05,1,0,12.43,13.142,0,1
tx_live_00000495,cust_001381,89.86,6,electronics,US,0,542,1142,0,8,63.85,0,1,36.4,2.469,0,0
tx_live_00000496,cust_002271,70.69,4,restaurants,US,0,593,786,2,8,19.52,0,0,225.27,0.314,0,0
tx_live_00000497,cust_002378,1501.27,12,restaurants,US,0,186,1612,1,6,43.94,1,0,77.52,6.0,0,0
tx_live_00000498,cust_006571,87.8,20,utilities,CA,1,1012,823,0,6,19.48,1,0,31.71,2.769,0,0
tx_live_00000499,cust_003380,131.86,8,restaurants,CA,1,205,1031,2,9,32.38,0,0,23.35,5.648,1,0
tx_live_00000500,cust_011565,34.46,22,restaurants,US,0,207,1852,1,4,20.01,0,0,73.23,0.471,0,0
tx_live_00000501,cust_010542,106.82,19,groceries,US,0,341,941,1,9,63.21,1,0,11.17,9.563,0,0
tx_live_00000502,cust_007988,2335.16,18,restaurants,US,0,548,1467,2,7,24.51,1,0,27.62,6.0,0,0
tx_live_00000503,cust_008847,1071.05,12,online_retail,US,0,604,2095,2,5,11.04,1,0,24.28,6.0,0,0
tx_live_00000504,cust_005035,115.6,8,groceries,US,0,561,2109,3,11,10.73,1,1,127.09,0.91,1,0
tx_live_00000505,cust_002924,771.5,9,electronics,US,0,335,904,0,3,6.5,1,0,213.67,3.611,0,0
tx_live_00000506,cust_001689,2837.8,11,electronics,US,0,503,1052,0,4,11.62,1,0,26.73,6.0,0,0
tx_live_00000507,cust_002009,94.53,3,restaurants,FR,1,182,895,4,11,27.97,1,0,22.46,4.208,0,0
tx_live_00000508,cust_011396,135.45,22,restaurants,US,0,140,1749,0,8,113.42,1,0,51.94,2.608,0,0
tx_live_00000509,cust_005378,70.23,4,online_retail,JP,1,382,1217,0,8,24.51,1,0,35.53,1.977,0,0
tx_live_00000510,cust_002063,289.59,7,groceries,US,0,423,786,1,10,25.81,0,0,32.08,9.027,0,0
tx_live_00000511,cust_004475,33.75,22,electronics,MX,1,365,1075,1,9,102.41,1,0,61.81,0.546,0,0
tx_live_00000512,cust_001018,34.9,13,travel,US,0,312,282,0,4,23.32,1,0,44.1,0.791,0,0
tx_live_00000513,cust_009485,167.39,9,utilities,JP,1,289,812,1,6,143.43,1,0,33.26,5.033,0,0
tx_live_00000514,cust_008736,24.6,6,fuel,US,0,246,557,0,2,21.02,1,1,13.19,1.865,0,0
tx_live_00000515,cust_010585,136.03,13,luxury,US,0,283,915,2,6,34.53,1,0,76.03,1.789,0,0
tx_live_00000516,cust_000403,13.44,1,restaurants,US,0,323,831,0,10,42.28,1,0,52.01,0.258,0,0
tx_live_00000517,cust_010542,24.87,12,online_retail,US,0,152,1683,2,11,48.95,1,1,30.68,0.811,0,0
tx_live_00000518,cust_004631,56.15,14,utilities,US,0,637,927,0,10,39.75,1,0,18.64,3.012,0,0
tx_live_00000519,cust_004021,44.58,20,fuel,US,0,281,443,2,11,22.77,1,0,127.69,0.349,0,0
tx_live_00000520,cust_008075,304.97,19,groceries,GB,1,419,820,1,5,37.37,1,0,59.45,5.13,0,0
tx_live_00000521,cust_007100,25.81,9,groceries,US,0,451,545,1,12,46.81,1,0,32.12,0.804,1,0
tx_live_00000522,cust_004468,64.65,23,online_retail,US,0,397,487,1,7,29.41,1,0,35.99,1.796,0,0
tx_live_00000523,cust_008399,78.02,13,fuel,CA,1,64,1482,1,7,41.5,1,0,64.9,1.202,1,0
tx_live_00000524,cust_005126,60.09,2,groceries,US,0,337,1100,4,15,26.33,0,0,44.4,1.353,1,0
tx_live_00000525,cust_003168,206.57,11,fuel,US,0,196,314,1,5,17.48,1,1,21.8,9.476,0,0
tx_live_00000526,cust_002580,37.94,18,online_retail,US,0,495,1387,3,11,7.39,1,0,40.73,0.931,0,0
tx_live_00000527,cust_002988,39.97,11,travel,US,0,180,1487,1,8,82.01,0,1,61.7,0.648,1,0
tx_live_00000528,cust_004156,25.06,8,online_retail,DE,1,385,781,1,9,72.83,1,0,115.85,0.216,0,0
tx_live_00000529,cust_006812,159.88,1,online_retail,US,0,420,3629,2,9,62.66,1,0,98.23,1.628,0,0
tx_live_00000530,cust_003416,86.6,3,groceries,US,0,497,1193,3,8,19.19,1,1,47.25,1.833,0,0
tx_live_00000531,cust_000095,87.92,18,restaurants,US,0,295,899,4,13,55.53,0,0,28.59,3.075,1,0
tx_live_00000532,cust_003915,82.7,7,online_retail,CA,1,421,1034,3,10,38.25,1,0,38.05,2.174,0,0
tx_live_00000533,cust_006411,1941.5,20,electronics,US,0,421,1738,1,2,28.07,1,0,15.06,6.0,0,0
tx_live_00000534,cust_005930,109.76,16,travel,US,0,157,718,1,11,101.27,0,0,13.12,8.363,0,0
tx_live_00000535,cust_003213,91.95,18,groceries,US,0,31,1615,2,6,42.72,1,1,49.22,1.868,0,0
tx_live_00000536,cust_010657,277.23,11,travel,GB,1,140,2343,3,11,81.49,1,0,106.21,2.61,1,0
tx_live_00000537,cust_008316,102.05,10,electronics,JP,1,405,625,2,10,120.61,1,1,27.37,3.728,0,0
tx_live_00000538,cust_003967,30.87,7,luxury,US,0,186,786,1,7,21.81,1,2,39.73,0.777,0,0
tx_live_00000539,cust_011491,785.85,15,electronics,US,0,167,1002,0,7,45.38,1,0,101.06,6.0,0,0
tx_live_00000540,cust_003630,1290.4,10,electronics,US,0,736,900,0,9,13.59,1,0,42.29,6.0,0,0
tx_live_00000541,cust_000901,644.45,9,travel,US,0,120,980,1,4,13.65,1,0,84.59,6.0,0,0
tx_live_00000542,cust_011156,17.54,9,groceries,US,0,274,1072,0,14,60.76,1,0,21.37,0.821,0,0
tx_live_00000543,cust_008077,85.22,9,electronics,GB,1,346,1802,1,4,194.61,1,0,149.93,0.568,0,0
tx_live_00000544,cust_010003,280.82,18,restaurants,US,0,189,1556,1,6,68.94,1,0,67.17,4.18,0,0
tx_live_00000545,cust_007910,72.35,8,groceries,MX,1,163,706,1,1,32.78,0,2,60.79,1.19,1,0
tx_live_00000546,cust_008589,21.21,23,travel,MX,1,408,1276,1,8,81.21,1,0,5.3,4.004,1,1
tx_live_00000547,cust_006723,587.39,23,restaurants,FR,1,231,2008,0,12,18.82,1,0,24.88,23.611,0,0
tx_live_00000548,cust_000729,31.76,6,utilities,CA,1,115,669,3,9,29.39,0,1,46.51,0.683,0,0
tx_live_00000549,cust_007656,152.1,7,fuel,MX,1,365,1190,0,5,3.63,0,0,73.03,2.083,0,0
tx_live_00000550,cust_003128,281.43,10,travel,US,0,393,1318,2,9,26.75,1,1,39.95,7.044,0,0
tx_live_00000551,cust_008608,1473.11,16,fuel,US,0,389,2101,1,6,24.3,1,0,33.88,6.0,0,0
tx_live_00000552,cust_009320,122.71,14,luxury,US,0,180,2854,1,10,78.6,0,0,40.96,2.996,1,0
tx_live_00000553,cust_006761,291.21,18,groceries,JP,1,552,991,1,6,24.2,1,0,44.9,6.486,0,0
tx_live_00000554,cust_004557,19.0,13,electronics,US,0,64,1628,0,8,38.89,1,0,15.58,1.219,0,0
tx_live_00000555,cust_002028,146.99,3,electronics,DE,1,486,1063,2,6,93.04,1,0,22.1,6.65,0,0
tx_live_00000556,cust_007979,217.39,10,fuel,US,0,131,1143,0,4,29.29,0,0,33.79,6.434,0,0
tx_live_00000557,cust_002742,2072.66,11,fuel,US,0,484,900,1,7,40.46,1,0,59.66,6.0,0,0
tx_live_00000558,cust_008040,1049.03,11,electronics,US,0,428,900,2,5,52.81,1,0,45.14,6.0,0,0
tx_live_00000559,cust_006068,105.8,20,fuel,US,0,457,1536,1,4,94.58,1,0,49.3,2.146,0,0
tx_live_00000560,cust_006119,38.33,17,utilities,US,0,257,1398,1,8,14.36,1,0,30.66,1.25,0,0
tx_live_00000561,cust_011593,37.39,15,restaurants,US,0,152,883,2,8,65.29,1,0,23.16,1.614,0,0
tx_live_00000562,cust_011323,26.87,6,restaurants,US,0,329,2421,2,6,73.08,1,1,5.86,4.587,0,0
tx_live_00000563,cust_004901,125.59,17,electronics,US,0,236,1550,1,7,28.9,0,0,60.41,2.079,0,0
tx_live_00000564,cust_006181,82.08,16,luxury,US,0,259,864,1,7,94.73,1,1,15.82,5.188,0,0
tx_live_00000565,cust_002494,207.48,15,travel,US,0,459,1954,1,14,59.29,0,0,46.72,4.441,0,0
tx_live_00000566,cust_004759,6.43,15,electronics,US,0,282,489,0,8,28.6,1,1,16.05,0.401,0,0
tx_live_00000567,cust_008860,28.05,15,restaurants,MX,1,471,1699,3,12,47.54,0,0,32.34,0.867,0,0
tx_live_00000568,cust_010895,93.59,15,fuel,GB,1,413,1401,1,5,32.96,1,0,51.16,1.829,0,0
tx_live_00000569,cust_009128,376.19,3,electronics,MX,1,158,225,2,8,63.1,0,0,7.09,50.0,0,1
tx_live_00000570,cust_005031,33.47,14,travel,US,0,254,850,4,13,71.36,0,0,59.88,0.559,0,0
tx_live_00000571,cust_010495,11.84,9,restaurants,US,0,276,402,0,6,29.3,0,1,105.28,0.112,0,0
tx_live_00000572,cust_002267,38.32,10,groceries,US,0,186,2405,2,9,90.15,1,1,22.27,1.721,0,0
tx_live_00000573,cust_003473,63.43,14,restaurants,US,0,189,2059,5,10,72.94,0,0,88.91,0.713,0,0
tx_live_00000574,cust_002114,153.65,10,online_retail,US,0,127,1446,2,9,115.54,1,0,70.74,2.172,0,0
tx_live_00000575,cust_005778,210.36,21,groceries,US,0,328,1228,5,10,168.42,0,1,18.62,11.298,0,1
tx_live_00000576,cust_008581,139.8,11,electronics,DE,1,204,1194,1,10,65.91,0,1,84.9,1.647,0,0
tx_live_00000577,cust_005074,63.02,7,electronics,US,0,218,1119,3,6,64.99,0,1,19.61,3.213,1,0
tx_live_00000578,cust_000189,547.99,3,restaurants,CA,1,165,1729,2,9,62.38,0,1,114.5,4.786,0,1
tx_live_00000579,cust_011669,35.06,15,restaurants,US,0,64,856,3,8,30.73,1,1,23.69,1.48,0,0
tx_live_00000580,cust_003141,69.42,7,online_retail,US,0,304,1114,1,7,12.03,0,0,23.68,2.932,1,0
tx_live_00000581,cust_010422,124.82,14,travel,US,0,145,959,4,9,38.55,1,0,6.68,18.672,0,0
tx_live_00000582,cust_010486,1063.52,11,groceries,US,0,401,1319,1,7,16.54,1,0,19.85,6.0,0,0
tx_live_00000583,cust_008473,55.64,18,fuel,US,0,259,1490,4,11,46.55,1,0,109.98,0.506,0,0
tx_live_00000584,cust_006455,131.67,19,luxury,US,0,617,1171,0,8,19.6,1,1,51.71,2.546,0,0
tx_live_00000585,cust_003809,28.67,1,groceries,BR,1,298,864,3,9,9.53,0,0,29.42,0.975,0,0
tx_live_00000586,cust_002242,58.23,10,electronics,US,0,331,1522,3,6,46.69,1,0,64.0,0.91,0,0
tx_live_00000587,cust_004580,60.17,1,groceries,US,0,416,1079,1,6,49.31,0,0,34.33,1.753,0,0
tx_live_00000588,cust_000072,659.85,23,travel,US,0,158,1175,1,4,38.59,0,1,64.3,10.263,0,0
tx_live_00000589,cust_000675,158.79,2,restaurants,CA,1,188,1365,0,10,30.74,0,0,39.2,4.051,0,0
tx_live_00000590,cust_007968,1404.5,15,groceries,US,0,353,1051,1,1,13.42,1,0,28.49,6.0,0,0
tx_live_00000591,cust_008133,149.67,22,groceries,MX,1,246,1659,0,7,49.65,1,0,66.69,2.244,0,0
tx_live_00000592,cust_007536,482.55,11,luxury,US,0,181,900,0,6,39.8,1,0,49.76,6.0,0,0
tx_live_00000593,cust_010372,1034.48,20,restaurants,US,0,249,931,0,5,16.38,1,0,29.33,6.0,0,0
tx_live_00000594,cust_003358,14.22,8,fuel,US,0,306,915,2,8,6.45,1,0,59.3,0.24,0,0
tx_live_00000595,cust_011948,147.47,22,groceries,GB,1,194,1277,2,11,135.26,1,0,113.43,1.3,0,0
tx_live_00000596,cust_009111,61.49,10,restaurants,US,0,149,2111,0,2,10.77,0,0,166.81,0.369,0,0
tx_live_00000597,cust_002586,19.54,5,restaurants,US,0,493,2322,2,9,28.57,0,0,49.14,0.398,0,0
tx_live_00000598,cust_001109,2294.06,17,online_retail,US,0,320,1312,0,6,20.38,1,0,23.82,6.0,0,0
tx_live_00000599,cust_004038,166.38,3,restaurants,FR,1,157,899,3,11,15.45,0,0,23.33,7.132,0,1
tx_live_00000600,cust_009477,106.31,3,utilities,US,0,279,1718,2,8,10.47,0,1,66.87,1.59,1,0
tx_live_00000601,cust_006467,86.32,9,utilities,US,0,312,1023,1,4,47.3,1,0,56.17,1.537,1,0
tx_live_00000602,cust_004746,1089.33,16,restaurants,US,0,534,981,1,8,4.25,1,0,288.9,3.771,0,0
tx_live_00000603,cust_007312,853.73,9,online_retail,US,0,195,900,2,9,26.33,1,0,43.01,6.0,0,0
tx_live_00000604,cust_000487,8.65,23,electronics,US,0,185,1488,3,9,156.33,1,1,129.88,0.067,0,0
tx_live_00000605,cust_006012,41.52,6,utilities,US,0,499,586,3,7,5.95,1,1,15.4,2.696,0,0
tx_live_00000606,cust_004245,1199.5,17,restaurants,US,0,120,905,0,6,18.29,1,0,54.81,6.0,0,0
tx_live_00000607,cust_010442,18.63,16,travel,US,0,503,1131,2,10,33.2,1,0,30.09,0.619,0,0
tx_live_00000608,cust_000847,12.63,12,restaurants,CA,1,174,1821,0,7,116.67,1,0,48.96,0.258,0,0
tx_live_00000609,cust_003333,29.07,17,groceries,US,0,425,648,1,8,7.83,1,0,36.48,0.797,0,0
tx_live_00000610,cust_001793,1336.19,12,groceries,US,0,250,1952,3,7,17.57,1,0,31.43,6.0,0,0
tx_live_00000611,cust_006288,881.25,11,luxury,US,0,122,1094,1,8,51.33,1,0,33.61,6.0,0,0
tx_live_00000612,cust_000604,190.36,19,online_retail,US,0,220,919,2,11,30.96,0,1,35.6,5.347,0,0
tx_live_00000613,cust_009812,75.06,11,online_retail,US,0,224,851,1,4,30.07,0,0,270.05,0.278,0,0
tx_live_00000614,cust_001060,25.57,2,groceries,US,0,417,649,3,7,24.26,1,0,39.56,0.646,0,0
tx_live_00000615,cust_010124,176.8,0,groceries,US,0,346,850,0,6,17.68,1,0,62.64,2.822,0,0
tx_live_00000616,cust_009545,41.05,7,groceries,US,0,155,935,2,8,53.73,1,0,76.89,0.534,1,0
tx_live_00000617,cust_008318,137.08,17,groceries,US,0,359,1168,0,4,15.47,1,0,62.77,2.184,0,0
tx_live_00000618,cust_007307,277.9,21,groceries,US,0,572,1111,2,10,36.86,1,0,118.03,2.355,0,0
tx_live_00000619,cust_005689,117.26,21,restaurants,US,0,84,2391,1,13,60.07,1,0,27.97,4.192,0,0
tx_live_00000620,cust_004453,255.11,19,fuel,US,0,187,954,1,4,37.08,1,0,37.95,6.723,0,0
tx_live_00000621,cust_003628,21.9,2,online_retail,US,0,349,1484,2,11,26.62,0,1,72.93,0.3,0,0
tx_live_00000622,cust_002562,47.43,7,electronics,US,0,849,925,1,5,33.01,0,0,68.34,0.694,0,0
tx_live_00000623,cust_003626,86.16,9,fuel,US,0,177,1018,3,11,13.67,0,0,25.81,3.338,0,0
tx_live_00000624,cust_000122,22.82,18,travel,US,0,714,847,0,5,5.13,1,0,49.54,0.461,0,0
tx_live_00000625,cust_001291,264.6,19,restaurants,US,0,230,1583,0,5,61.06,1,0,79.3,3.337,0,0
tx_live_00000626,cust_005728,241.79,11,online_retail,US,0,417,1433,2,7,45.19,0,0,19.19,12.599,0,0
tx_live_00000627,cust_010831,115.1,16,luxury,US,0,238,1486,3,10,172.68,0,1,40.31,2.856,0,0
tx_live_00000628,cust_009208,130.73,8,groceries,JP,1,408,1263,2,14,35.5,1,0,60.32,2.167,0,0
tx_live_00000629,cust_001875,64.25,23,groceries,US,0,283,1477,1,13,87.3,1,0,83.07,0.773,0,0
tx_live_00000630,cust_002570,25.81,15,electronics,US,0,426,1160,2,6,7.97,1,0,27.82,0.928,0,0
tx_live_00000631,cust_008378,39.97,13,restaurants,US,0,123,661,1,14,113.76,1,0,80.72,0.495,0,0
tx_live_00000632,cust_001136,56.99,2,electronics,US,0,602,350,1,5,22.06,1,0,71.98,0.792,0,0
tx_live_00000633,cust_006921,91.57,23,utilities,US,0,232,475,3,10,68.48,1,0,25.76,3.555,0,0
tx_live_00000634,cust_000240,64.19,15,fuel,MX,1,461,1243,0,5,8.05,0,0,25.57,2.51,0,0
tx_live_00000635,cust_003642,96.24,16,electronics,MX,1,165,646,2,9,53.24,1,0,40.63,2.369,0,0
tx_live_00000636,cust_009034,20.16,11,online_retail,US,0,599,1184,0,8,11.59,1,0,34.97,0.576,0,0
tx_live_00000637,cust_000094,35.14,3,restaurants,US,0,673,2226,2,10,96.9,1,0,93.3,0.377,0,0
tx_live_00000638,cust_000644,86.55,10,online_retail,US,0,120,777,0,7,66.22,1,0,24.96,3.468,1,0
tx_live_00000639,cust_000919,187.83,9,groceries,DE,1,169,1381,1,8,49.49,1,0,27.46,6.841,0,0
tx_live_00000640,cust_008358,14.98,2,utilities,CA,1,266,1341,1,7,63.98,0,0,25.29,0.592,0,0
tx_live_00000641,cust_001239,101.8,22,restaurants,US,0,440,1235,2,8,245.5,1,1,50.27,2.025,0,0
tx_live_00000642,cust_006617,150.07,20,fuel,US,0,551,1183,2,8,68.55,0,0,40.46,3.709,0,0
tx_live_00000643,cust_001480,69.1,13,fuel,US,0,442,962,1,6,57.76,1,1,50.14,1.378,0,0
tx_live_00000644,cust_010687,79.66,3,online_retail,US,0,268,1797,2,7,65.46,0,0,25.79,3.089,0,0
tx_live_00000645,cust_006902,49.77,2,travel,US,0,80,3174,2,6,42.53,1,1,24.16,2.06,0,0
tx_live_00000646,cust_010267,1265.13,15,travel,US,0,293,1072,0,2,12.39,1,0,43.4,6.0,0,0
tx_live_00000647,cust_001616,51.16,18,electronics,US,0,259,346,2,10,65.86,0,0,35.74,1.432,0,0
tx_live_00000648,cust_003959,16.97,1,groceries,US,0,196,692,3,11,51.62,1,0,45.03,0.377,0,0
tx_live_00000649,cust_002882,1348.33,12,luxury,US,0,244,912,1,3,27.1,1,0,33.43,6.0,0,0
tx_live_00000650,cust_011703,100.66,14,restaurants,US,0,351,2264,2,5,17.58,1,0,47.49,2.12,0,0
tx_live_00000651,cust_007129,1402.66,13,online_retail,US,0,328,2536,2,5,20.71,1,0,33.33,6.0,0,0
tx_live_00000652,cust_008969,268.45,18,restaurants,FR,1,402,1053,4,8,63.96,0,0,35.16,7.636,0,0
tx_live_00000653,cust_010684,56.46,10,electronics,US,0,353,1289,3,11,17.11,1,0,30.91,1.827,0,0
tx_live_00000654,cust_007521,137.95,0,fuel,US,0,431,1765,3,5,13.96,0,0,156.56,0.881,0,0
tx_live_00000655,cust_011478,14.54,19,travel,GB,1,273,2103,3,9,34.14,0,1,66.54,0.219,1,0
tx_live_00000656,cust_004773,41.29,23,online_retail,US,0,130,1362,1,8,40.19,1,0,85.84,0.481,1,0
tx_live_00000657,cust_011134,211.75,10,online_retail,US,0,103,2339,0,10,156.65,0,0,42.22,5.015,0,0
tx_live_00000658,cust_006220,309.95,14,travel,US,0,647,1313,1,9,62.65,1,0,53.94,5.746,0,0
tx_live_00000659,cust_004341,462.13,1,fuel,GB,1,443,1381,2,9,35.47,0,0,31.09,14.866,0,1
tx_live_00000660,cust_001831,299.04,23,fuel,CA,1,400,1853,2,8,54.71,1,0,49.83,6.002,0,0
tx_live_00000661,cust_004071,430.27,5,luxury,US,0,807,2154,1,8,22.24,1,1,27.23,15.801,0,0
tx_live_00000662,cust_005835,38.04,10,electronics,US,0,183,968,4,9,57.32,1,0,27.39,1.389,0,0
tx_live_00000663,cust_008753,18.87,22,online_retail,US,0,555,1508,1,8,32.58,0,0,108.77,0.173,1,0
tx_live_00000664,cust_011968,7.09,23,utilities,US,0,278,480,1,7,27.17,1,0,63.26,0.112,0,0
tx_live_00000665,cust_001777,2413.66,9,restaurants,US,0,120,900,0,4,33.68,1,0,72.0,6.0,0,0
tx_live_00000666,cust_004915,2128.52,9,groceries,US,0,221,900,1,4,8.41,1,0,48.67,6.0,0,0
tx_live_00000667,cust_009853,983.72,14,travel,US,0,233,2023,0,5,5.42,1,0,39.82,6.0,0,0
tx_live_00000668,cust_005413,59.67,4,luxury,US,0,580,1168,1,7,49.38,0,0,16.24,3.675,1,0
tx_live_00000669,cust_004304,369.64,1,groceries,US,0,328,820,1,9,64.33,1,0,87.35,4.232,0,0
tx_live_00000670,cust_001756,15.95,7,travel,US,0,605,1404,2,12,16.06,1,0,68.06,0.234,0,0
tx_live_00000671,cust_011707,425.42,15,electronics,MX,1,298,2761,1,6,40.67,1,0,56.52,7.527,0,0
tx_live_00000672,cust_001848,69.9,4,groceries,US,0,336,644,3,8,26.02,0,0,28.57,2.447,0,0
tx_live_00000673,cust_010447,289.77,8,restaurants,MX,1,245,378,1,7,16.71,1,0,23.91,12.117,1,1
tx_live_00000674,cust_007969,2153.86,18,groceries,US,0,692,2911,2,5,47.22,1,0,141.58,6.0,0,0
tx_live_00000675,cust_011124,32.08,11,fuel,US,0,648,784,2,13,7.39,1,0,25.42,1.262,0,0
tx_live_00000676,cust_004143,184.08,17,online_retail,US,0,222,2139,1,7,41.52,1,0,106.05,1.736,0,0
tx_live_00000677,cust_000395,41.66,20,travel,US,0,344,1037,0,4,26.8,1,1,19.85,2.099,0,0
tx_live_00000678,cust_001182,183.03,0,electronics,CA,1,100,1354,4,11,70.72,0,0,55.31,3.309,0,0
tx_live_00000679,cust_003666,135.86,8,travel,US,0,207,245,2,6,10.48,0,0,101.47,1.339,0,0
tx_live_00000680,cust_011177,115.62,22,travel,US,0,205,1152,1,3,68.77,1,1,80.42,1.438,0,0
tx_live_00000681,cust_001360,64.93,3,groceries,US,0,578,683,2,10,65.18,1,0,73.01,0.889,0,0
tx_live_00000682,cust_004672,59.87,15,electronics,US,0,126,1581,2,11,122.53,1,0,71.18,0.841,0,0
tx_live_00000683,cust_002893,81.12,2,restaurants,US,0,185,2328,0,3,44.79,1,0,32.25,2.515,0,0
tx_live_00000684,cust_003914,7.05,7,groceries,US,0,363,367,0,8,25.33,1,1,34.02,0.207,0,0
tx_live_00000685,cust_011635,201.45,13,fuel,US,0,879,1947,2,8,11.44,0,0,206.15,0.977,0,0
tx_live_00000686,cust_000403,70.64,20,online_retail,US,0,136,1134,2,6,182.35,1,1,21.79,3.241,0,0
tx_live_00000687,cust_009348,94.67,14,fuel,JP,1,337,1612,1,9,29.65,1,0,113.76,0.832,0,0
tx_live_00000688,cust_008231,30.37,5,restaurants,US,0,113,2153,3,7,19.71,1,0,11.13,2.728,0,0
tx_live_00000689,cust_011581,103.04,1,fuel,US,0,605,801,1,9,59.84,1,0,32.46,3.174,0,0
tx_live_00000690,cust_002350,48.11,21,online_retail,US,0,1008,984,4,9,32.16,0,1,22.12,2.175,0,0
tx_live_00000691,cust_001636,366.82,2,groceries,US,0,116,2065,2,9,29.53,1,0,45.64,8.037,0,0
tx_live_00000692,cust_009433,18.81,0,luxury,US,0,233,476,3,12,45.14,1,1,35.93,0.524,0,0
tx_live_00000693,cust_002777,262.19,9,groceries,GB,1,65,1013,2,9,46.21,0,0,29.85,8.783,0,1
tx_live_00000694,cust_006418,34.31,10,travel,US,0,13,226,1,7,97.23,1,2,41.64,0.824,0,0
tx_live_00000695,cust_000457,108.97,20,restaurants,DE,1,214,1185,0,6,104.25,0,0,34.49,3.159,1,0
tx_live_00000696,cust_002037,58.86,21,utilities,FR,1,439,1814,1,5,116.56,1,1,28.26,2.083,0,0
tx_live_00000697,cust_011473,1337.31,13,fuel,US,0,120,1254,0,3,38.46,1,0,22.3,6.0,0,0
tx_live_00000698,cust_001875,9.77,19,restaurants,US,0,252,947,4,16,30.32,1,0,13.21,0.74,0,0
tx_live_00000699,cust_003917,157.85,19,fuel,US,0,182,1651,0,7,12.1,1,1,203.09,0.777,0,0
tx_live_00000700,cust_007077,1180.77,10,utilities,US,0,458,900,3,8,15.93,1,0,129.23,6.0,0,0
tx_live_00000701,cust_010797,47.37,15,electronics,US,0,155,2192,4,10,76.33,0,0,244.95,0.193,0,0
tx_live_00000702,cust_004194,276.66,5,restaurants,MX,1,217,600,3,12,17.47,0,0,48.98,5.648,1,1
tx_live_00000703,cust_003573,284.85,21,groceries,US,0,203,1001,0,4,2.75,1,0,48.03,5.931,0,0
tx_live_00000704,cust_005582,100.05,0,fuel,US,0,59,1857,0,10,32.31,0,0,29.75,3.364,0,0
tx_live_00000705,cust_001928,14.9,0,groceries,US,0,277,1040,2,7,14.18,1,1,44.83,0.332,0,0
tx_live_00000706,cust_006830,65.67,15,restaurants,CA,1,121,1782,0,5,76.61,0,0,73.51,0.893,0,0
tx_live_00000707,cust_000358,80.19,8,groceries,CA,1,166,894,2,8,26.24,1,0,44.24,1.812,1,0
tx_live_00000708,cust_010607,33.45,12,travel,US,0,198,1510,1,6,48.72,1,0,32.11,1.042,0,0
tx_live_00000709,cust_008985,283.17,13,groceries,CA,1,249,555,2,9,102.6,1,1,26.53,10.675,0,1
tx_live_00000710,cust_000473,94.16,3,electronics,GB,1,524,2740,2,12,7.84,1,1,39.56,2.38,0,0
tx_live_00000711,cust_006626,101.82,19,online_retail,US,0,122,1376,1,11,12.77,0,1,29.37,3.466,0,0
tx_live_00000712,cust_000089,66.86,10,groceries,US,0,251,948,2,7,15.35,1,0,82.43,0.811,0,0
tx_live_00000713,cust_009314,830.78,19,groceries,US,0,154,1162,0,4,18.03,1,0,133.09,6.0,0,0
tx_live_00000714,cust_009611,29.31,0,groceries,US,0,280,2690,1,8,14.79,0,1,166.44,0.176,0,0
tx_live_00000715,cust_004322,27.95,21,restaurants,MX,1,80,878,2,4,78.26,0,0,59.29,0.471,1,0
tx_live_00000716,cust_008295,248.76,18,online_retail,US,0,78,2109,3,8,13.13,1,0,27.83,8.937,0,0
tx_live_00000717,cust_006260,77.04,21,online_retail,US,0,557,1012,0,4,29.95,0,0,109.18,0.706,1,0
tx_live_00000718,cust_007199,116.35,11,groceries,US,0,194,1516,1,12,57.32,1,0,31.41,3.705,0,0
tx_live_00000719,cust_000019,111.89,23,fuel,US,0,177,1129,1,10,10.49,0,0,18.65,5.999,0,0
tx_live_00000720,cust_000737,110.84,3,electronics,CA,1,111,442,2,4,5.44,1,0,83.84,1.322,0,0
tx_live_00000721,cust_007595,392.47,0,restaurants,JP,1,299,941,1,9,20.37,1,0,99.43,3.947,1,0
tx_live_00000722,cust_006201,172.95,15,fuel,US,0,318,666,2,8,14.59,1,0,9.03,19.145,0,0
tx_live_00000723,cust_011205,100.1,2,travel,US,0,52,1862,4,11,55.93,1,0,30.75,3.255,0,0
tx_live_00000724,cust_008616,86.28,19,groceries,US,0,419,1422,0,2,19.02,1,0,38.08,2.266,0,0
tx_live_00000725,cust_000785,318.08,14,groceries,US,0,215,579,1,16,26.51,1,0,25.04,12.704,1,0
tx_live_00000726,cust_000413,12.32,8,fuel,MX,1,447,2180,2,7,30.5,1,0,36.07,0.342,1,0
tx_live_00000727,cust_009669,1506.9,15,groceries,US,0,185,1249,1,5,13.48,1,0,38.97,6.0,0,0
tx_live_00000728,cust_006484,44.19,0,groceries,US,0,229,1201,0,2,22.52,1,1,36.37,1.215,0,0
tx_live_00000729,cust_000215,121.13,10,electronics,FR,1,183,966,0,12,149.1,1,2,53.22,2.276,0,0
tx_live_00000730,cust_006921,56.77,10,online_retail,US,0,124,358,2,8,14.88,0,0,44.97,1.262,0,0
tx_live_00000731,cust_005208,76.9,4,travel,US,0,330,527,0,6,113.16,0,0,16.09,4.779,0,0
tx_live_00000732,cust_009059,58.13,13,restaurants,JP,1,368,2796,0,5,80.8,1,1,53.77,1.081,0,0
tx_live_00000733,cust_004257,1.98,4,online_retail,MX,1,505,777,6,11,102.13,1,0,36.09,0.055,0,0
tx_live_00000734,cust_011367,23.64,13,fuel,US,0,212,1689,0,5,34.45,0,0,33.21,0.712,0,0
tx_live_00000735,cust_006933,31.98,22,luxury,US,0,316,677,0,3,4.41,1,0,23.17,1.38,0,0
tx_live_00000736,cust_006154,1262.59,11,online_retail,US,0,573,900,1,4,13.15,1,0,42.46,6.0,0,0
tx_live_00000737,cust_007172,1359.92,20,restaurants,US,0,735,1456,0,4,3.23,1,0,24.22,6.0,0,0
tx_live_00000738,cust_000229,118.97,0,groceries,US,0,425,1411,0,4,104.04,1,0,112.14,1.061,0,0
tx_live_00000739,cust_003302,25.25,2,groceries,US,0,111,933,3,5,5.21,1,0,129.51,0.195,0,0
tx_live_00000740,cust_002975,77.83,16,travel,US,0,415,2019,2,11,53.74,0,1,38.64,2.014,0,0
tx_live_00000741,cust_006729,1764.64,10,fuel,US,0,180,900,2,6,25.98,1,0,14.43,6.0,0,0
tx_live_00000742,cust_005522,23.67,20,groceries,GB,1,268,869,1,7,49.62,1,0,35.97,0.658,0,0
tx_live_00000743,cust_003995,58.14,10,fuel,US,0,348,2596,3,10,161.48,1,0,15.79,3.682,0,0
tx_live_00000744,cust_006677,216.42,0,travel,CA,1,433,1799,3,11,52.14,1,0,20.14,10.743,0,1
tx_live_00000745,cust_008603,50.84,21,groceries,US,0,276,614,0,10,18.99,1,1,16.81,3.025,0,0
tx_live_00000746,cust_003915,47.53,16,groceries,US,0,590,700,2,8,28.99,0,0,36.58,1.299,1,0
tx_live_00000747,cust_005668,8.21,17,electronics,US,0,550,334,2,12,40.31,1,0,39.23,0.209,0,0
tx_live_00000748,cust_005440,688.19,9,fuel,US,0,211,1559,1,4,55.63,1,0,51.24,6.0,0,0
tx_live_00000749,cust_006628,53.29,11,groceries,US,0,923,1387,0,5,79.79,1,1,76.6,0.696,0,0
tx_live_00000750,cust_009202,17.72,17,luxury,US,0,392,1871,1,7,77.05,0,0,84.18,0.21,0,0
tx_live_00000751,cust_008740,157.42,15,groceries,CA,1,932,3530,3,10,7.55,1,0,53.64,2.935,0,0
tx_live_00000752,cust_008490,44.16,11,travel,US,0,250,413,2,8,249.85,0,0,20.08,2.199,0,0
tx_live_00000753,cust_008449,62.45,14,groceries,US,0,444,1683,1,8,57.51,0,0,37.74,1.655,0,0
tx_live_00000754,cust_008449,34.79,0,fuel,US,0,664,639,0,7,29.42,0,0,207.85,0.167,0,0
tx_live_00000755,cust_000533,139.45,0,online_retail,US,0,353,488,2,6,57.62,0,1,33.75,4.132,0,1
tx_live_00000756,cust_011238,130.54,1,restaurants,US,0,68,1210,1,12,40.66,1,0,53.4,2.445,0,0
tx_live_00000757,cust_009544,41.94,1,groceries,US,0,378,714,1,12,23.4,1,1,29.33,1.43,1,0
tx_live_00000758,cust_009389,68.13,14,travel,US,0,340,1363,2,14,29.4,1,0,26.54,2.567,1,0
tx_live_00000759,cust_003514,313.75,23,luxury,US,0,123,1134,1,6,149.96,0,0,57.59,5.448,0,1
tx_live_00000760,cust_005454,77.9,6,travel,US,0,98,1380,0,8,40.22,1,2,18.32,4.253,0,0
tx_live_00000761,cust_004328,42.29,11,online_retail,US,0,410,1707,1,8,105.27,1,0,63.16,0.67,0,0
tx_live_00000762,cust_008031,1068.29,14,fuel,US,0,203,1096,3,7,2.53,1,0,45.68,6.0,0,0
tx_live_00000763,cust_007797,34.91,16,groceries,US,0,249,778,3,10,47.15,1,0,24.87,1.404,0,0
tx_live_00000764,cust_010036,71.83,7,groceries,US,0,219,1042,0,5,82.84,1,0,40.13,1.79,0,0
tx_live_00000765,cust_006613,1031.49,9,groceries,US,0,120,1188,1,2,95.42,1,0,55.11,6.0,0,0
tx_live_00000766,cust_005180,27.76,13,travel,US,0,140,204,2,7,26.26,1,0,39.35,0.705,0,0
tx_live_00000767,cust_009395,38.26,19,restaurants,US,0,460,958,1,5,203.73,1,0,23.52,1.627,0,0
tx_live_00000768,cust_006120,115.85,3,electronics,FR,1,289,2063,1,6,29.22,1,1,42.32,2.737,0,0
tx_live_00000769,cust_001242,188.16,16,restaurants,US,0,118,502,0,6,38.8,0,1,66.29,2.838,0,0
tx_live_00000770,cust_004147,42.81,10,restaurants,US,0,695,594,1,9,55.14,1,1,10.13,4.226,1,0
tx_live_00000771,cust_002617,141.19,9,electronics,US,0,239,1160,2,7,61.18,1,0,56.92,2.481,0,0
tx_live_00000772,cust_010259,60.81,14,groceries,DE,1,371,2247,3,8,42.46,0,0,52.61,1.156,0,0
tx_live_00000773,cust_008169,134.58,21,restaurants,US,0,172,1031,1,8,60.39,1,0,94.9,1.418,0,0
tx_live_00000774,cust_010679,30.41,16,restaurants,US,0,197,1151,3,9,90.0,1,0,88.28,0.344,0,0
tx_live_00000775,cust_006266,1119.55,18,utilities,US,0,195,1060,3,8,17.04,1,0,55.78,6.0,0,0
tx_live_00000776,cust_008861,57.41,23,online_retail,US,0,298,1255,0,3,40.33,0,0,39.81,1.442,1,0
tx_live_00000777,cust_004651,76.57,4,electronics,US,0,892,836,3,13,41.45,0,0,30.12,2.542,0,0
tx_live_00000778,cust_009677,812.61,3,restaurants,US,0,265,326,0,7,15.11,1,0,117.74,6.902,0,0
tx_live_00000779,cust_007844,90.04,2,groceries,MX,1,380,1943,1,7,24.69,1,0,44.81,2.009,0,0
tx_live_00000780,cust_001421,274.95,11,fuel,US,0,232,879,2,10,22.94,0,0,26.05,10.555,0,0
tx_live_00000781,cust_011993,198.23,20,groceries,GB,1,344,1026,3,10,34.62,0,0,183.96,1.078,0,0
tx_live_00000782,cust_005778,710.56,9,groceries,US,0,897,900,0,3,16.38,1,0,38.24,6.0,0,0
tx_live_00000783,cust_000998,102.24,12,travel,US,0,355,1149,1,4,31.94,1,0,38.94,2.625,0,0
tx_live_00000784,cust_007723,198.97,16,online_retail,CA,1,543,983,3,5,9.96,0,0,22.03,9.03,0,1
tx_live_00000785,cust_011498,14.47,23,restaurants,CA,1,365,1078,1,10,71.93,1,1,44.01,0.329,0,0
tx_live_00000786,cust_002615,30.56,13,restaurants,US,0,275,685,2,16,39.38,1,0,48.49,0.63,0,0
tx_live_00000787,cust_003514,2126.48,5,groceries,US,0,741,1182,0,6,52.47,1,0,50.94,41.742,1,0
tx_live_00000788,cust_011385,1697.69,20,groceries,US,0,157,900,1,4,20.24,1,0,32.65,6.0,0,0
tx_live_00000789,cust_008098,2050.83,18,groceries,US,0,395,900,2,7,15.22,1,0,25.69,6.0,0,0
tx_live_00000790,cust_004084,71.47,19,online_retail,CA,1,212,1374,0,6,143.99,0,0,48.31,1.479,0,0
tx_live_00000791,cust_009246,29.5,22,restaurants,US,0,244,1055,3,12,31.69,0,0,25.24,1.169,0,0
tx_live_00000792,cust_002419,77.02,18,online_retail,US,0,492,1672,3,5,51.16,1,0,40.34,1.909,0,0
tx_live_00000793,cust_005631,86.67,16,luxury,US,0,279,3115,2,8,87.02,1,1,20.91,4.145,0,0
tx_live_00000794,cust_009544,1185.93,17,fuel,US,0,835,1358,0,2,10.59,1,0,47.56,6.0,0,0
tx_live_00000795,cust_003796,285.52,9,utilities,US,0,632,2948,0,10,55.31,1,0,25.79,11.073,0,0
tx_live_00000796,cust_008685,382.56,16,restaurants,US,0,222,746,3,9,37.43,1,0,38.24,10.003,0,0
tx_live_00000797,cust_008427,1580.47,15,travel,US,0,334,940,1,4,19.14,1,0,43.26,6.0,0,0
tx_live_00000798,cust_011071,1936.97,11,restaurants,US,0,398,2988,0,4,29.05,1,0,36.84,6.0,0,0
tx_live_00000799,cust_003100,41.23,9,electronics,MX,1,427,1036,3,8,81.06,1,0,36.07,1.143,0,0
tx_live_00000800,cust_007108,1574.72,12,restaurants,US,0,601,1253,1,3,4.57,1,0,79.76,6.0,0,0
tx_live_00000801,cust_005887,1151.65,17,electronics,US,0,175,900,0,3,13.85,1,0,219.14,5.255,0,0
tx_live_00000802,cust_001843,43.11,4,travel,US,0,550,1558,1,5,64.29,1,0,36.86,1.169,0,0
tx_live_00000803,cust_009061,39.55,18,travel,US,0,340,617,0,10,19.32,1,0,27.01,1.464,0,0
tx_live_00000804,cust_006058,34.89,8,travel,US,0,1022,475,6,11,5.54,1,1,63.98,0.545,0,0
tx_live_00000805,cust_000030,87.31,23,fuel,US,0,190,533,3,7,19.31,1,0,13.18,6.626,0,0
tx_live_00000806,cust_003464,80.36,6,online_retail,CA,1,118,2106,0,4,10.05,1,0,30.72,2.616,0,0
tx_live_00000807,cust_008686,1801.87,11,groceries,US,0,251,900,0,4,42.95,1,0,108.45,6.0,0,0
tx_live_00000808,cust_008200,315.02,1,groceries,US,0,135,1158,2,13,58.92,0,0,35.25,8.938,0,0
tx_live_00000809,cust_002546,1000.07,15,luxury,US,0,394,1713,3,6,14.1,1,0,7.11,6.0,0,0
tx_live_00000810,cust_004673,17.58,17,restaurants,MX,1,322,1785,1,10,100.95,1,1,29.95,0.587,0,0
tx_live_00000811,cust_008506,160.86,20,groceries,US,0,272,505,1,3,21.39,1,1,28.02,5.741,0,0
tx_live_00000812,cust_010169,29.14,18,electronics,US,0,137,864,3,12,48.7,1,0,101.2,0.288,0,0
tx_live_00000813,cust_007129,424.36,0,restaurants,DE,1,197,915,1,4,12.55,1,0,13.96,30.402,0,0
tx_live_00000814,cust_009467,263.76,18,electronics,US,0,438,1551,2,8,33.28,1,0,49.3,5.351,0,0
tx_live_00000815,cust_005375,118.8,10,travel,US,0,139,849,0,3,100.8,1,0,76.8,1.547,0,0
tx_live_00000816,cust_005703,716.19,13,groceries,US,0,201,1937,0,8,84.95,1,0,116.36,6.155,0,0
tx_live_00000817,cust_007730,28.27,5,groceries,CA,1,329,261,2,5,43.41,0,1,83.72,0.338,0,0
tx_live_00000818,cust_008370,93.81,14,groceries,GB,1,204,768,2,7,82.38,1,1,50.3,1.865,0,0
tx_live_00000819,cust_011187,53.11,23,fuel,US,0,520,838,1,4,13.21,0,0,34.44,1.542,1,0
tx_live_00000820,cust_009764,28.17,6,fuel,US,0,344,463,0,2,68.13,1,0,28.21,0.999,0,0
tx_live_00000821,cust_011580,19.08,2,restaurants,US,0,420,1036,0,9,32.19,1,1,32.67,0.584,0,0
tx_live_00000822,cust_003966,211.24,16,electronics,DE,1,218,967,3,10,59.05,1,0,30.15,7.007,0,0
tx_live_00000823,cust_000708,54.23,2,restaurants,US,0,165,521,1,5,105.82,1,0,75.91,0.714,0,0
tx_live_00000824,cust_010255,26.5,3,travel,US,0,278,1160,0,7,22.17,0,0,78.39,0.338,1,0
tx_live_00000825,cust_004451,40.68,18,groceries,US,0,50,914,0,8,53.9,1,1,18.79,2.165,0,0
tx_live_00000826,cust_001735,1542.73,23,restaurants,US,0,214,1783,1,8,51.15,1,0,55.27,27.914,0,0
tx_live_00000827,cust_003098,690.69,18,restaurants,US,0,193,900,3,7,5.04,1,0,17.44,6.0,0,0
tx_live_00000828,cust_009595,34.06,20,electronics,US,0,630,2045,1,4,91.44,1,0,100.69,0.338,0,0
tx_live_00000829,cust_001018,1114.02,16,groceries,US,0,380,1314,1,6,6.24,1,0,41.26,6.0,0,0
tx_live_00000830,cust_011682,225.79,2,online_retail,US,0,818,1020,3,8,88.48,1,1,118.51,1.905,0,0
tx_live_00000831,cust_010826,61.38,15,groceries,US,0,139,595,3,16,153.01,1,0,81.31,0.755,0,0
tx_live_00000832,cust_011145,56.76,9,restaurants,BR,1,340,1960,5,12,75.75,0,0,48.51,1.17,0,0
tx_live_00000833,cust_002986,1145.86,18,restaurants,US,0,354,2369,1,5,18.09,1,0,16.04,6.0,0,0
tx_live_00000834,cust_009408,40.47,14,groceries,DE,1,245,1279,2,9,32.89,1,0,29.96,1.351,0,0
tx_live_00000835,cust_011886,1203.09,10,travel,US,0,532,900,0,2,5.73,1,0,21.11,6.0,0,0
tx_live_00000836,cust_003622,272.01,3,fuel,US,0,180,710,0,8,53.65,0,1,41.84,6.501,0,0
tx_live_00000837,cust_008562,54.68,4,groceries,US,0,177,1600,2,9,21.31,1,0,59.28,0.922,0,0
tx_live_00000838,cust_005741,62.59,12,groceries,US,0,55,791,1,18,53.96,1,0,170.61,0.367,0,0
tx_live_00000839,cust_000737,628.39,12,travel,US,0,161,1688,1,6,30.72,1,0,36.23,6.0,0,0
tx_live_00000840,cust_008666,136.59,19,groceries,GB,1,29,1735,1,8,56.77,1,0,49.97,2.734,0,0
tx_live_00000841,cust_006560,234.5,5,groceries,US,0,222,2122,0,8,37.95,1,1,64.19,3.653,0,0
tx_live_00000842,cust_005362,1482.04,13,travel,US,0,237,1505,1,5,43.45,1,0,15.79,6.0,0,0
tx_live_00000843,cust_009899,108.96,9,restaurants,US,0,278,980,2,10,14.68,1,0,87.09,1.251,0,0
tx_live_00000844,cust_008587,22.81,20,groceries,US,0,221,617,2,10,55.33,0,0,136.27,0.167,0,0
tx_live_00000845,cust_000008,1786.86,14,fuel,US,0,120,900,0,5,47.09,1,0,59.94,6.0,0,0
tx_live_00000846,cust_000624,96.76,16,groceries,US,0,117,1400,1,12,32.66,0,0,34.58,2.798,0,0
tx_live_00000847,cust_010739,7.21,12,fuel,US,0,54,769,3,6,96.5,1,0,108.63,0.066,0,0
tx_live_00000848,cust_002453,200.56,12,utilities,MX,1,322,1498,1,6,13.68,0,0,98.2,2.042,0,0
tx_live_00000849,cust_000951,251.85,14,utilities,US,0,330,1309,1,8,81.65,0,0,19.86,12.683,0,0
tx_live_00000850,cust_007426,58.24,16,travel,US,0,311,1716,1,5,80.49,1,0,49.9,1.167,0,0
tx_live_00000851,cust_010434,22.52,4,electronics,GB,1,90,1214,0,8,48.47,0,0,82.18,0.274,0,0
tx_live_00000852,cust_004038,1758.37,16,restaurants,US,0,154,1532,2,10,10.18,1,0,31.24,6.0,0,0
tx_live_00000853,cust_007954,58.04,1,online_retail,US,0,191,1935,3,13,16.54,1,0,890.37,0.065,0,0
tx_live_00000854,cust_002320,171.34,1,restaurants,JP,1,296,1155,0,8,61.03,1,0,37.19,4.607,0,0
tx_live_00000855,cust_006670,63.74,15,online_retail,US,0,50,468,2,7,9.05,1,0,27.79,2.293,0,0
tx_live_00000856,cust_007934,59.31,7,restaurants,GB,1,483,936,1,5,126.48,0,0,58.08,1.021,0,0
tx_live_00000857,cust_010909,184.51,17,fuel,GB,1,304,700,1,4,23.15,1,0,51.93,3.553,0,0
tx_live_00000858,cust_002105,131.15,20,travel,US,0,55,1673,1,9,62.59,0,0,46.07,2.847,0,0
tx_live_00000859,cust_011293,74.9,12,restaurants,US,0,406,1688,1,12,80.25,1,0,31.35,2.389,0,0
tx_live_00000860,cust_000371,34.29,17,groceries,US,0,337,1015,2,7,33.02,1,0,59.46,0.577,0,0
tx_live_00000861,cust_002593,32.03,12,fuel,US,0,227,656,0,9,215.64,1,0,82.89,0.386,0,0
tx_live_00000862,cust_004297,34.79,7,online_retail,US,0,469,583,0,5,35.32,1,1,102.1,0.341,0,0
tx_live_00000863,cust_006988,30.64,17,travel,US,0,180,2023,3,10,25.04,1,0,53.7,0.571,0,0
tx_live_00000864,cust_005377,2252.21,12,groceries,US,0,328,2136,1,3,2.21,1,0,43.5,6.0,0,0
tx_live_00000865,cust_005245,224.27,16,luxury,US,0,58,1600,2,7,6.1,0,0,13.69,16.379,0,0
tx_live_00000866,cust_009311,48.98,22,electronics,FR,1,223,327,2,6,31.25,1,0,32.64,1.501,0,0
tx_live_00000867,cust_007920,53.68,3,restaurants,US,0,247,2010,2,7,68.42,1,0,210.24,0.255,0,0
tx_live_00000868,cust_005119,8.84,13,restaurants,US,0,90,870,3,8,57.55,1,0,90.06,0.098,0,0
tx_live_00000869,cust_009164,195.97,7,fuel,US,0,49,1114,0,1,102.15,1,1,27.34,7.169,0,0
tx_live_00000870,cust_003401,1229.07,10,groceries,US,0,173,2075,0,4,8.58,1,0,19.73,6.0,0,0
tx_live_00000871,cust_000024,131.34,16,groceries,US,0,208,1571,4,11,23.42,0,0,79.11,1.66,0,0
tx_live_00000872,cust_009725,114.63,6,fuel,US,0,561,2334,0,8,90.31,1,0,37.53,3.055,0,0
tx_live_00000873,cust_009990,1322.59,20,electronics,US,0,161,1174,0,4,22.32,1,0,112.56,6.0,0,0
tx_live_00000874,cust_007995,113.87,21,restaurants,GB,1,300,2762,3,5,53.85,1,1,40.41,2.818,0,0
tx_live_00000875,cust_001359,15.66,9,travel,CA,1,248,1314,2,10,18.35,1,0,20.23,0.774,0,0
tx_live_00000876,cust_003006,34.64,13,utilities,US,0,621,613,2,9,8.06,0,0,133.95,0.259,0,0
tx_live_00000877,cust_008096,313.41,23,online_retail,DE,1,204,1254,1,11,12.64,1,0,35.9,8.729,1,1
tx_live_00000878,cust_004380,27.22,7,groceries,US,0,109,557,0,7,80.74,1,0,28.11,0.968,1,0
tx_live_00000879,cust_004725,1675.27,14,electronics,US,0,189,1278,1,4,30.09,1,0,58.48,6.0,0,0
tx_live_00000880,cust_002853,71.06,9,restaurants,US,0,428,905,1,5,23.74,1,0,24.44,2.907,0,0
tx_live_00000881,cust_009945,31.41,9,travel,US,0,330,1895,3,6,44.0,1,0,36.33,0.865,0,0
tx_live_00000882,cust_001990,308.56,17,groceries,CA,1,353,812,1,6,8.02,1,0,42.98,7.178,0,0
tx_live_00000883,cust_000718,61.23,21,luxury,CA,1,322,1244,2,12,9.46,1,0,40.57,1.509,0,0
tx_live_00000884,cust_004457,1697.44,17,groceries,US,0,538,1036,0,2,8.77,1,0,49.49,6.0,0,0
tx_live_00000885,cust_006441,555.31,6,online_retail,US,0,161,849,1,7,58.39,1,1,66.33,8.372,0,0
tx_live_00000886,cust_009559,15.38,9,online_retail,US,0,243,728,0,6,106.33,0,1,240.15,0.064,0,0
tx_live_00000887,cust_008429,1182.22,19,groceries,US,0,169,900,0,6,13.12,1,0,43.85,6.0,0,0
tx_live_00000888,cust_004540,173.53,23,travel,US,0,599,957,2,18,118.7,1,1,57.89,2.998,0,0
tx_live_00000889,cust_011162,1256.15,13,fuel,US,0,379,1152,2,10,14.21,1,0,157.06,6.0,0,0
tx_live_00000890,cust_002428,876.85,14,electronics,US,0,166,1421,0,3,11.52,1,0,106.16,6.0,0,0
tx_live_00000891,cust_008949,130.12,5,groceries,US,0,956,657,1,7,24.25,0,0,62.92,2.068,0,0
tx_live_00000892,cust_005189,86.44,18,fuel,GB,1,186,1741,1,7,98.82,1,0,204.92,0.422,0,0
tx_live_00000893,cust_005455,110.94,15,groceries,US,0,236,767,1,5,49.8,1,0,22.99,4.825,0,0
tx_live_00000894,cust_004230,30.66,15,utilities,US,0,306,953,3,10,49.21,0,0,23.07,1.329,0,0
tx_live_00000895,cust_005427,14.26,6,groceries,US,0,204,972,3,15,50.68,1,1,49.47,0.288,0,0
tx_live_00000896,cust_011895,10.84,5,travel,MX,1,65,533,2,10,49.91,1,0,309.28,0.05,0,0
tx_live_00000897,cust_010056,89.72,9,restaurants,US,0,317,1228,0,4,104.91,0,0,51.92,1.728,1,0
tx_live_00000898,cust_008951,24.65,7,fuel,US,0,640,1352,1,10,65.55,1,1,39.4,0.626,0,0
tx_live_00000899,cust_009524,264.16,11,travel,US,0,450,1696,1,2,48.43,0,0,57.36,4.605,0,0
tx_live_00000900,cust_005561,19.96,3,groceries,US,0,699,867,3,8,48.69,1,0,124.94,0.16,0,0
tx_live_00000901,cust_003144,11.56,2,online_retail,US,0,435,1341,1,6,39.91,1,0,35.28,0.328,0,0
tx_live_00000902,cust_003594,8.8,23,restaurants,US,0,470,1241,1,8,74.06,1,0,32.94,0.267,0,0
tx_live_00000903,cust_009730,276.81,10,online_retail,CA,1,251,2645,0,9,98.55,1,0,337.54,0.82,0,0
tx_live_00000904,cust_010530,972.76,20,groceries,US,0,409,940,3,9,10.38,1,0,72.61,6.0,0,0
tx_live_00000905,cust_006003,117.84,11,electronics,US,0,185,908,2,7,35.91,1,0,46.54,2.532,0,0
tx_live_00000906,cust_000452,19.3,13,electronics,CA,1,523,3399,4,12,93.2,1,0,25.98,0.743,0,0
tx_live_00000907,cust_001831,1478.71,18,groceries,US,0,367,2488,1,4,42.86,1,0,30.79,6.0,0,0
tx_live_00000908,cust_001160,1552.94,9,online_retail,US,0,323,900,0,5,3.41,1,0,91.96,6.0,0,0
tx_live_00000909,cust_007642,64.07,21,online_retail,US,0,583,1452,0,7,105.1,1,1,53.67,1.194,1,0
tx_live_00000910,cust_001469,42.36,21,fuel,US,0,582,604,2,7,4.09,1,0,88.33,0.48,0,0
tx_live_00000911,cust_003430,190.05,11,travel,US,0,404,283,2,10,6.31,0,0,21.32,8.914,0,0
tx_live_00000912,cust_004157,21.03,2,restaurants,US,0,73,457,1,3,17.89,0,0,20.37,1.032,0,0
tx_live_00000913,cust_001968,43.65,19,restaurants,US,0,548,452,0,12,43.24,0,0,103.3,0.423,0,0
tx_live_00000914,cust_006395,48.36,2,online_retail,MX,1,457,684,0,3,41.73,1,1,59.43,0.814,0,0
tx_live_00000915,cust_011757,61.87,4,fuel,US,0,171,1097,3,7,82.87,0,2,47.79,1.295,0,0
tx_live_00000916,cust_004789,67.24,16,travel,US,0,730,1234,1,9,42.23,1,0,5.0,13.448,0,0
tx_live_00000917,cust_010178,138.7,15,restaurants,US,0,743,469,1,11,4.72,1,0,76.7,1.808,0,0
tx_live_00000918,cust_001658,927.53,14,groceries,US,0,282,900,1,4,3.62,1,0,14.18,6.0,0,0
tx_live_00000919,cust_006834,1042.67,11,electronics,US,0,149,900,0,7,3.32,1,0,86.48,6.0,0,0
tx_live_00000920,cust_007054,58.0,3,restaurants,US,0,132,1665,2,9,82.97,1,0,79.51,0.73,0,0
tx_live_00000921,cust_003799,1491.51,20,restaurants,US,0,303,1838,2,6,3.34,1,0,37.91,6.0,0,0
tx_live_00000922,cust_011675,100.04,6,groceries,US,0,213,738,0,12,81.62,1,2,51.44,1.945,0,0
tx_live_00000923,cust_004265,60.8,6,groceries,US,0,238,1095,2,7,43.36,1,0,76.86,0.791,0,0
tx_live_00000924,cust_007064,116.5,11,online_retail,US,0,712,1312,0,6,46.42,1,1,35.15,3.314,0,0
tx_live_00000925,cust_003461,91.49,13,restaurants,US,0,218,831,0,7,17.5,1,0,29.73,3.078,0,0
tx_live_00000926,cust_000641,153.48,17,groceries,DE,1,998,1058,0,8,79.86,1,0,42.07,3.648,0,0
tx_live_00000927,cust_001463,36.28,9,online_retail,US,0,401,636,3,10,40.89,0,1,21.42,1.694,0,0
tx_live_00000928,cust_002271,813.0,13,groceries,US,0,282,900,2,3,7.55,1,0,50.4,6.0,0,0
tx_live_00000929,cust_010972,38.33,3,fuel,US,0,217,851,1,4,61.75,0,0,31.61,1.213,0,0
tx_live_00000930,cust_005147,11.35,10,fuel,US,0,93,1818,1,11,214.46,1,0,29.67,0.383,0,0
tx_live_00000931,cust_002237,33.52,13,travel,US,0,203,256,4,10,0.63,1,1,10.99,3.05,0,0
tx_live_00000932,cust_000569,79.82,18,electronics,CA,1,763,1162,1,11,26.54,1,0,76.73,1.04,0,0
tx_live_00000933,cust_004622,40.75,3,fuel,US,0,212,1555,0,8,38.69,1,0,17.77,2.293,0,0
tx_live_00000934,cust_000265,25.12,13,groceries,US,0,127,969,2,10,34.92,1,0,17.19,1.462,0,0
tx_live_00000935,cust_005786,134.04,12,online_retail,US,0,1043,1725,3,12,163.29,0,0,45.61,2.939,0,0
tx_live_00000936,cust_003036,233.01,22,electronics,US,0,1029,572,2,9,34.06,1,0,9.45,24.655,0,0
tx_live_00000937,cust_004492,1458.09,13,travel,US,0,570,1778,1,7,33.33,1,0,83.97,6.0,0,0
tx_live_00000938,cust_007442,136.47,5,groceries,US,0,417,867,3,9,20.56,1,1,100.09,1.363,0,0
tx_live_00000939,cust_000369,18.05,6,electronics,US,0,162,459,0,10,20.55,1,0,118.38,0.152,0,0
tx_live_00000940,cust_008776,117.68,19,luxury,US,0,159,716,0,16,13.85,1,0,61.02,1.929,0,0
tx_live_00000941,cust_005565,356.62,15,online_retail,CA,1,358,1430,0,8,45.43,1,0,34.96,10.202,1,0
tx_live_00000942,cust_001569,256.04,22,electronics,US,0,225,1126,3,10,76.17,1,1,40.68,6.294,1,0
tx_live_00000943,cust_004346,75.18,23,online_retail,US,0,390,544,4,8,104.07,1,1,24.9,3.019,0,0
tx_live_00000944,cust_001480,1742.1,9,groceries,US,0,157,1453,2,3,46.71,1,0,87.96,6.0,0,0
tx_live_00000945,cust_010276,53.89,15,restaurants,US,0,384,484,0,4,32.41,0,0,201.72,0.267,0,0
tx_live_00000946,cust_002129,49.13,19,restaurants,US,0,105,617,1,9,13.92,0,0,55.73,0.881,0,0
tx_live_00000947,cust_010912,110.1,13,electronics,US,0,380,1129,1,5,31.31,1,1,93.09,1.183,0,0
tx_live_00000948,cust_007714,106.37,5,electronics,US,0,126,1132,1,7,42.71,0,0,81.44,1.306,0,0
tx_live_00000949,cust_003633,37.19,13,fuel,CA,1,644,1062,1,11,11.81,1,0,56.48,0.658,1,0
tx_live_00000950,cust_005578,56.98,5,restaurants,MX,1,202,798,2,11,13.23,1,0,28.72,1.984,0,0
tx_live_00000951,cust_009667,202.44,14,groceries,US,0,368,1157,0,11,83.79,1,0,55.85,3.625,0,0
tx_live_00000952,cust_011096,744.94,12,online_retail,US,0,236,900,3,10,25.65,1,0,28.79,6.0,0,0
tx_live_00000953,cust_004415,1902.19,17,fuel,US,0,120,900,0,6,5.98,1,0,50.61,6.0,0,0
tx_live_00000954,cust_007452,1695.32,12,groceries,US,0,325,1030,2,3,38.83,1,0,14.79,6.0,0,0
tx_live_00000955,cust_009302,184.29,12,fuel,US,0,56,2016,0,6,60.37,1,1,56.89,3.24,0,0
tx_live_00000956,cust_011263,64.24,1,travel,US,0,326,482,1,10,25.61,1,0,92.04,0.698,0,0
tx_live_00000957,cust_001821,1189.39,14,travel,US,0,733,900,0,2,15.49,1,0,49.06,6.0,0,0
tx_live_00000958,cust_005991,230.24,10,electronics,JP,1,54,1021,3,6,55.43,0,1,43.35,5.311,0,1
tx_live_00000959,cust_004038,43.15,16,utilities,US,0,250,1770,0,5,120.58,1,0,116.54,0.37,0,0
tx_live_00000960,cust_008420,36.44,17,online_retail,CA,1,268,1340,0,4,98.59,0,0,50.02,0.729,0,0
tx_live_00000961,cust_010574,17.01,12,groceries,US,0,334,2051,0,7,16.39,0,1,146.35,0.116,0,0
tx_live_00000962,cust_010545,144.96,18,groceries,US,0,437,597,0,8,16.34,1,1,32.72,4.431,0,0
tx_live_00000963,cust_011112,43.16,3,groceries,US,0,106,1132,3,11,88.18,1,0,97.14,0.444,0,0
tx_live_00000964,cust_009285,39.91,4,groceries,US,0,61,2321,1,11,36.9,0,0,75.77,0.527,0,0
tx_live_00000965,cust_001805,11.48,21,fuel,US,0,727,953,0,9,43.98,1,1,34.72,0.331,0,0
tx_live_00000966,cust_004380,2444.19,18,electronics,US,0,256,1131,0,2,23.7,1,0,15.8,6.0,0,0
tx_live_00000967,cust_009264,26.22,10,groceries,DE,1,287,1208,1,7,33.22,1,0,34.91,0.751,0,0
tx_live_00000968,cust_009698,50.17,15,utilities,US,0,391,1848,0,7,53.18,1,0,42.53,1.18,0,0
tx_live_00000969,cust_002906,48.56,23,groceries,US,0,274,931,1,11,25.09,0,0,49.83,0.975,0,0
tx_live_00000970,cust_011950,70.38,9,online_retail,US,0,608,1351,1,6,28.55,1,0,22.94,3.069,0,0
tx_live_00000971,cust_010816,346.31,2,groceries,US,0,84,324,3,6,40.51,1,0,74.47,4.65,0,0
tx_live_00000972,cust_006543,23.0,16,online_retail,US,0,297,703,1,7,54.8,1,0,18.66,1.232,0,0
tx_live_00000973,cust_001426,63.09,11,groceries,US,0,551,1006,2,15,35.13,1,0,40.83,1.545,0,0
tx_live_00000974,cust_002056,1448.84,18,luxury,US,0,690,1287,0,4,8.45,1,0,13.71,6.0,0,0
tx_live_00000975,cust_000927,51.14,3,travel,MX,1,118,1062,1,7,35.27,0,0,186.34,0.274,0,0
tx_live_00000976,cust_008900,81.22,4,online_retail,GB,1,552,986,0,10,27.26,1,0,74.25,1.094,0,0
tx_live_00000977,cust_009059,166.77,16,restaurants,US,0,377,1801,3,6,26.57,1,0,23.85,6.993,0,0
tx_live_00000978,cust_011297,2618.01,17,electronics,US,0,546,900,1,7,11.45,1,0,58.82,6.0,0,0
tx_live_00000979,cust_001496,86.59,5,groceries,US,0,140,1670,4,5,25.72,1,0,62.37,1.388,0,0
tx_live_00000980,cust_000351,135.55,21,groceries,BR,1,168,2359,2,6,43.7,1,1,63.23,2.144,1,0
tx_live_00000981,cust_001292,81.83,6,travel,CA,1,610,1465,4,13,25.44,1,0,29.99,2.728,0,0
tx_live_00000982,cust_004542,46.39,9,electronics,US,0,96,768,1,7,90.05,1,1,9.38,4.944,0,0
tx_live_00000983,cust_002437,70.56,23,fuel,US,0,432,1412,2,7,82.54,0,0,64.81,1.089,0,0
tx_live_00000984,cust_000782,81.53,8,fuel,US,0,918,1173,2,6,90.05,1,0,31.7,2.572,1,0
tx_live_00000985,cust_005970,14.96,17,restaurants,US,0,241,561,5,12,30.0,1,0,13.92,1.075,0,0
tx_live_00000986,cust_011631,154.78,7,online_retail,US,0,218,3324,0,8,80.14,1,0,47.92,3.23,0,0
tx_live_00000987,cust_001405,86.45,6,electronics,US,0,102,1734,2,6,92.01,0,2,47.5,1.82,0,0
tx_live_00000988,cust_010239,147.28,5,restaurants,CA,1,146,607,3,9,117.18,0,0,55.26,2.665,0,0
tx_live_00000989,cust_009276,91.55,4,electronics,BR,1,232,1065,0,0,92.9,1,0,29.72,3.081,0,0
tx_live_00000990,cust_004989,21.83,19,travel,US,0,539,282,1,7,20.19,1,0,29.18,0.748,0,0
tx_live_00000991,cust_000029,1290.77,10,groceries,US,0,183,1388,2,7,20.83,1,0,93.18,6.0,0,0
tx_live_00000992,cust_006176,72.95,15,groceries,US,0,379,2027,0,9,62.34,1,0,77.61,0.94,0,0
tx_live_00000993,cust_010968,22.23,0,fuel,US,0,305,1660,2,9,117.16,1,0,18.9,1.176,0,0
tx_live_00000994,cust_004904,238.1,12,restaurants,CA,1,293,2082,3,5,18.23,1,0,25.04,9.508,0,0
tx_live_00000995,cust_004370,22.81,11,restaurants,GB,1,372,321,1,8,22.01,1,0,48.74,0.468,0,0
tx_live_00000996,cust_007619,2063.43,17,groceries,US,0,227,900,2,4,41.03,1,0,52.48,6.0,0,0
tx_live_00000997,cust_009247,98.28,4,fuel,GB,1,72,2338,0,6,2.09,1,0,106.86,0.92,0,0
tx_live_00000998,cust_010748,129.66,22,travel,US,0,481,1819,1,3,106.83,0,0,50.8,2.552,0,0
tx_live_00000999,cust_005500,23.23,8,online_retail,CA,1,363,1216,0,6,165.74,0,0,9.08,2.557,0,0
tx_live_00001000,cust_000016,56.12,3,electronics,DE,1,177,1030,2,5,48.9,1,0,19.77,2.838,0,0
tx_live_00001001,cust_011281,52.12,6,online_retail,CA,1,291,1289,2,10,82.51,0,0,14.43,3.611,0,0
tx_live_00001002,cust_011363,292.28,9,electronics,CA,1,376,703,2,11,16.79,1,0,11.87,24.632,0,0
tx_live_00001003,cust_001488,1498.38,17,fuel,US,0,603,1231,0,4,6.46,1,0,55.68,6.0,0,0
tx_live_00001004,cust_011123,449.34,7,groceries,US,0,257,2883,0,5,127.94,1,0,101.33,4.435,0,0
tx_live_00001005,cust_002154,7.1,18,online_retail,JP,1,474,935,2,8,55.95,0,3,30.59,0.232,0,1
tx_live_00001006,cust_001194,81.65,1,luxury,US,0,621,1782,0,7,81.7,1,0,45.58,1.791,0,0
tx_live_00001007,cust_008255,22.73,11,electronics,CA,1,220,1187,3,12,6.13,1,0,19.2,1.184,1,0
tx_live_00001008,cust_001694,72.63,1,travel,US,0,314,1281,0,3,36.4,1,0,36.51,1.989,0,0
tx_live_00001009,cust_011922,51.09,4,groceries,US,0,221,523,1,10,3.36,1,0,34.94,1.462,1,0
tx_live_00001010,cust_000043,15.7,14,electronics,CA,1,222,862,1,12,62.99,1,0,65.07,0.241,0,0
tx_live_00001011,cust_002016,24.62,9,groceries,US,0,284,384,1,5,81.83,1,0,30.6,0.805,0,0
tx_live_00001012,cust_000197,146.6,10,travel,US,0,394,626,0,11,112.15,0,1,22.73,6.45,0,0
tx_live_00001013,cust_011800,68.43,13,restaurants,US,0,390,1694,2,17,52.56,0,0,72.94,0.938,0,0
tx_live_00001014,cust_009501,42.52,8,utilities,US,0,76,1263,1,8,1.24,1,0,36.11,1.178,0,0
tx_live_00001015,cust_004671,87.05,8,travel,GB,1,152,665,0,5,97.81,1,0,36.94,2.357,0,0
tx_live_00001016,cust_005212,27.62,13,groceries,US,0,136,1421,0,9,76.22,0,2,74.58,0.37,0,0
tx_live_00001017,cust_011027,1341.8,10,online_retail,US,0,409,1222,3,8,20.08,1,0,32.92,6.0,0,0
tx_live_00001018,cust_010873,54.8,8,restaurants,US,0,338,1378,2,12,66.87,1,0,25.07,2.186,0,0
tx_live_00001019,cust_010588,218.03,5,travel,US,0,157,566,3,10,65.91,1,0,42.1,5.179,0,0
tx_live_00001020,cust_008300,11.27,11,fuel,US,0,460,1033,1,9,58.95,1,0,24.82,0.454,0,0
tx_live_00001021,cust_005887,108.23,10,travel,US,0,525,1663,1,4,53.73,1,1,65.28,1.658,0,0
tx_live_00001022,cust_010219,51.58,11,groceries,GB,1,57,518,0,8,30.25,1,0,5.78,8.92,1,0
tx_live_00001023,cust_009031,20.48,11,travel,US,0,197,435,0,5,47.74,1,0,67.99,0.301,0,0
tx_live_00001024,cust_010592,30.0,3,fuel,US,0,154,2553,0,9,33.81,1,0,42.02,0.714,1,0
tx_live_00001025,cust_007966,2196.19,13,online_retail,US,0,398,1559,1,4,7.25,1,0,37.35,6.0,0,0
tx_live_00001026,cust_003096,139.01,17,travel,US,0,492,1117,1,8,102.87,1,0,29.53,4.707,0,0
tx_live_00001027,cust_001774,50.84,23,fuel,US,0,409,631,2,6,37.15,1,0,395.29,0.129,0,0
tx_live_00001028,cust_000061,64.61,12,restaurants,US,0,234,1458,2,4,88.45,1,0,31.37,2.06,0,0
tx_live_00001029,cust_005416,48.56,14,groceries,US,0,190,1003,1,2,15.41,1,1,58.67,0.828,0,0
tx_live_00001030,cust_001068,46.89,16,online_retail,US,0,537,1591,2,7,32.54,0,0,35.97,1.304,0,0
tx_live_00001031,cust_001446,493.48,8,groceries,US,0,170,577,1,7,20.31,1,0,185.1,2.666,0,0
tx_live_00001032,cust_011737,155.21,6,travel,MX,1,176,959,3,7,221.54,1,0,42.05,3.691,0,0
tx_live_00001033,cust_011109,352.58,4,online_retail,US,0,277,1306,1,4,33.81,1,0,47.77,7.38,1,0
tx_live_00001034,cust_010437,1293.34,15,electronics,US,0,316,979,1,4,20.6,1,0,19.85,6.0,0,0
tx_live_00001035,cust_008069,114.58,13,groceries,US,0,241,2398,3,11,28.21,1,1,67.6,1.695,0,0
tx_live_00001036,cust_003311,68.71,21,groceries,US,0,354,1503,0,5,102.78,0,0,133.54,0.515,0,0
tx_live_00001037,cust_005429,213.63,14,online_retail,MX,1,207,714,4,10,123.03,1,0,38.9,5.492,1,1
tx_live_00001038,cust_001112,100.02,0,fuel,DE,1,565,785,0,4,22.14,1,0,38.21,2.617,1,0
tx_live_00001039,cust_002286,370.04,20,fuel,FR,1,396,583,0,9,41.83,0,0,40.84,9.061,0,1
tx_live_00001040,cust_004639,92.62,9,luxury,US,0,104,1038,4,6,73.82,1,0,51.84,1.787,0,0
tx_live_00001041,cust_004044,53.59,0,groceries,US,0,720,1402,0,10,27.24,1,0,87.59,0.612,0,0
tx_live_00001042,cust_006102,29.83,21,fuel,FR,1,570,650,0,6,113.69,1,0,53.03,0.563,0,0
tx_live_00001043,cust_007309,43.32,16,online_retail,US,0,383,954,1,8,145.26,0,0,16.91,2.562,0,0
tx_live_00001044,cust_010155,160.72,17,utilities,MX,1,166,1155,1,7,68.5,1,1,35.01,4.591,0,0
tx_live_00001045,cust_002327,47.16,22,fuel,US,0,623,1520,1,8,75.6,0,0,14.24,3.312,0,0
tx_live_00001046,cust_002103,82.49,20,online_retail,CA,1,536,633,2,7,42.54,1,1,23.4,3.525,0,0
tx_live_00001047,cust_008445,161.62,23,groceries,CA,1,136,1870,1,8,46.87,0,1,60.31,2.68,0,0
tx_live_00001048,cust_005685,256.3,8,electronics,US,0,156,1202,0,4,65.06,1,0,114.8,2.233,0,0
tx_live_00001049,cust_010959,26.47,0,groceries,CA,1,262,738,0,13,22.16,1,0,15.1,1.753,1,0
tx_live_00001050,cust_011381,57.53,0,travel,US,0,73,2643,1,6,33.63,1,1,35.78,1.608,0,0
tx_live_00001051,cust_003025,22.32,1,fuel,CA,1,634,814,3,6,37.56,1,0,29.49,0.757,0,0
tx_live_00001052,cust_003895,86.4,5,groceries,CA,1,405,1279,1,7,107.94,0,1,37.28,2.317,0,0
tx_live_00001053,cust_003048,69.29,18,electronics,GB,1,126,810,1,7,164.83,1,0,240.06,0.289,0,0
tx_live_00001054,cust_007942,87.77,12,online_retail,US,0,421,743,0,6,25.9,1,0,85.22,1.03,0,0
tx_live_00001055,cust_001616,21.36,11,restaurants,US,0,162,634,0,8,105.9,1,0,27.38,0.78,0,0
tx_live_00001056,cust_011135,46.96,11,fuel,CA,1,299,1739,1,8,45.04,0,0,14.12,3.325,0,0
tx_live_00001057,cust_010323,13.95,0,restaurants,GB,1,308,1064,1,11,45.05,1,0,51.47,0.271,0,0
tx_live_00001058,cust_004111,1411.65,18,travel,US,0,120,1741,1,4,15.24,1,0,38.79,6.0,0,0
tx_live_00001059,cust_005116,43.46,17,groceries,US,0,204,2927,1,10,58.15,0,0,98.51,0.441,1,0
tx_live_00001060,cust_002810,1232.16,13,restaurants,US,0,250,900,0,4,22.29,1,0,24.16,6.0,0,0
tx_live_00001061,cust_003277,624.51,16,electronics,US,0,845,1467,0,2,11.25,1,0,38.11,6.0,0,0
tx_live_00001062,cust_000724,135.22,2,luxury,US,0,390,3278,0,7,34.83,0,0,23.0,5.88,0,0
tx_live_00001063,cust_009157,41.71,13,travel,US,0,230,1423,1,5,66.21,1,0,56.31,0.741,0,0
tx_live_00001064,cust_007024,1087.92,18,groceries,US,0,133,900,1,2,58.43,1,0,16.92,6.0,0,0
tx_live_00001065,cust_002288,91.1,19,groceries,US,0,442,2092,3,11,10.84,1,0,21.15,4.308,0,0
tx_live_00001066,cust_001868,1342.89,13,fuel,US,0,311,900,1,10,12.9,1,0,60.8,6.0,0,0
tx_live_00001067,cust_008958,1123.21,20,electronics,US,0,397,900,1,2,24.08,1,0,147.75,6.0,0,0
tx_live_00001068,cust_001880,34.93,13,electronics,US,0,158,767,1,13,110.61,1,0,46.53,0.751,0,0
tx_live_00001069,cust_002997,139.76,13,luxury,US,0,191,2025,0,10,38.01,1,1,20.9,6.688,1,1
tx_live_00001070,cust_006990,82.29,21,travel,US,0,473,2305,0,6,23.07,1,1,23.14,3.557,0,0
tx_live_00001071,cust_002696,22.56,10,groceries,FR,1,66,575,1,10,7.19,1,1,56.49,0.399,0,0
tx_live_00001072,cust_003619,2172.23,18,groceries,US,0,703,900,0,4,18.6,1,0,42.45,6.0,0,0
tx_live_00001073,cust_009717,127.96,22,luxury,US,0,401,2470,0,10,20.51,0,2,24.41,5.243,0,1
tx_live_00001074,cust_007503,67.4,8,travel,US,0,435,1279,0,3,111.63,1,0,21.16,3.185,0,0
tx_live_00001075,cust_003823,30.99,16,groceries,US,0,297,931,1,2,39.36,1,0,24.77,1.251,0,0
tx_live_00001076,cust_009640,21.45,15,electronics,GB,1,561,520,1,9,123.96,1,0,46.18,0.464,0,0
tx_live_00001077,cust_001115,78.12,22,online_retail,US,0,148,1800,2,7,21.25,1,1,39.74,1.966,0,0
tx_live_00001078,cust_001306,327.06,8,restaurants,FR,1,798,1523,0,3,74.63,1,0,65.86,4.966,0,0
tx_live_00001079,cust_005446,55.81,23,groceries,DE,1,190,903,2,7,32.2,1,0,49.71,1.123,0,0
tx_live_00001080,cust_002741,28.96,0,online_retail,US,0,546,747,3,15,37.91,1,0,40.83,0.709,0,0
tx_live_00001081,cust_007096,28.12,0,fuel,CA,1,631,1053,1,6,51.37,0,0,180.62,0.156,0,0
tx_live_00001082,cust_001343,168.36,8,electronics,US,0,145,832,1,7,16.35,1,1,17.54,9.6,0,0
tx_live_00001083,cust_000576,9.7,23,online_retail,US,0,89,2987,3,7,32.0,0,1,61.57,0.158,0,0
tx_live_00001084,cust_000569,1751.07,13,utilities,US,0,649,1213,2,4,8.42,1,0,118.25,6.0,0,0
tx_live_00001085,cust_009639,58.73,22,groceries,US,0,111,1471,2,10,140.04,0,0,78.44,0.749,0,0
tx_live_00001086,cust_000768,34.8,5,fuel,GB,1,503,1507,0,6,12.18,0,1,20.74,1.678,0,0
tx_live_00001087,cust_009500,454.54,22,fuel,US,0,485,989,4,10,70.04,1,0,108.25,4.199,0,0
tx_live_00001088,cust_006071,1677.15,20,restaurants,US,0,797,1154,1,7,38.96,1,0,31.61,6.0,0,0
tx_live_00001089,cust_008873,1168.89,13,groceries,US,0,396,900,2,5,23.98,1,0,32.42,6.0,0,0
tx_live_00001090,cust_002653,170.88,15,fuel,US,0,569,817,0,4,5.88,1,1,31.64,5.4,0,0
tx_live_00001091,cust_006259,60.56,14,fuel,US,0,660,810,1,9,79.66,0,0,144.83,0.418,0,0
tx_live_00001092,cust_011201,12.43,6,fuel,US,0,478,1323,0,9,79.6,0,0,22.56,0.551,0,0
tx_live_00001093,cust_011629,79.95,14,restaurants,US,0,456,1684,1,10,38.46,0,0,153.88,0.52,0,0
tx_live_00001094,cust_006632,39.71,12,restaurants,FR,1,435,3419,1,9,49.59,1,1,80.33,0.494,0,0
tx_live_00001095,cust_001667,36.46,20,groceries,US,0,262,791,2,6,28.28,1,0,67.87,0.537,0,0
tx_live_00001096,cust_005859,209.77,0,travel,US,0,333,1307,2,9,21.19,0,1,31.39,6.682,0,0
tx_live_00001097,cust_011396,27.6,15,fuel,US,0,462,1347,0,7,21.42,1,0,24.41,1.131,0,0
tx_live_00001098,cust_003922,65.41,9,online_retail,CA,1,747,1367,1,6,79.82,1,0,49.17,1.33,0,0
tx_live_00001099,cust_009189,63.72,2,travel,JP,1,218,349,1,9,20.11,1,2,42.08,1.514,0,1
tx_live_00001100,cust_001472,84.89,22,electronics,US,0,84,1720,3,15,21.38,0,0,19.65,4.319,0,0
tx_live_00001101,cust_007170,462.87,2,electronics,US,0,235,1090,1,11,15.9,1,0,89.27,5.185,0,0
tx_live_00001102,cust_005065,27.34,22,utilities,CA,1,135,1537,1,11,52.17,1,0,38.38,0.712,0,0
tx_live_00001103,cust_010324,60.73,19,travel,GB,1,168,908,1,3,26.04,0,0,33.45,1.816,0,0
tx_live_00001104,cust_008456,183.22,10,electronics,JP,1,92,1374,4,7,45.98,0,1,20.8,8.81,0,1
tx_live_00001105,cust_007829,67.2,16,groceries,US,0,67,2314,0,5,64.43,1,0,29.96,2.243,0,0
tx_live_00001106,cust_008012,32.22,3,travel,US,0,117,1682,1,6,50.68,1,0,19.68,1.637,0,0
tx_live_00001107,cust_007514,1113.47,16,groceries,US,0,623,1718,1,7,36.96,1,0,183.42,6.0,0,0
tx_live_00001108,cust_005771,192.71,22,online_retail,MX,1,634,1492,1,9,23.64,1,0,30.81,6.256,0,0
tx_live_00001109,cust_000603,19.09,14,online_retail,US,0,371,1961,2,7,21.51,1,0,15.19,1.257,0,0
tx_live_00001110,cust_000447,1073.01,12,online_retail,US,0,319,2056,0,1,16.1,1,0,63.92,6.0,0,0
tx_live_00001111,cust_000511,366.03,6,online_retail,MX,1,343,952,2,7,59.63,1,0,19.3,18.963,1,0
tx_live_00001112,cust_009456,71.62,22,utilities,GB,1,75,701,2,10,83.53,1,0,24.29,2.949,0,0
tx_live_00001113,cust_011014,94.19,1,groceries,US,0,337,1047,1,5,11.63,0,0,65.71,1.433,1,0
tx_live_00001114,cust_002410,102.23,3,fuel,US,0,437,1713,1,11,29.09,1,0,97.18,1.052,0,0
tx_live_00001115,cust_008902,48.2,3,fuel,US,0,429,707,1,9,49.05,1,0,58.27,0.827,0,0
tx_live_00001116,cust_004484,92.11,2,online_retail,US,0,403,1110,0,7,91.82,1,0,66.49,1.385,0,0
tx_live_00001117,cust_002560,8.97,2,restaurants,US,0,337,1563,1,6,49.88,0,0,26.68,0.336,1,0
tx_live_00001118,cust_010562,13.33,10,online_retail,US,0,549,3212,3,11,46.66,1,0,28.92,0.461,0,0
tx_live_00001119,cust_002437,27.07,16,groceries,GB,1,237,625,2,6,82.88,1,0,22.35,1.211,0,0
tx_live_00001120,cust_002874,2777.89,15,online_retail,US,0,120,900,0,3,7.71,1,0,48.12,6.0,0,0
tx_live_00001121,cust_008295,1591.02,11,restaurants,US,0,218,2397,1,4,6.92,1,0,40.68,6.0,0,0
tx_live_00001122,cust_010714,78.01,17,restaurants,US,0,144,1062,0,9,95.48,1,0,31.7,2.461,0,0
tx_live_00001123,cust_011368,1300.85,18,fuel,US,0,279,1599,1,8,9.24,1,0,99.63,6.0,0,0
tx_live_00001124,cust_011842,64.62,13,fuel,US,0,335,1174,4,12,6.2,1,0,52.53,1.23,0,0
tx_live_00001125,cust_009969,65.32,1,fuel,US,0,157,1667,1,6,35.08,0,0,64.3,1.016,0,0
tx_live_00001126,cust_003199,99.96,7,restaurants,US,0,296,1611,3,12,129.42,0,0,23.68,4.222,0,0
tx_live_00001127,cust_002157,29.68,14,electronics,US,0,140,1189,3,10,20.27,1,0,16.21,1.831,0,0
tx_live_00001128,cust_005104,890.07,14,groceries,US,0,143,900,0,0,28.96,1,0,26.2,6.0,0,0
tx_live_00001129,cust_001686,35.9,2,restaurants,US,0,272,861,1,4,18.35,0,2,16.75,2.143,0,0
tx_live_00001130,cust_006167,16.95,21,online_retail,US,0,365,507,0,6,82.06,1,0,112.02,0.151,0,0
tx_live_00001131,cust_006645,38.92,1,online_retail,US,0,435,1482,3,8,39.84,1,1,16.03,2.428,0,0
tx_live_00001132,cust_008319,50.81,15,electronics,DE,1,169,1456,2,10,22.56,0,0,67.99,0.747,0,0
tx_live_00001133,cust_006420,23.58,3,restaurants,US,0,196,845,3,11,21.02,0,1,42.78,0.551,0,0
tx_live_00001134,cust_006976,27.93,8,electronics,US,0,45,834,0,6,84.47,0,0,68.11,0.41,0,0
tx_live_00001135,cust_001355,35.74,7,restaurants,MX,1,647,959,2,8,87.86,1,1,29.92,1.194,0,0
tx_live_00001136,cust_009542,181.88,1,groceries,MX,1,522,326,4,14,23.9,1,0,289.31,0.629,0,0
tx_live_00001137,cust_008600,224.23,12,fuel,CA,1,154,1086,2,9,27.31,1,1,35.72,6.277,0,0
tx_live_00001138,cust_007976,29.32,17,groceries,US,0,415,2195,1,2,69.17,0,0,46.06,0.636,0,0
tx_live_00001139,cust_011766,174.92,19,fuel,US,0,215,1385,4,11,79.5,0,0,9.18,19.053,0,0
tx_live_00001140,cust_001330,59.46,23,online_retail,DE,1,264,1491,0,9,71.22,1,0,78.73,0.755,0,0
tx_live_00001141,cust_006324,23.89,3,fuel,CA,1,519,2338,0,8,33.73,1,0,35.33,0.676,0,0
tx_live_00001142,cust_000863,49.72,21,restaurants,BR,1,534,669,1,9,43.05,0,0,63.3,0.785,0,0
tx_live_00001143,cust_007680,31.89,9,restaurants,US,0,192,1291,1,8,50.86,1,0,31.55,1.011,0,0
tx_live_00001144,cust_010233,30.49,21,restaurants,US,0,700,1085,0,5,23.84,1,0,16.46,1.852,0,0
tx_live_00001145,cust_004148,16.63,3,groceries,US,0,575,562,1,7,54.7,0,0,123.47,0.135,0,0
tx_live_00001146,cust_000750,1585.69,11,restaurants,US,0,210,2181,1,4,33.31,1,0,31.44,6.0,0,0
tx_live_00001147,cust_000722,14.0,15,online_retail,US,0,336,1464,1,9,101.51,1,0,37.75,0.371,0,0
tx_live_00001148,cust_003726,1203.12,15,electronics,US,0,582,900,2,5,43.53,1,0,38.9,6.0,0,0
tx_live_00001149,cust_004090,99.79,21,fuel,JP,1,313,753,0,5,81.82,1,1,67.26,1.484,0,0
tx_live_00001150,cust_005947,1211.58,10,online_retail,US,0,1011,1629,2,6,12.22,1,0,21.46,6.0,0,0
tx_live_00001151,cust_010427,53.0,17,restaurants,GB,1,86,686,2,5,46.86,1,0,36.95,1.435,0,0
tx_live_00001152,cust_000016,1309.12,15,restaurants,US,0,214,900,3,7,10.05,1,0,66.87,6.0,0,0
tx_live_00001153,cust_000972,118.72,10,fuel,US,0,413,677,0,11,80.07,0,1,46.11,2.575,0,0
tx_live_00001154,cust_001385,50.14,18,restaurants,MX,1,220,1284,0,8,30.2,1,0,98.39,0.51,0,0
tx_live_00001155,cust_006963,807.35,19,travel,US,0,336,1203,2,7,24.02,1,0,88.69,6.0,0,0
tx_live_00001156,cust_008939,6.84,4,luxury,US,0,574,575,4,8,30.28,0,1,36.4,0.188,0,0
tx_live_00001157,cust_001305,779.39,16,restaurants,US,0,640,1018,0,5,4.23,1,0,48.94,6.0,0,0
tx_live_00001158,cust_003153,25.7,6,online_retail,CA,1,301,869,2,9,81.95,0,0,50.33,0.511,0,0
tx_live_00001159,cust_003097,1343.43,9,travel,US,0,438,1186,0,4,10.86,1,0,38.52,6.0,0,0
tx_live_00001160,cust_007180,194.35,23,electronics,US,0,215,587,2,9,51.3,1,0,59.35,3.275,0,0
tx_live_00001161,cust_001599,58.97,4,groceries,CA,1,609,723,3,8,59.73,0,0,16.72,3.526,0,0
tx_live_00001162,cust_007757,37.78,8,fuel,US,0,278,1179,0,5,88.29,1,1,63.28,0.597,0,0
tx_live_00001163,cust_004623,1270.12,17,groceries,US,0,211,1564,0,3,13.43,1,0,56.5,6.0,0,0
tx_live_00001164,cust_008611,36.97,20,luxury,US,0,607,1832,0,3,46.4,1,0,34.39,1.075,0,0
tx_live_00001165,cust_008826,61.23,21,groceries,US,0,744,830,0,8,10.3,1,0,57.78,1.06,0,0
tx_live_00001166,cust_003113,1232.17,12,online_retail,US,0,482,900,0,4,30.61,1,0,106.92,6.0,0,0
tx_live_00001167,cust_006468,2600.74,14,groceries,US,0,657,900,1,9,11.1,1,0,182.17,6.0,0,0
tx_live_00001168,cust_004432,15.14,3,groceries,US,0,117,2768,2,4,23.38,0,0,63.55,0.238,0,0
tx_live_00001169,cust_001023,95.78,5,groceries,US,0,187,584,4,11,80.34,1,1,45.53,2.104,0,0
tx_live_00001170,cust_002523,40.65,12,online_retail,US,0,232,431,2,10,26.59,1,0,64.59,0.629,0,0
tx_live_00001171,cust_002551,1316.58,18,luxury,US,0,214,1379,0,7,19.78,1,0,114.27,6.0,0,0
tx_live_00001172,cust_005341,17.28,3,electronics,US,0,204,731,0,10,151.29,1,1,74.12,0.233,0,0
tx_live_00001173,cust_006164,2325.31,15,restaurants,US,0,597,900,1,6,10.66,1,0,45.02,6.0,0,0
tx_live_00001174,cust_002194,23.67,18,fuel,US,0,671,1059,2,5,58.86,0,0,35.73,0.662,0,0
tx_live_00001175,cust_011012,1537.9,19,online_retail,US,0,313,900,1,6,9.49,1,0,74.87,6.0,0,0
tx_live_00001176,cust_000104,150.69,6,restaurants,US,0,163,2316,2,8,75.76,1,0,24.13,6.244,0,0
tx_live_00001177,cust_010942,1066.19,15,fuel,US,0,71,1590,1,7,142.23,1,0,26.42,40.36,0,0
tx_live_00001178,cust_000536,75.26,8,fuel,US,0,102,2059,2,8,51.2,1,0,14.17,5.31,0,0
tx_live_00001179,cust_002627,238.88,11,electronics,US,0,232,1747,0,4,113.38,0,0,54.3,4.399,0,0
tx_live_00001180,cust_011042,12.69,18,fuel,US,0,248,1356,0,3,80.93,1,1,136.71,0.093,0,0
tx_live_00001181,cust_008151,29.9,2,utilities,GB,1,106,1143,2,9,25.94,1,0,69.65,0.429,1,0
tx_live_00001182,cust_004484,779.92,9,groceries,US,0,250,988,0,4,11.61,1,0,25.41,6.0,0,0
tx_live_00001183,cust_007749,83.11,23,online_retail,US,0,208,375,2,6,43.65,1,0,24.82,3.349,0,0
tx_live_00001184,cust_006719,12.82,4,online_retail,FR,1,269,1000,3,7,74.01,1,1,139.95,0.092,0,0
tx_live_00001185,cust_001998,145.12,10,travel,US,0,830,2474,1,12,91.02,0,0,26.48,5.481,0,0
tx_live_00001186,cust_003957,92.76,15,travel,US,0,493,1390,2,12,142.88,0,0,50.44,1.839,0,0
tx_live_00001187,cust_004888,77.25,9,fuel,US,0,69,2072,0,9,135.12,1,1,56.81,1.36,0,0
tx_live_00001188,cust_007669,678.46,14,electronics,US,0,546,1325,0,2,40.33,1,0,7.46,6.0,0,0
tx_live_00001189,cust_004567,34.43,2,utilities,US,0,547,1471,3,8,60.68,0,0,45.01,0.765,0,0
tx_live_00001190,cust_000855,139.98,18,groceries,US,0,69,516,1,4,25.74,1,0,87.07,1.608,0,0
tx_live_00001191,cust_003844,66.65,18,restaurants,US,0,142,1027,0,3,46.14,0,1,65.5,1.017,0,0
tx_live_00001192,cust_001456,40.05,16,fuel,GB,1,215,2378,2,10,22.6,1,0,25.15,1.592,0,0
tx_live_00001193,cust_011364,91.91,17,fuel,US,0,733,495,3,14,64.07,0,1,39.38,2.334,0,0
tx_live_00001194,cust_002488,20.7,0,restaurants,CA,1,393,2953,1,10,64.46,1,1,25.1,0.825,0,0
tx_live_00001195,cust_001748,37.64,7,fuel,US,0,400,1221,0,6,27.49,1,0,26.85,1.402,0,0
tx_live_00001196,cust_011824,37.22,13,groceries,GB,1,116,1250,1,7,69.05,1,0,34.81,1.069,0,0
tx_live_00001197,cust_000815,68.57,5,restaurants,CA,1,838,255,1,8,6.85,0,0,29.85,2.297,0,0
tx_live_00001198,cust_001691,39.96,21,restaurants,US,0,581,2296,3,10,120.93,0,0,34.08,1.173,0,0
tx_live_00001199,cust_007100,67.34,21,restaurants,US,0,342,1973,1,7,101.68,1,0,57.82,1.165,0,0
tx_live_00001200,cust_007851,15.91,3,electronics,US,0,310,992,1,4,80.31,1,0,34.72,0.458,0,0
tx_live_00001201,cust_006886,1728.3,17,online_retail,US,0,510,1344,0,4,20.36,1,0,31.98,6.0,0,0
tx_live_00001202,cust_009646,85.26,3,groceries,US,0,374,838,0,7,55.89,1,0,46.05,1.852,0,0
tx_live_00001203,cust_001274,54.25,18,online_retail,DE,1,141,293,0,8,43.1,1,0,90.48,0.6,0,0
tx_live_00001204,cust_007616,27.82,3,utilities,US,0,169,903,0,9,92.86,1,0,55.61,0.5,0,0
tx_live_00001205,cust_007734,72.45,2,fuel,GB,1,423,2369,1,10,97.22,1,0,47.77,1.517,0,0
tx_live_00001206,cust_008399,76.67,2,fuel,US,0,563,705,3,9,42.51,1,0,41.34,1.855,0,0
tx_live_00001207,cust_001798,145.11,22,travel,US,0,414,2043,0,6,32.4,1,0,58.94,2.462,0,0
tx_live_00001208,cust_002197,808.83,13,fuel,US,0,356,1592,0,4,26.68,1,0,26.83,6.0,0,0
tx_live_00001209,cust_011768,2018.71,18,groceries,US,0,318,900,2,9,3.57,1,0,22.96,6.0,0,0
tx_live_00001210,cust_011923,61.7,9,online_retail,US,0,217,1897,2,10,134.69,0,0,77.67,0.794,0,0
tx_live_00001211,cust_008316,155.9,9,luxury,US,0,857,1580,0,5,34.93,1,0,18.03,8.648,0,0
tx_live_00001212,cust_006140,101.21,22,groceries,US,0,421,1640,1,9,38.69,0,0,22.98,4.404,0,0
tx_live_00001213,cust_010391,32.82,3,groceries,US,0,232,945,2,9,9.57,0,1,13.63,2.408,0,0
tx_live_00001214,cust_005067,178.52,8,luxury,DE,1,456,2517,1,10,19.63,1,0,150.34,1.187,0,0
tx_live_00001215,cust_004939,30.29,21,fuel,GB,1,516,1858,1,7,60.7,1,0,102.27,0.296,0,0
tx_live_00001216,cust_007402,49.18,12,electronics,US,0,236,501,1,7,48.36,1,1,56.48,0.871,0,0
tx_live_00001217,cust_000929,10.89,15,utilities,US,0,226,1458,0,10,22.58,0,0,123.65,0.088,1,0
tx_live_00001218,cust_003860,63.39,17,groceries,FR,1,1083,2915,1,6,30.02,0,0,31.96,1.984,0,0
tx_live_00001219,cust_000362,78.63,4,restaurants,GB,1,657,1059,0,8,54.12,0,0,31.79,2.473,0,0
tx_live_00001220,cust_005534,48.08,8,groceries,CA,1,366,1061,1,9,62.55,1,1,115.18,0.417,0,0
tx_live_00001221,cust_005599,57.93,12,fuel,US,0,98,945,2,7,17.0,1,0,42.6,1.36,1,0
tx_live_00001222,cust_004393,1180.71,9,groceries,US,0,162,900,2,7,22.45,1,0,127.43,6.0,0,0
tx_live_00001223,cust_006058,94.32,14,fuel,US,0,286,962,1,8,91.99,1,0,54.81,1.721,0,0
tx_live_00001224,cust_000374,35.81,11,groceries,US,0,452,724,2,7,85.02,1,0,79.45,0.451,0,0
tx_live_00001225,cust_009644,99.99,23,utilities,US,0,157,877,0,5,56.01,1,0,110.22,0.907,0,0
tx_live_00001226,cust_009741,87.32,20,electronics,CA,1,182,1986,2,8,90.24,0,0,62.36,1.4,0,0
tx_live_00001227,cust_010253,64.06,1,restaurants,US,0,139,835,2,10,56.44,0,0,101.01,0.634,0,0
tx_live_00001228,cust_005800,1730.72,16,restaurants,US,0,665,900,3,4,44.87,1,0,127.48,6.0,0,0
tx_live_00001229,cust_007253,79.21,4,electronics,US,0,522,300,2,7,51.67,1,0,136.38,0.581,1,0
tx_live_00001230,cust_009357,1290.24,11,online_retail,US,0,230,2121,1,4,0.86,1,0,82.77,6.0,0,0
tx_live_00001231,cust_008736,15.08,7,online_retail,US,0,116,575,0,11,93.96,0,0,22.3,0.676,0,0
tx_live_00001232,cust_000316,281.85,20,restaurants,US,0,163,1864,1,7,16.77,1,0,71.47,3.944,0,0
tx_live_00001233,cust_009115,517.97,3,electronics,DE,1,589,1899,2,8,38.24,1,0,44.64,11.603,0,1
tx_live_00001234,cust_011265,81.9,6,online_retail,FR,1,203,999,3,12,33.66,0,0,124.16,0.66,0,0
tx_live_00001235,cust_000831,32.0,17,groceries,MX,1,294,1209,2,15,20.77,1,0,108.66,0.294,0,0
tx_live_00001236,cust_007389,991.14,15,groceries,US,0,704,1421,2,4,5.22,1,0,75.45,6.0,0,0
tx_live_00001237,cust_002498,18.64,11,restaurants,US,0,699,832,1,7,30.28,1,0,20.7,0.901,0,0
tx_live_00001238,cust_007556,2523.5,11,travel,US,0,240,1500,2,4,15.64,1,0,68.36,6.0,0,0
tx_live_00001239,cust_010941,300.99,16,groceries,US,0,264,1401,2,11,93.84,0,0,69.68,4.32,0,0
tx_live_00001240,cust_002690,105.14,15,restaurants,US,0,640,1445,2,6,40.12,0,0,45.06,2.333,0,0
tx_live_00001241,cust_002050,110.64,1,electronics,US,0,227,123,2,13,20.18,1,0,21.1,5.243,0,0
tx_live_00001242,cust_006221,10.88,15,luxury,US,0,178,1279,1,8,77.41,0,0,20.59,0.528,0,0
tx_live_00001243,cust_008554,1513.09,20,restaurants,US,0,120,1734,0,2,12.68,1,0,24.61,6.0,0,0
tx_live_00001244,cust_005221,20.29,9,restaurants,US,0,403,443,0,6,32.25,0,0,122.32,0.166,1,0
tx_live_00001245,cust_003403,323.4,0,luxury,US,0,741,812,1,4,48.07,1,0,10.86,29.766,0,0
tx_live_00001246,cust_003275,62.24,23,groceries,US,0,435,1062,0,3,16.73,0,0,29.58,2.104,0,0
tx_live_00001247,cust_004734,51.17,7,travel,US,0,256,1233,0,6,3.89,0,0,67.43,0.759,0,0
tx_live_00001248,cust_000168,113.81,11,restaurants,US,0,46,1929,1,6,32.99,0,0,40.84,2.787,0,0
tx_live_00001249,cust_005785,186.0,17,travel,US,0,191,868,2,7,94.26,0,0,50.79,3.662,0,0
tx_live_00001250,cust_007613,2443.39,16,electronics,US,0,289,900,2,4,12.04,1,0,48.07,6.0,0,0
tx_live_00001251,cust_010406,35.24,21,restaurants,US,0,1171,955,0,5,77.41,1,0,39.03,0.903,0,0
tx_live_00001252,cust_006550,2128.95,16,fuel,US,0,208,1000,1,3,13.9,1,0,11.3,6.0,0,0
tx_live_00001253,cust_008213,117.16,19,restaurants,US,0,645,1237,0,3,38.03,1,0,56.34,2.08,0,0
tx_live_00001254,cust_011582,53.36,13,online_retail,CA,1,156,1400,1,10,36.55,1,0,45.75,1.166,0,0
tx_live_00001255,cust_008761,1808.29,16,restaurants,US,0,468,1353,1,4,21.42,1,0,33.97,6.0,0,0
tx_live_00001256,cust_006557,35.93,6,travel,US,0,249,460,1,8,74.5,1,1,48.37,0.743,0,0
tx_live_00001257,cust_000471,121.93,5,restaurants,DE,1,650,292,1,7,117.05,1,0,66.25,1.84,0,0
tx_live_00001258,cust_000724,1126.15,18,fuel,US,0,436,900,1,5,2.29,1,0,94.9,6.0,0,0
tx_live_00001259,cust_005522,109.56,16,restaurants,US,0,33,528,2,21,59.35,1,0,106.26,1.031,0,0
tx_live_00001260,cust_005026,31.91,7,fuel,US,0,302,560,0,7,15.12,0,2,90.78,0.352,1,0
tx_live_00001261,cust_006227,114.74,18,online_retail,CA,1,235,1452,4,8,210.78,1,0,76.1,1.508,0,0
tx_live_00001262,cust_003683,165.33,3,travel,US,0,272,580,2,8,109.9,1,0,52.7,3.137,0,0
tx_live_00001263,cust_002089,145.5,4,groceries,US,0,90,505,0,6,101.93,1,0,28.6,5.087,0,0
tx_live_00001264,cust_008463,31.19,8,electronics,US,0,312,425,3,8,41.17,1,0,121.05,0.258,0,0
tx_live_00001265,cust_007572,72.39,2,fuel,US,0,178,1018,1,8,9.43,1,0,31.24,2.317,0,0
tx_live_00001266,cust_003982,80.82,9,online_retail,US,0,463,1168,2,9,43.49,1,1,45.05,1.794,0,0
tx_live_00001267,cust_006888,1361.18,8,fuel,US,0,240,2574,0,6,14.83,0,2,38.55,35.31,0,0
tx_live_00001268,cust_005372,147.24,12,luxury,US,0,215,791,2,10,139.21,1,0,19.96,7.375,0,0
tx_live_00001269,cust_010674,61.94,19,fuel,FR,1,475,2534,2,11,29.28,1,0,31.09,1.992,0,0
tx_live_00001270,cust_005228,233.35,18,fuel,GB,1,475,898,0,9,16.52,1,0,10.03,23.267,0,0
tx_live_00001271,cust_001087,63.07,4,online_retail,US,0,282,1080,2,7,23.23,1,1,52.56,1.2,0,0
tx_live_00001272,cust_006188,77.58,2,groceries,CA,1,388,920,0,10,18.54,1,1,81.36,0.953,0,0
tx_live_00001273,cust_001974,362.54,7,groceries,CA,1,158,922,2,10,37.62,1,0,15.87,22.845,0,0
tx_live_00001274,cust_000714,265.24,13,fuel,US,0,559,1850,0,5,26.71,0,0,38.0,6.98,0,0
tx_live_00001275,cust_003204,106.6,3,travel,US,0,88,533,0,7,30.16,1,0,90.83,1.174,0,0
tx_live_00001276,cust_005443,38.8,12,fuel,CA,1,253,1665,0,4,26.49,0,1,29.24,1.327,0,0
tx_live_00001277,cust_005709,4.66,23,online_retail,US,0,357,1163,0,4,72.09,1,0,9.63,0.484,0,0
tx_live_00001278,cust_007376,88.0,10,travel,US,0,184,847,1,5,28.66,0,0,42.04,2.093,1,0
tx_live_00001279,cust_007551,31.92,1,travel,US,0,109,860,0,6,44.97,1,0,55.06,0.58,0,0
tx_live_00001280,cust_000211,2432.87,10,travel,US,0,256,1021,1,7,46.94,1,0,60.76,6.0,0,0
tx_live_00001281,cust_007647,1206.37,11,groceries,US,0,708,1572,0,10,31.6,1,0,198.15,6.0,0,0
tx_live_00001282,cust_006783,23.32,10,fuel,CA,1,155,608,1,9,0.57,1,0,44.76,0.521,0,0
tx_live_00001283,cust_003484,22.47,20,online_retail,US,0,228,591,1,6,79.22,1,0,35.69,0.63,0,0
tx_live_00001284,cust_005756,1556.07,13,luxury,US,0,216,1595,0,5,6.79,1,0,32.49,6.0,0,0
tx_live_00001285,cust_006613,84.87,4,fuel,DE,1,444,1235,2,9,119.81,1,0,25.75,3.297,0,0
tx_live_00001286,cust_007855,1034.67,16,groceries,US,0,458,900,1,4,38.61,1,0,40.52,6.0,0,0
tx_live_00001287,cust_009129,21.66,19,groceries,US,0,253,1330,0,5,52.35,1,0,23.46,0.923,0,0
tx_live_00001288,cust_008420,9.89,10,groceries,US,0,491,1153,0,7,30.99,1,0,61.37,0.161,0,0
tx_live_00001289,cust_003904,53.73,16,electronics,US,0,165,3078,4,16,15.1,1,0,34.49,1.558,1,0
tx_live_00001290,cust_005543,43.57,3,groceries,US,0,492,1081,1,6,52.38,1,0,77.5,0.562,0,0
tx_live_00001291,cust_006239,62.2,6,fuel,US,0,297,601,1,7,78.9,1,0,38.03,1.635,0,0
tx_live_00001292,cust_002407,270.93,1,electronics,US,0,448,1580,1,6,99.96,0,1,49.33,5.493,0,1
tx_live_00001293,cust_000353,41.86,23,groceries,US,0,195,779,0,11,29.97,1,0,126.88,0.33,0,0
tx_live_00001294,cust_006272,182.27,7,electronics,US,0,83,778,3,6,49.01,0,0,117.89,1.546,0,0
tx_live_00001295,cust_000242,55.45,17,groceries,US,0,237,1445,4,15,62.98,1,0,47.13,1.177,0,0
tx_live_00001296,cust_001461,108.6,8,restaurants,US,0,113,541,4,10,66.31,0,0,14.95,7.264,0,0
tx_live_00001297,cust_007141,156.49,13,restaurants,US,0,612,2148,0,6,42.91,1,0,34.52,4.534,1,0
tx_live_00001298,cust_004793,1925.51,15,groceries,US,0,446,962,1,6,4.23,1,0,41.98,6.0,0,0
tx_live_00001299,cust_004747,975.03,17,fuel,US,0,185,900,1,5,28.6,1,0,35.78,6.0,0,0
tx_live_00001300,cust_007960,1142.42,19,groceries,US,0,623,1226,3,5,12.61,1,0,70.11,6.0,0,0
tx_live_00001301,cust_006730,56.18,14,restaurants,GB,1,624,1368,1,6,42.11,1,0,18.79,2.99,1,0
tx_live_00001302,cust_009996,15.37,21,luxury,US,0,165,1462,1,6,47.3,0,0,39.86,0.386,0,0
tx_live_00001303,cust_002555,17.89,12,fuel,GB,1,820,1360,1,9,76.49,1,0,30.36,0.589,0,0
tx_live_00001304,cust_010029,39.37,8,restaurants,US,0,315,609,0,7,92.79,1,0,21.89,1.799,0,0
tx_live_00001305,cust_004199,24.64,11,fuel,US,0,1016,556,4,11,97.21,0,1,74.3,0.332,0,0
tx_live_00001306,cust_000605,132.35,0,fuel,CA,1,171,1474,1,6,62.28,1,1,59.69,2.217,0,0
tx_live_00001307,cust_006249,128.59,3,groceries,CA,1,444,1257,0,9,69.83,1,0,55.65,2.311,0,0
tx_live_00001308,cust_008829,5.57,4,groceries,US,0,1526,1717,2,9,15.57,0,0,36.68,0.152,1,0
tx_live_00001309,cust_005245,114.01,0,online_retail,US,0,308,1647,1,5,39.8,0,0,137.55,0.829,0,0
tx_live_00001310,cust_006352,1529.87,10,restaurants,US,0,120,900,0,4,14.98,1,0,36.52,6.0,0,0
tx_live_00001311,cust_003385,2383.1,19,travel,US,0,369,3037,2,5,9.88,1,0,23.37,6.0,0,0
tx_live_00001312,cust_003116,249.13,9,groceries,US,0,313,1339,2,9,16.6,1,0,56.82,4.384,0,0
tx_live_00001313,cust_008910,74.63,23,groceries,US,0,225,839,0,5,34.36,1,0,61.86,1.206,0,0
tx_live_00001314,cust_008891,50.32,15,groceries,US,0,818,2124,1,3,103.98,0,0,41.14,1.223,0,0
tx_live_00001315,cust_010036,28.8,21,online_retail,US,0,414,1320,2,5,13.69,1,1,129.19,0.223,0,0
tx_live_00001316,cust_008892,621.58,10,electronics,US,0,120,1188,1,5,42.68,1,0,31.3,6.0,0,0
tx_live_00001317,cust_010518,115.63,20,online_retail,US,0,496,962,1,11,4.77,1,0,52.75,2.192,0,0
tx_live_00001318,cust_003725,150.25,1,utilities,CA,1,532,2207,1,14,38.3,0,0,23.75,6.327,0,1
tx_live_00001319,cust_000323,1807.84,13,online_retail,US,0,544,900,2,7,32.85,1,0,93.19,6.0,0,0
tx_live_00001320,cust_006864,996.41,18,fuel,US,0,562,900,3,5,25.87,1,0,35.74,6.0,0,0
tx_live_00001321,cust_004770,62.49,19,travel,US,0,341,1351,2,8,27.49,1,0,121.44,0.515,0,0
tx_live_00001322,cust_009570,399.2,14,luxury,US,0,225,1515,1,5,13.4,1,0,10.78,37.021,0,0
tx_live_00001323,cust_002780,76.73,16,travel,US,0,192,928,0,7,42.02,1,0,37.08,2.069,0,0
tx_live_00001324,cust_006988,362.52,17,fuel,BR,1,230,324,4,12,146.72,0,0,74.48,4.867,1,1
tx_live_00001325,cust_008168,1242.99,20,travel,US,0,152,900,2,7,9.48,1,0,27.36,6.0,0,0
tx_live_00001326,cust_010681,32.74,18,online_retail,FR,1,435,772,3,12,5.02,1,0,60.7,0.539,0,0
tx_live_00001327,cust_000238,61.44,22,electronics,US,0,188,1353,0,9,25.09,0,0,132.7,0.463,0,0
tx_live_00001328,cust_002636,60.52,7,travel,US,0,247,857,2,7,92.43,1,0,29.04,2.084,1,0
tx_live_00001329,cust_008453,146.45,11,groceries,US,0,251,762,1,6,28.3,0,1,41.27,3.548,1,0
tx_live_00001330,cust_003022,30.74,10,electronics,US,0,158,2188,3,6,42.27,1,0,10.0,3.073,0,0
tx_live_00001331,cust_003851,23.54,3,groceries,JP,1,251,1116,4,8,27.0,1,0,11.98,1.964,0,0
tx_live_00001332,cust_001785,1374.0,15,fuel,US,0,915,1005,0,12,26.66,0,0,36.2,37.961,0,0
tx_live_00001333,cust_000740,1379.77,9,online_retail,US,0,120,1455,1,6,22.51,1,0,24.23,6.0,0,0
tx_live_00001334,cust_001186,232.31,23,luxury,CA,1,380,896,0,7,140.15,1,0,29.96,7.753,0,1
tx_live_00001335,cust_000342,90.77,21,restaurants,US,0,602,631,0,6,44.48,0,0,15.22,5.963,0,0
tx_live_00001336,cust_002124,105.39,17,groceries,US,0,628,670,0,8,22.32,1,1,21.46,4.911,0,0
tx_live_00001337,cust_006902,158.29,9,groceries,US,0,358,1590,3,5,2.04,0,0,15.23,10.39,1,0
tx_live_00001338,cust_006760,101.47,11,groceries,US,0,157,475,2,11,24.92,1,0,24.96,4.066,0,0
tx_live_00001339,cust_006509,651.55,20,restaurants,US,0,408,900,3,10,2.01,1,0,87.58,6.0,0,0
tx_live_00001340,cust_011303,1282.02,19,utilities,US,0,460,1790,1,2,40.55,1,0,19.17,6.0,0,0
tx_live_00001341,cust_008847,301.41,18,restaurants,JP,1,99,384,2,10,97.22,1,0,12.58,23.964,0,0
tx_live_00001342,cust_008287,453.99,11,online_retail,US,0,506,900,1,7,13.88,1,0,49.01,6.0,0,0
tx_live_00001343,cust_005170,1821.75,17,groceries,US,0,495,900,1,2,28.99,1,0,27.27,6.0,0,0
tx_live_00001344,cust_006931,400.0,17,groceries,US,0,128,900,1,4,21.58,1,0,15.56,6.0,0,0
tx_live_00001345,cust_000854,2209.96,14,utilities,US,0,170,1931,1,6,8.12,1,0,148.13,6.0,0,0
tx_live_00001346,cust_004658,172.06,5,travel,JP,1,59,748,1,10,20.06,0,0,55.32,3.11,0,0
tx_live_00001347,cust_008115,48.95,12,groceries,GB,1,577,1540,1,5,60.19,1,0,53.26,0.919,1,0
tx_live_00001348,cust_006600,9.28,14,electronics,US,0,325,1401,0,7,101.85,0,0,49.94,0.186,0,0
tx_live_00001349,cust_001228,1083.68,11,travel,US,0,146,1380,2,8,16.36,1,0,80.92,6.0,0,0
tx_live_00001350,cust_008202,87.12,21,restaurants,FR,1,82,2134,2,9,110.53,1,0,18.34,4.75,1,0
tx_live_00001351,cust_007777,105.95,8,luxury,US,0,250,2755,0,4,76.08,0,0,32.85,3.226,0,0
tx_live_00001352,cust_002698,2486.49,13,utilities,US,0,205,1322,2,4,26.64,1,0,16.66,6.0,0,0
tx_live_00001353,cust_009060,65.82,1,travel,US,0,147,1808,1,7,118.75,0,0,56.03,1.175,0,0
tx_live_00001354,cust_004600,257.35,16,travel,US,0,397,1748,2,5,3.14,1,0,21.9,11.753,0,0
tx_live_00001355,cust_001851,55.63,14,online_retail,CA,1,422,1483,2,9,7.65,1,0,32.95,1.688,0,0
tx_live_00001356,cust_001603,626.15,13,utilities,US,0,282,2200,2,6,21.6,1,1,66.63,9.398,0,0
tx_live_00001357,cust_001469,21.4,23,online_retail,US,0,130,963,1,10,31.63,1,1,23.52,0.91,0,0
tx_live_00001358,cust_007594,67.7,7,groceries,US,0,341,437,3,11,64.4,1,0,5.0,13.54,0,0
tx_live_00001359,cust_005583,51.18,2,fuel,US,0,259,2046,1,7,41.83,0,0,68.42,0.748,0,0
tx_live_00001360,cust_011962,19.35,21,restaurants,US,0,298,711,1,7,48.11,1,0,64.84,0.298,0,0
tx_live_00001361,cust_005752,24.81,16,groceries,CA,1,340,2166,2,7,66.83,0,0,22.74,1.091,0,0
tx_live_00001362,cust_007187,65.44,17,online_retail,FR,1,89,1092,4,6,36.24,1,0,42.97,1.523,0,0
tx_live_00001363,cust_001136,2435.41,17,fuel,US,0,259,900,0,5,4.57,1,0,41.13,6.0,0,0
tx_live_00001364,cust_000586,61.54,15,luxury,US,0,510,1488,2,10,32.16,0,0,79.23,0.777,0,0
tx_live_00001365,cust_003373,130.32,11,online_retail,US,0,232,916,1,6,15.0,1,0,56.62,2.302,0,0
tx_live_00001366,cust_008879,20.33,17,online_retail,CA,1,667,1072,4,12,26.02,0,0,80.72,0.252,0,0
tx_live_00001367,cust_000110,27.75,7,travel,DE,1,319,1703,3,12,78.06,1,1,158.2,0.175,0,0
tx_live_00001368,cust_007999,1186.47,11,restaurants,US,0,428,900,1,8,57.63,1,0,19.26,6.0,0,0
tx_live_00001369,cust_008860,37.53,8,restaurants,US,0,502,2110,1,6,29.45,1,0,63.6,0.59,0,0
tx_live_00001370,cust_009485,1158.16,12,restaurants,US,0,227,2277,2,8,18.8,1,0,195.56,5.922,0,0
tx_live_00001371,cust_004880,26.33,3,fuel,US,0,444,1718,1,6,63.26,1,0,46.62,0.565,0,0
tx_live_00001372,cust_010800,1224.21,16,luxury,US,0,481,1383,0,5,7.3,1,0,47.77,6.0,0,0
tx_live_00001373,cust_011601,69.14,16,electronics,US,0,197,745,0,3,52.74,1,0,12.46,5.551,0,0
tx_live_00001374,cust_007541,85.05,4,online_retail,US,0,404,878,3,11,60.58,0,0,157.2,0.541,0,0
tx_live_00001375,cust_010700,992.97,19,restaurants,US,0,138,1552,1,6,24.15,1,0,142.43,6.0,0,0
tx_live_00001376,cust_008168,35.31,9,online_retail,CA,1,346,2562,2,8,204.47,1,0,67.57,0.523,0,0
tx_live_00001377,cust_006395,29.34,2,restaurants,US,0,392,822,0,7,81.02,1,1,44.28,0.663,0,0
tx_live_00001378,cust_003616,12.01,14,restaurants,US,0,228,1559,1,10,3.67,0,1,96.5,0.124,0,0
tx_live_00001379,cust_002465,55.87,6,groceries,US,0,246,1108,4,9,34.65,0,0,30.83,1.812,0,0
tx_live_00001380,cust_005601,89.54,23,online_retail,US,0,284,2483,1,10,54.73,1,0,77.2,1.16,0,0
tx_live_00001381,cust_002783,2524.62,12,utilities,US,0,421,1913,1,6,14.55,1,0,31.6,6.0,0,0
tx_live_00001382,cust_004241,1094.99,13,electronics,US,0,130,900,1,3,23.52,1,0,33.3,6.0,0,0
tx_live_00001383,cust_006510,1393.7,14,electronics,US,0,319,2299,0,2,8.32,1,0,164.99,6.0,0,0
tx_live_00001384,cust_004215,134.99,10,groceries,CA,1,229,1216,0,5,20.08,1,0,59.31,2.276,1,0
tx_live_00001385,cust_006364,29.9,10,fuel,US,0,403,1279,1,4,88.89,1,0,73.25,0.408,0,0
tx_live_00001386,cust_000972,43.03,4,fuel,US,0,299,921,0,9,19.41,0,0,98.21,0.438,0,0
tx_live_00001387,cust_004718,141.74,23,online_retail,US,0,120,873,0,7,41.46,1,0,9.19,15.426,0,0
tx_live_00001388,cust_006427,36.85,10,travel,US,0,135,744,1,3,94.62,0,0,66.57,0.554,0,0
tx_live_00001389,cust_009915,184.24,4,restaurants,US,0,252,1113,1,8,45.99,1,0,25.09,7.343,0,0
tx_live_00001390,cust_000647,270.27,8,luxury,US,0,313,1739,1,5,118.74,1,0,37.3,7.247,0,0
tx_live_00001391,cust_004475,56.71,21,fuel,US,0,166,597,3,9,62.66,1,0,55.03,1.03,0,0
tx_live_00001392,cust_003261,64.32,8,restaurants,US,0,223,1193,1,12,50.09,1,0,128.1,0.502,0,0
tx_live_00001393,cust_005221,63.36,4,restaurants,US,0,224,1262,3,7,68.88,1,0,12.03,5.265,0,0
tx_live_00001394,cust_000287,223.65,1,fuel,US,0,238,591,1,7,261.85,1,0,24.31,9.2,0,0
tx_live_00001395,cust_011677,1737.2,9,luxury,US,0,120,1543,1,4,16.91,1,0,11.37,6.0,0,0
tx_live_00001396,cust_008185,2007.97,20,online_retail,US,0,498,1559,1,7,2.57,1,0,117.8,6.0,0,0
tx_live_00001397,cust_010604,16.21,8,electronics,FR,1,496,1699,3,11,109.95,1,0,64.13,0.253,0,0
tx_live_00001398,cust_011228,1741.11,20,luxury,US,0,250,900,3,7,11.97,1,0,48.09,6.0,0,0
tx_live_00001399,cust_009242,44.24,15,fuel,US,0,244,1316,2,9,38.58,1,0,18.96,2.333,0,0
tx_live_00001400,cust_004622,22.78,2,restaurants,MX,1,57,1293,2,10,11.04,0,0,124.03,0.184,1,0
tx_live_00001401,cust_007063,145.88,9,restaurants,CA,1,229,1163,3,6,97.0,0,0,120.07,1.215,0,0
tx_live_00001402,cust_006179,66.92,17,groceries,MX,1,618,1287,1,6,53.8,1,0,30.62,2.186,0,0
tx_live_00001403,cust_000630,750.26,17,groceries,US,0,316,2180,1,5,15.11,1,0,134.62,5.573,0,0
tx_live_00001404,cust_003172,1330.15,20,electronics,US,0,246,1130,2,4,22.91,1,0,48.53,6.0,0,0
tx_live_00001405,cust_004795,25.56,4,groceries,US,0,176,1548,0,7,22.85,1,0,19.99,1.279,0,0
tx_live_00001406,cust_011373,457.39,8,online_retail,DE,1,268,2186,2,7,32.94,0,0,59.06,7.744,0,0
tx_live_00001407,cust_003237,1309.14,14,electronics,US,0,420,983,1,3,11.9,1,0,23.98,6.0,0,0
tx_live_00001408,cust_011609,50.95,18,online_retail,US,0,179,644,2,9,25.03,1,0,40.07,1.272,0,0
tx_live_00001409,cust_001825,26.74,2,online_retail,US,0,457,1351,2,9,155.01,1,0,572.44,0.05,0,0
tx_live_00001410,cust_001533,27.73,18,restaurants,US,0,308,1650,1,6,21.56,1,0,79.89,0.347,0,0
tx_live_00001411,cust_008792,2104.29,10,groceries,US,0,292,1100,2,6,14.11,1,0,34.34,6.0,0,0
tx_live_00001412,cust_004784,1090.99,13,electronics,US,0,486,1449,0,7,9.8,1,0,75.79,6.0,0,0
tx_live_00001413,cust_011113,83.05,11,fuel,US,0,386,694,1,6,57.62,0,0,25.53,3.253,0,0
tx_live_00001414,cust_007111,359.28,20,travel,US,0,511,589,2,7,42.58,0,0,101.62,3.536,0,0
tx_live_00001415,cust_010628,57.09,3,online_retail,US,0,37,1052,2,6,30.29,0,1,120.55,0.474,0,0
tx_live_00001416,cust_005479,43.73,20,groceries,US,0,461,2993,1,10,58.89,1,0,44.84,0.975,1,0
tx_live_00001417,cust_002750,94.07,7,online_retail,US,0,188,929,1,11,13.63,0,0,45.03,2.089,0,0
tx_live_00001418,cust_002047,83.45,16,electronics,US,0,204,203,0,4,46.34,0,1,34.42,2.425,0,0
tx_live_00001419,cust_007160,22.47,19,restaurants,US,0,164,1767,0,5,73.92,0,0,110.46,0.203,0,0
tx_live_00001420,cust_011569,10.64,20,restaurants,US,0,429,883,0,6,99.61,0,1,31.47,0.338,0,0
tx_live_00001421,cust_001366,50.28,8,groceries,US,0,228,1099,1,10,17.65,1,0,53.02,0.948,0,0
tx_live_00001422,cust_007698,40.11,20,fuel,US,0,54,1969,0,5,107.22,1,0,75.81,0.529,0,0
tx_live_00001423,cust_000515,36.99,19,groceries,US,0,206,955,1,7,95.95,1,0,39.73,0.931,0,0
tx_live_00001424,cust_011514,62.73,16,electronics,US,0,172,1927,0,9,35.61,0,0,15.96,3.93,0,0
tx_live_00001425,cust_000895,95.9,7,groceries,GB,1,66,2597,2,12,22.15,1,0,14.62,6.558,0,0
tx_live_00001426,cust_009733,26.29,15,utilities,US,0,61,869,4,11,122.15,0,0,125.05,0.21,1,0
tx_live_00001427,cust_000595,126.03,0,restaurants,US,0,304,874,0,3,22.22,1,1,70.44,1.789,1,0
tx_live_00001428,cust_007557,1499.95,17,travel,US,0,204,2020,1,4,56.25,1,0,50.73,6.0,0,0
tx_live_00001429,cust_003654,51.75,23,utilities,CA,1,180,710,0,7,22.45,0,0,87.94,0.588,0,0
tx_live_00001430,cust_003340,75.25,14,luxury,US,0,374,1336,0,15,131.92,1,0,157.68,0.477,0,0
tx_live_00001431,cust_003583,127.95,13,online_retail,MX,1,67,2190,0,10,31.25,1,0,42.5,3.011,0,0
tx_live_00001432,cust_008382,892.54,9,electronics,US,0,120,1568,2,3,8.78,1,0,197.98,4.508,0,0
tx_live_00001433,cust_003295,95.27,4,restaurants,US,0,144,901,2,16,3.13,1,0,23.1,4.124,0,0
tx_live_00001434,cust_005995,2538.27,15,restaurants,US,0,163,1191,0,7,38.8,1,0,44.32,6.0,0,0
tx_live_00001435,cust_000665,2089.12,13,groceries,US,0,120,2235,1,1,3.37,1,0,30.95,6.0,0,0
tx_live_00001436,cust_003128,91.96,17,restaurants,US,0,629,944,2,6,90.06,1,0,35.38,2.599,0,0
tx_live_00001437,cust_003863,32.93,3,fuel,CA,1,913,2067,1,8,34.33,0,0,182.46,0.18,0,0
tx_live_00001438,cust_009898,62.83,9,online_retail,US,0,181,350,2,13,64.56,1,0,43.06,1.459,0,0
tx_live_00001439,cust_011429,45.95,4,restaurants,US,0,697,637,0,12,21.25,0,0,35.03,1.312,0,0
tx_live_00001440,cust_006173,82.76,20,online_retail,CA,1,382,446,1,5,86.56,0,0,94.14,0.879,0,0
tx_live_00001441,cust_006599,12.02,11,groceries,US,0,313,2247,1,12,47.15,1,0,107.23,0.112,0,0
tx_live_00001442,cust_002444,15.37,16,groceries,US,0,114,587,1,11,84.56,0,1,61.48,0.25,0,0
tx_live_00001443,cust_011911,7.09,14,utilities,CA,1,156,1117,4,7,51.26,1,0,52.96,0.134,0,0
tx_live_00001444,cust_000007,137.34,18,utilities,US,0,256,1313,2,7,61.07,1,0,25.13,5.466,0,0
tx_live_00001445,cust_001735,41.54,22,utilities,US,0,132,2640,0,10,95.7,1,0,24.63,1.686,0,0
tx_live_00001446,cust_003782,578.46,19,electronics,US,0,219,1097,1,3,45.28,1,0,5.46,6.0,0,0
tx_live_00001447,cust_005864,9.12,13,groceries,GB,1,202,685,2,12,8.13,0,0,115.67,0.079,0,0
tx_live_00001448,cust_009331,107.16,14,groceries,CA,1,362,1014,5,9,45.19,1,0,208.49,0.514,0,0
tx_live_00001449,cust_008312,78.94,23,luxury,US,0,807,485,2,7,70.25,1,0,44.46,1.775,1,0
tx_live_00001450,cust_002167,234.38,13,groceries,US,0,531,587,2,12,7.28,0,0,13.06,17.943,0,0
tx_live_00001451,cust_005224,280.21,10,utilities,US,0,304,1221,0,8,11.72,1,0,43.9,6.382,0,0
tx_live_00001452,cust_009175,2739.53,18,luxury,US,0,120,1279,1,5,69.84,1,0,100.78,6.0,0,0
tx_live_00001453,cust_001813,71.32,10,restaurants,MX,1,207,575,3,11,24.29,1,0,154.18,0.463,1,0
tx_live_00001454,cust_003259,1426.38,12,restaurants,US,0,315,1164,0,7,26.99,1,0,25.68,6.0,0,0
tx_live_00001455,cust_003760,57.53,21,fuel,US,0,359,2834,0,2,18.15,1,0,5.19,11.088,0,0
tx_live_00001456,cust_010556,47.51,5,restaurants,CA,1,115,2207,1,10,19.88,0,0,90.42,0.525,0,0
tx_live_00001457,cust_010175,62.9,8,fuel,US,0,524,1281,0,3,36.64,1,0,8.96,7.023,1,0
tx_live_00001458,cust_001331,77.71,21,restaurants,CA,1,486,835,1,9,48.29,1,0,45.61,1.704,0,0
tx_live_00001459,cust_011068,29.52,5,fuel,MX,1,201,1457,4,15,42.29,1,0,123.89,0.238,0,0
tx_live_00001460,cust_007965,45.66,10,electronics,FR,1,470,306,1,12,42.66,1,0,144.0,0.317,0,0
tx_live_00001461,cust_000021,396.76,22,restaurants,GB,1,176,1091,0,7,55.45,1,0,30.98,12.808,0,0
tx_live_00001462,cust_002371,1352.25,13,restaurants,US,0,138,1600,0,1,65.6,1,0,72.42,6.0,0,0
tx_live_00001463,cust_002176,41.91,1,online_retail,US,0,339,691,1,4,40.09,1,0,28.53,1.469,0,0
tx_live_00001464,cust_000089,98.06,7,restaurants,MX,1,278,830,2,11,30.86,0,0,41.43,2.367,0,0
tx_live_00001465,cust_003630,25.31,21,restaurants,US,0,287,739,0,10,68.75,0,0,93.0,0.272,0,0
tx_live_00001466,cust_011899,42.7,6,online_retail,US,0,107,894,1,7,31.01,0,2,47.28,0.903,0,0
tx_live_00001467,cust_004739,14.77,11,groceries,US,0,198,2258,1,9,98.49,0,1,39.95,0.37,0,0
tx_live_00001468,cust_007591,57.84,3,fuel,US,0,307,1010,0,6,88.69,0,0,67.24,0.86,0,0
tx_live_00001469,cust_003125,24.48,12,groceries,US,0,169,1284,4,10,94.48,0,0,33.67,0.727,0,0
tx_live_00001470,cust_001001,1268.94,14,fuel,US,0,296,900,1,3,3.6,1,0,51.42,6.0,0,0
tx_live_00001471,cust_007314,91.18,16,fuel,US,0,173,1177,1,6,91.26,0,1,52.82,1.726,1,0
tx_live_00001472,cust_006374,129.01,17,restaurants,DE,1,161,1203,0,7,12.88,1,0,53.68,2.403,0,0
tx_live_00001473,cust_010756,1498.79,18,restaurants,US,0,312,900,1,5,18.1,1,0,18.88,6.0,0,0
tx_live_00001474,cust_001183,392.81,21,online_retail,US,0,121,1004,0,4,5.15,0,0,52.31,7.509,0,0
tx_live_00001475,cust_011009,11.35,15,online_retail,CA,1,777,2221,2,5,76.87,1,0,21.55,0.527,0,0
tx_live_00001476,cust_010869,13.23,16,online_retail,US,0,295,740,1,5,55.46,1,0,29.73,0.445,0,0
tx_live_00001477,cust_007111,67.19,4,restaurants,US,0,696,855,1,10,43.03,1,0,22.47,2.99,0,0
tx_live_00001478,cust_001241,158.45,18,online_retail,GB,1,256,852,2,9,12.93,1,0,33.36,4.749,0,0
tx_live_00001479,cust_003864,53.96,15,fuel,US,0,488,1119,3,9,15.56,0,0,20.64,2.615,0,0
tx_live_00001480,cust_010883,2745.81,13,restaurants,US,0,157,2679,1,8,29.69,1,0,19.36,6.0,0,0
tx_live_00001481,cust_009477,21.1,17,online_retail,FR,1,481,1157,0,15,22.49,1,0,62.78,0.336,0,0
tx_live_00001482,cust_010838,387.72,8,online_retail,US,0,307,1745,2,10,61.35,1,0,40.75,9.514,0,0
tx_live_00001483,cust_000872,1425.26,11,restaurants,US,0,360,900,0,1,9.49,1,0,15.32,6.0,0,0
tx_live_00001484,cust_003327,117.66,0,online_retail,US,0,466,1087,3,11,16.82,1,0,61.25,1.921,0,0
tx_live_00001485,cust_006305,836.15,16,restaurants,US,0,399,900,1,5,31.38,1,0,67.96,6.0,0,0
tx_live_00001486,cust_011923,14.87,23,electronics,US,0,383,1096,4,8,10.7,1,1,31.85,0.467,0,0
tx_live_00001487,cust_009060,144.83,22,restaurants,US,0,340,1371,1,3,35.47,1,0,43.73,3.312,0,0
tx_live_00001488,cust_000176,1014.43,20,groceries,US,0,365,900,1,6,6.99,1,0,130.03,6.0,0,0
tx_live_00001489,cust_011707,93.99,13,travel,US,0,270,930,1,5,15.55,0,0,46.92,2.003,0,0
tx_live_00001490,cust_004391,1630.69,16,restaurants,US,0,295,1169,1,7,27.47,1,0,40.15,6.0,0,0
tx_live_00001491,cust_008818,51.62,2,fuel,US,0,64,799,0,8,146.49,1,1,68.88,0.749,1,0
tx_live_00001492,cust_011555,349.76,6,travel,US,0,410,1486,0,4,45.16,1,1,33.89,10.322,0,0
tx_live_00001493,cust_010020,253.6,0,groceries,US,0,211,1319,1,2,70.38,1,1,198.32,1.279,0,0
tx_live_00001494,cust_000365,2134.18,16,fuel,US,0,141,900,2,3,55.02,1,0,10.08,6.0,0,0
tx_live_00001495,cust_009994,2683.72,11,restaurants,US,0,379,900,0,6,16.1,1,0,99.6,6.0,0,0
tx_live_00001496,cust_009265,226.25,6,travel,US,0,97,2185,2,8,37.25,1,0,46.9,4.824,0,0
tx_live_00001497,cust_005566,388.04,12,luxury,FR,1,234,1756,0,4,79.96,0,0,50.48,7.687,0,0
tx_live_00001498,cust_007842,47.13,9,electronics,US,0,724,1267,0,8,23.62,1,1,187.18,0.252,0,0
tx_live_00001499,cust_002819,506.61,15,fuel,US,0,139,1546,2,10,104.85,0,0,36.93,13.717,0,0
tx_live_00001500,cust_003893,26.02,7,groceries,US,0,435,803,0,8,54.61,1,0,65.52,0.397,0,0
tx_live_00001501,cust_008512,677.33,15,groceries,US,0,702,900,0,2,51.23,1,0,24.99,6.0,0,0
tx_live_00001502,cust_010127,1132.99,12,travel,US,0,230,1367,3,9,50.11,1,0,49.52,6.0,0,0
tx_live_00001503,cust_006917,24.25,12,fuel,CA,1,543,1475,2,10,18.53,0,0,48.65,0.498,0,0
tx_live_00001504,cust_008773,1826.51,20,groceries,US,0,120,1006,0,4,42.85,1,0,11.23,6.0,0,0
tx_live_00001505,cust_001661,9.55,12,travel,JP,1,298,469,4,8,19.81,0,0,326.63,0.05,0,0
tx_live_00001506,cust_003436,63.54,2,electronics,US,0,272,735,0,4,20.91,1,0,91.11,0.697,1,0
tx_live_00001507,cust_003748,120.76,6,fuel,GB,1,502,1362,5,12,29.15,0,0,21.01,5.749,0,1
tx_live_00001508,cust_007582,1215.15,14,online_retail,US,0,230,2299,0,4,13.05,1,0,49.43,6.0,0,0
tx_live_00001509,cust_002827,183.23,1,fuel,US,0,179,2420,0,8,39.87,1,3,10.34,17.728,0,1
tx_live_00001510,cust_008592,14.59,1,travel,DE,1,210,928,1,2,47.14,1,0,139.61,0.105,0,0
tx_live_00001511,cust_005293,2307.03,16,online_retail,US,0,489,999,1,5,16.81,1,0,17.32,6.0,0,0
tx_live_00001512,cust_005380,78.79,15,groceries,US,0,349,1312,1,10,73.63,0,0,39.58,1.991,1,0
tx_live_00001513,cust_008213,79.73,2,restaurants,CA,1,109,1632,3,13,49.2,1,0,107.11,0.744,0,0
tx_live_00001514,cust_010341,147.71,0,restaurants,GB,1,430,370,0,11,92.86,1,0,111.27,1.327,0,0
tx_live_00001515,cust_001661,144.4,12,travel,CA,1,497,1152,2,7,48.37,1,0,41.56,3.475,1,0
tx_live_00001516,cust_002676,27.61,20,electronics,US,0,1138,826,0,4,8.9,0,0,128.37,0.215,0,0
tx_live_00001517,cust_003420,24.63,21,groceries,FR,1,141,1543,0,9,39.93,1,0,19.17,1.285,0,0
tx_live_00001518,cust_000354,1906.06,12,fuel,US,0,136,1330,0,3,42.01,1,0,40.59,6.0,0,0
tx_live_00001519,cust_004280,11.74,3,electronics,US,0,170,1494,1,7,45.1,0,0,47.57,0.247,0,0
tx_live_00001520,cust_006303,997.46,13,restaurants,US,0,286,1720,1,5,4.43,1,0,42.3,6.0,0,0
tx_live_00001521,cust_002759,52.37,1,fuel,US,0,332,1198,3,6,8.1,0,0,13.03,4.019,0,0
tx_live_00001522,cust_009812,672.0,14,electronics,US,0,176,1041,2,7,17.2,1,1,106.95,6.283,0,0
tx_live_00001523,cust_007347,111.86,16,fuel,US,0,391,1397,0,5,25.31,0,0,42.05,2.66,0,0
tx_live_00001524,cust_003665,34.05,21,groceries,US,0,647,1003,4,6,31.05,1,0,38.06,0.895,0,0
tx_live_00001525,cust_009826,1179.65,18,online_retail,US,0,142,1064,3,5,12.87,1,0,13.5,6.0,0,0
tx_live_00001526,cust_010428,230.55,10,utilities,US,0,314,3686,4,10,16.67,1,0,25.56,9.02,0,0
tx_live_00001527,cust_007942,2.41,17,groceries,US,0,631,1191,0,8,105.46,1,0,64.33,0.05,0,0
tx_live_00001528,cust_002809,40.41,22,electronics,US,0,98,913,2,6,52.92,1,1,89.84,0.45,0,0
tx_live_00001529,cust_010027,1358.28,16,restaurants,US,0,151,2701,0,3,15.26,1,0,54.78,6.0,0,0
tx_live_00001530,cust_002446,59.01,13,utilities,US,0,336,1115,2,8,30.92,1,0,46.44,1.271,0,0
tx_live_00001531,cust_001644,125.36,8,luxury,US,0,237,1179,0,2,96.78,1,0,76.0,1.649,1,0
tx_live_00001532,cust_007822,62.64,8,groceries,US,0,337,2289,2,6,22.59,0,0,40.89,1.532,0,0
tx_live_00001533,cust_000288,111.08,7,fuel,US,0,147,1575,0,3,14.82,1,0,97.31,1.142,0,0
tx_live_00001534,cust_004543,27.54,0,online_retail,GB,1,399,1747,2,6,9.02,1,1,61.9,0.445,0,0
tx_live_00001535,cust_010784,68.91,9,restaurants,US,0,226,1292,0,7,38.28,1,2,61.28,1.124,0,0
tx_live_00001536,cust_008684,222.68,4,online_retail,US,0,617,2362,0,3,32.47,0,0,136.7,1.629,0,0
tx_live_00001537,cust_005586,63.28,16,groceries,DE,1,156,2346,0,10,68.8,0,0,75.02,0.844,0,0
tx_live_00001538,cust_009479,72.59,5,restaurants,US,0,331,1213,1,7,92.07,1,0,81.69,0.889,0,0
tx_live_00001539,cust_009217,217.96,14,travel,CA,1,284,1163,1,4,43.64,1,0,33.37,6.533,0,0
tx_live_00001540,cust_007622,184.61,19,fuel,CA,1,90,866,2,9,68.82,1,0,52.76,3.499,1,0
tx_live_00001541,cust_005614,1676.61,12,luxury,US,0,169,1632,0,4,23.65,1,0,45.88,6.0,0,0
tx_live_00001542,cust_000786,28.46,22,travel,US,0,304,1370,2,6,64.07,1,0,18.25,1.559,0,0
tx_live_00001543,cust_005081,2137.66,14,restaurants,US,0,595,1961,2,6,16.48,1,0,37.55,6.0,0,0
tx_live_00001544,cust_004868,1542.48,11,travel,US,0,441,1765,0,1,34.22,1,0,85.62,6.0,0,0
tx_live_00001545,cust_008747,557.28,19,electronics,US,0,356,900,0,2,6.22,1,0,40.34,6.0,0,0
tx_live_00001546,cust_010726,369.9,13,travel,US,0,415,1509,1,5,77.98,1,1,32.38,11.423,0,0
tx_live_00001547,cust_004800,1458.33,18,travel,US,0,358,1082,1,4,11.97,1,0,16.36,6.0,0,0
tx_live_00001548,cust_000258,339.92,8,online_retail,US,0,409,350,1,7,31.86,0,0,132.71,2.561,0,0
tx_live_00001549,cust_005216,39.3,22,groceries,US,0,340,1692,1,10,105.46,0,1,44.24,0.888,0,0
tx_live_00001550,cust_011631,48.5,20,groceries,US,0,452,612,3,8,18.4,0,1,112.96,0.429,0,0
tx_live_00001551,cust_008533,12.84,7,groceries,US,0,492,617,1,8,89.38,1,1,44.85,0.286,0,0
tx_live_00001552,cust_005422,85.26,0,travel,US,0,200,605,1,8,20.62,0,1,53.73,1.587,0,0
tx_live_00001553,cust_003623,84.47,11,groceries,US,0,201,757,0,5,103.66,1,1,81.68,1.034,0,0
tx_live_00001554,cust_000224,166.98,10,online_retail,US,0,434,1233,4,14,22.62,1,0,53.66,3.112,0,0
tx_live_00001555,cust_007788,2203.98,17,travel,US,0,707,1630,1,5,16.55,1,0,21.2,6.0,0,0
tx_live_00001556,cust_010915,2622.03,20,fuel,US,0,326,963,0,4,19.76,1,0,42.99,6.0,0,0
tx_live_00001557,cust_000694,64.21,17,online_retail,US,0,309,613,4,16,30.88,1,0,45.72,1.404,0,0
tx_live_00001558,cust_004021,173.31,14,restaurants,US,0,37,861,3,12,12.27,1,0,43.51,3.983,0,0
tx_live_00001559,cust_004735,15.11,5,online_retail,CA,1,345,1179,1,7,152.96,1,0,134.33,0.112,0,0
tx_live_00001560,cust_009563,239.37,10,groceries,US,0,482,1443,2,10,96.95,1,0,29.65,8.074,0,0
tx_live_00001561,cust_011262,65.94,13,groceries,US,0,309,344,1,6,7.44,1,0,36.24,1.819,0,0
tx_live_00001562,cust_002011,60.36,21,travel,US,0,355,2652,1,8,60.98,1,0,26.19,2.305,0,0
tx_live_00001563,cust_003313,18.48,0,groceries,US,0,317,1207,0,6,15.11,1,1,94.78,0.195,1,0
tx_live_00001564,cust_005282,51.06,17,groceries,US,0,236,1584,2,10,13.15,1,1,109.86,0.465,0,0
tx_live_00001565,cust_002565,84.36,14,groceries,US,0,513,614,1,4,55.25,1,0,84.55,0.998,0,0
tx_live_00001566,cust_009735,47.78,9,groceries,FR,1,403,639,1,9,26.56,0,0,28.75,1.662,0,0
tx_live_00001567,cust_009550,74.58,20,groceries,US,0,305,2007,0,6,130.42,1,0,16.91,4.409,1,0
tx_live_00001568,cust_011901,19.19,21,travel,US,0,656,293,2,9,50.52,0,0,130.21,0.147,0,0
tx_live_00001569,cust_002544,60.63,16,restaurants,US,0,683,2517,2,12,10.13,0,0,26.06,2.326,0,0
tx_live_00001570,cust_010758,1694.02,15,online_retail,US,0,234,1968,0,8,39.62,1,0,28.42,6.0,0,0
tx_live_00001571,cust_002907,9.32,7,online_retail,US,0,138,1090,1,4,152.17,1,0,164.57,0.057,0,0
tx_live_00001572,cust_008112,15.08,18,online_retail,US,0,470,1139,2,8,62.13,1,0,56.39,0.267,0,0
tx_live_00001573,cust_002768,1061.47,15,groceries,US,0,324,1897,1,5,24.59,1,0,63.25,6.0,0,0
tx_live_00001574,cust_009824,88.77,22,groceries,US,0,278,899,1,3,46.45,1,0,22.89,3.877,0,0
tx_live_00001575,cust_008141,66.84,2,groceries,DE,1,97,755,0,1,52.1,1,0,26.05,2.566,0,0
tx_live_00001576,cust_007423,245.52,2,electronics,US,0,317,676,4,14,111.36,1,0,13.42,18.294,0,1
tx_live_00001577,cust_002375,87.58,7,travel,US,0,474,943,2,6,41.86,0,0,225.88,0.388,0,0
tx_live_00001578,cust_003608,66.66,21,luxury,US,0,256,573,1,12,44.28,1,0,19.35,3.444,0,0
tx_live_00001579,cust_005051,37.56,11,restaurants,US,0,72,658,2,5,20.27,1,0,37.05,1.014,0,0
tx_live_00001580,cust_010114,107.72,12,luxury,US,0,400,973,2,6,126.68,1,0,95.21,1.131,0,0
tx_live_00001581,cust_005236,58.16,11,restaurants,US,0,164,1464,2,7,63.02,1,0,22.48,2.587,1,0
tx_live_00001582,cust_000926,9.42,3,online_retail,CA,1,350,1026,3,11,82.02,1,0,23.01,0.409,0,0
tx_live_00001583,cust_006861,59.14,11,electronics,US,0,50,516,1,7,74.22,1,0,14.37,4.117,0,0
tx_live_00001584,cust_010476,61.24,18,electronics,US,0,442,1083,2,7,57.29,1,0,58.53,1.046,0,0
tx_live_00001585,cust_005298,55.42,3,online_retail,DE,1,358,2029,1,11,62.27,1,0,18.13,3.058,0,0
tx_live_00001586,cust_007689,1293.2,16,online_retail,US,0,209,1049,0,2,11.16,1,0,37.91,6.0,0,0
tx_live_00001587,cust_011891,119.31,23,electronics,FR,1,457,2202,2,6,121.66,1,0,163.95,0.728,0,0
tx_live_00001588,cust_005081,149.96,19,online_retail,CA,1,238,369,0,8,57.34,1,0,21.95,6.832,0,0
tx_live_00001589,cust_005482,1926.57,19,electronics,US,0,347,900,0,3,4.39,1,0,32.13,6.0,0,0
tx_live_00001590,cust_010811,40.5,6,online_retail,US,0,138,1958,1,6,73.34,1,0,47.64,0.85,1,0
tx_live_00001591,cust_000558,1064.9,14,fuel,US,0,120,1040,0,7,17.52,1,0,65.88,6.0,0,0
tx_live_00001592,cust_008340,84.04,5,restaurants,US,0,156,840,1,5,29.12,0,1,85.26,0.986,0,0
tx_live_00001593,cust_011492,86.13,23,groceries,CA,1,432,1577,2,7,23.72,1,0,94.1,0.915,0,0
tx_live_00001594,cust_009954,30.86,22,groceries,US,0,64,1886,2,7,53.73,0,0,103.67,0.298,0,0
tx_live_00001595,cust_009291,90.09,17,online_retail,US,0,346,573,1,7,60.24,1,0,81.55,1.105,0,0
tx_live_00001596,cust_002776,46.33,21,online_retail,US,0,409,1314,3,5,25.97,1,0,53.94,0.859,0,0
tx_live_00001597,cust_005111,19.05,16,electronics,US,0,382,1337,0,6,34.97,1,0,10.92,1.745,0,0
tx_live_00001598,cust_001705,1330.2,19,travel,US,0,325,2155,3,4,3.7,1,0,40.2,6.0,0,0
tx_live_00001599,cust_010558,964.26,15,online_retail,US,0,422,900,0,7,4.99,1,0,89.41,6.0,0,0
tx_live_00001600,cust_007080,58.66,6,restaurants,US,0,597,1503,4,9,21.67,1,1,82.04,0.715,0,0
tx_live_00001601,cust_005221,2959.38,19,groceries,US,0,202,1837,1,9,5.68,1,0,33.89,6.0,0,0
tx_live_00001602,cust_011484,1142.88,12,groceries,US,0,245,2060,1,3,2.66,1,0,86.83,6.0,0,0
tx_live_00001603,cust_001659,463.29,14,restaurants,US,0,137,1830,1,7,23.81,1,0,22.98,6.0,0,0
tx_live_00001604,cust_009524,799.66,13,groceries,US,0,235,1570,1,5,4.93,1,0,131.51,6.0,0,0
tx_live_00001605,cust_010839,289.94,22,fuel,CA,1,340,630,0,7,55.19,1,0,26.34,11.007,0,0
tx_live_00001606,cust_008780,101.52,19,groceries,US,0,413,961,0,5,24.11,1,0,49.28,2.06,0,0
tx_live_00001607,cust_008183,2219.49,20,online_retail,US,0,614,1359,2,6,5.68,1,0,29.49,6.0,0,0
tx_live_00001608,cust_002566,1085.87,18,restaurants,US,0,148,1227,2,3,28.49,1,0,12.57,6.0,0,0
tx_live_00001609,cust_010256,71.24,0,online_retail,US,0,298,432,3,13,42.9,1,0,12.51,5.696,0,0
tx_live_00001610,cust_001847,178.81,19,groceries,US,0,254,1029,1,13,94.14,1,0,59.53,3.003,0,0
tx_live_00001611,cust_010486,55.73,21,groceries,FR,1,394,1142,1,3,3.28,0,0,77.05,0.723,0,0
tx_live_00001612,cust_006210,377.39,3,groceries,US,0,538,1383,2,10,36.18,0,0,23.97,15.742,0,0
tx_live_00001613,cust_011407,30.75,19,groceries,CA,1,106,1332,1,7,34.31,0,1,70.95,0.433,0,0
tx_live_00001614,cust_006090,2487.95,14,electronics,US,0,294,2351,0,5,21.92,1,0,40.74,6.0,0,0
tx_live_00001615,cust_007457,44.45,1,groceries,US,0,513,1588,3,7,23.94,0,0,25.29,1.757,0,0
tx_live_00001616,cust_002294,1647.96,17,restaurants,US,0,546,900,1,5,64.49,1,0,52.32,6.0,0,0
tx_live_00001617,cust_000950,828.34,16,groceries,US,0,155,945,0,3,31.48,1,0,51.02,6.0,0,0
tx_live_00001618,cust_005356,37.57,2,online_retail,US,0,155,616,2,7,122.15,0,0,7.69,4.886,0,0
tx_live_00001619,cust_007238,1726.46,9,travel,US,0,278,1988,0,2,8.5,1,0,46.68,6.0,0,0
tx_live_00001620,cust_004014,99.34,3,travel,US,0,333,1325,2,8,54.3,1,0,57.91,1.715,0,0
tx_live_00001621,cust_009083,80.91,11,electronics,US,0,345,661,0,2,129.61,1,1,34.87,2.32,0,0
tx_live_00001622,cust_005446,317.31,5,restaurants,US,0,301,965,1,7,124.49,0,0,11.57,27.417,0,0
tx_live_00001623,cust_005663,156.52,10,travel,DE,1,131,857,3,8,20.26,0,0,22.47,6.965,0,1
tx_live_00001624,cust_000671,35.07,12,groceries,CA,1,445,1457,1,6,87.28,0,1,43.72,0.802,0,0
tx_live_00001625,cust_000372,1747.62,12,utilities,US,0,197,900,1,4,55.22,1,0,45.01,6.0,0,0
tx_live_00001626,cust_001842,28.67,19,groceries,CA,1,183,709,1,9,42.17,1,0,67.94,0.422,0,0
tx_live_00001627,cust_009506,12.28,10,electronics,US,0,202,1349,2,10,53.32,1,0,66.61,0.184,0,0
tx_live_00001628,cust_011222,49.35,16,utilities,US,0,173,2303,0,9,19.75,1,0,43.14,1.144,1,0
tx_live_00001629,cust_007544,34.48,4,groceries,CA,1,319,1003,1,5,7.86,1,0,107.25,0.321,1,0
tx_live_00001630,cust_006257,30.5,19,restaurants,US,0,498,821,0,7,25.82,0,1,34.75,0.878,0,0
tx_live_00001631,cust_005999,160.06,18,groceries,GB,1,243,341,1,9,87.39,0,0,9.8,16.329,0,1
tx_live_00001632,cust_005153,1490.56,10,travel,US,0,619,1156,2,8,16.37,1,0,63.69,6.0,0,0
tx_live_00001633,cust_002400,23.52,18,travel,US,0,532,329,0,10,51.34,1,0,31.95,0.736,0,0
tx_live_00001634,cust_007157,36.21,21,travel,US,0,391,889,0,5,93.04,0,0,93.46,0.387,0,0
tx_live_00001635,cust_009578,76.52,0,groceries,US,0,124,1007,1,10,15.37,0,0,103.63,0.738,0,0
tx_live_00001636,cust_007641,7.32,10,groceries,GB,1,232,1395,4,15,84.66,1,0,46.01,0.159,0,0
tx_live_00001637,cust_002818,94.4,19,online_retail,US,0,589,1602,2,8,25.66,0,1,51.77,1.823,0,0
tx_live_00001638,cust_003196,2302.86,14,groceries,US,0,120,2656,1,6,21.99,1,0,108.62,6.0,0,0
tx_live_00001639,cust_006677,94.14,7,restaurants,CA,1,453,559,0,6,24.49,1,0,52.13,1.806,0,0
tx_live_00001640,cust_004036,222.48,23,restaurants,US,0,305,1981,2,7,16.36,1,0,40.88,5.442,0,0
tx_live_00001641,cust_004482,212.84,22,groceries,US,0,76,950,1,8,53.82,1,1,70.27,3.029,0,0
tx_live_00001642,cust_009401,37.17,19,restaurants,US,0,324,236,2,6,7.17,1,0,70.71,0.526,1,0
tx_live_00001643,cust_000754,1379.96,15,fuel,US,0,259,1929,2,6,3.38,1,0,9.76,6.0,0,0
tx_live_00001644,cust_002019,72.38,16,travel,US,0,108,1275,1,8,11.27,0,0,76.64,0.944,0,0
tx_live_00001645,cust_001886,1147.52,12,fuel,US,0,709,1782,0,7,34.91,1,0,40.31,6.0,0,0
tx_live_00001646,cust_002001,57.8,7,restaurants,US,0,179,786,0,15,51.85,1,1,121.98,0.474,0,0
tx_live_00001647,cust_008440,50.74,6,fuel,US,0,521,1028,0,12,42.21,0,1,53.92,0.941,0,0
tx_live_00001648,cust_001397,96.57,21,electronics,US,0,344,355,2,8,38.66,1,0,29.32,3.294,0,0
tx_live_00001649,cust_004468,26.74,7,utilities,US,0,819,1268,1,4,63.51,1,0,44.78,0.597,0,0
tx_live_00001650,cust_010330,1547.22,14,groceries,US,0,120,1911,1,2,13.66,1,0,173.59,6.0,0,0
tx_live_00001651,cust_001720,82.13,19,restaurants,US,0,357,745,2,10,74.33,1,0,101.33,0.811,1,0
tx_live_00001652,cust_001573,29.05,14,luxury,CA,1,222,1643,2,7,81.96,1,0,19.84,1.464,0,0
tx_live_00001653,cust_006231,37.81,22,restaurants,US,0,397,1464,2,10,24.68,1,0,86.45,0.437,0,0
tx_live_00001654,cust_003064,30.29,14,groceries,US,0,467,992,0,5,91.81,1,0,71.74,0.422,0,0
tx_live_00001655,cust_011613,85.45,1,groceries,US,0,157,497,1,5,16.81,1,0,56.01,1.526,0,0
tx_live_00001656,cust_006441,74.13,0,groceries,US,0,459,1243,2,7,29.43,1,0,61.65,1.203,0,0
tx_live_00001657,cust_002865,981.28,20,electronics,US,0,434,1034,0,6,29.95,1,0,30.69,6.0,0,0
tx_live_00001658,cust_000186,1791.84,16,fuel,US,0,540,1150,3,9,8.51,1,0,42.91,6.0,0,0
tx_live_00001659,cust_009130,117.69,5,travel,US,0,446,357,1,10,12.73,1,0,34.63,3.399,0,0
tx_live_00001660,cust_005787,1778.71,14,fuel,US,0,379,1305,0,6,10.43,1,0,55.23,6.0,0,0
tx_live_00001661,cust_002752,67.41,3,restaurants,CA,1,659,3609,3,9,106.63,1,1,48.94,1.377,0,0
tx_live_00001662,cust_004778,35.85,12,groceries,US,0,370,320,0,6,62.96,0,1,50.55,0.709,1,0
tx_live_00001663,cust_007872,958.71,17,luxury,US,0,378,3550,0,2,15.82,1,0,169.04,5.671,0,0
tx_live_00001664,cust_009040,99.4,2,groceries,DE,1,237,1049,1,7,56.91,1,0,32.4,3.068,0,0
tx_live_00001665,cust_009732,34.64,14,travel,US,0,373,313,1,5,48.45,1,0,8.54,4.058,0,0
tx_live_00001666,cust_010507,53.5,13,groceries,BR,1,296,774,2,5,19.41,1,0,30.25,1.769,0,0
tx_live_00001667,cust_002401,65.58,12,restaurants,US,0,355,2039,4,6,13.69,1,1,32.54,2.015,0,0
tx_live_00001668,cust_011324,592.35,4,luxury,US,0,281,470,0,7,101.77,1,0,71.22,8.317,0,0
tx_live_00001669,cust_002813,35.41,11,restaurants,US,0,544,2082,2,8,30.54,0,0,26.76,1.323,0,0
tx_live_00001670,cust_011101,42.76,16,fuel,US,0,173,1573,2,11,18.2,0,2,74.06,0.577,0,0
tx_live_00001671,cust_010499,30.05,4,groceries,FR,1,195,994,3,11,57.63,1,0,16.92,1.777,0,0
tx_live_00001672,cust_002071,43.24,6,online_retail,US,0,294,941,1,7,55.32,1,1,31.03,1.394,0,0
tx_live_00001673,cust_000103,77.25,9,online_retail,BR,1,409,827,2,9,14.93,0,0,25.8,2.994,0,0
tx_live_00001674,cust_003103,44.84,16,fuel,US,0,660,1064,0,7,35.1,1,0,109.2,0.411,1,0
tx_live_00001675,cust_007224,1068.48,11,groceries,US,0,188,2187,1,6,2.5,1,0,30.48,6.0,0,0
tx_live_00001676,cust_004402,826.48,10,groceries,US,0,266,1206,0,3,30.99,1,0,20.32,6.0,0,0
tx_live_00001677,cust_004399,52.15,2,fuel,DE,1,488,536,5,8,83.37,1,2,17.19,3.034,0,1
tx_live_00001678,cust_000714,49.44,6,groceries,US,0,150,697,0,8,13.76,0,0,54.74,0.903,0,0
tx_live_00001679,cust_004364,701.48,23,online_retail,US,0,197,1598,1,5,96.73,0,0,88.6,7.918,0,0
tx_live_00001680,cust_008622,1293.9,12,online_retail,US,0,165,2421,0,1,17.14,1,0,41.18,6.0,0,0
tx_live_00001681,cust_002681,1653.26,11,online_retail,US,0,373,966,3,7,9.54,1,0,184.81,6.0,0,0
tx_live_00001682,cust_005718,22.89,4,electronics,US,0,85,280,2,14,43.93,0,0,24.24,0.944,0,0
tx_live_00001683,cust_007292,1149.03,13,electronics,US,0,617,999,1,7,33.6,1,0,8.4,6.0,0,0
tx_live_00001684,cust_006350,117.28,4,groceries,US,0,208,1959,4,7,71.09,0,0,160.38,0.731,0,0
tx_live_00001685,cust_007963,52.43,7,groceries,DE,1,622,975,0,10,0.44,1,0,20.39,2.572,0,0
tx_live_00001686,cust_001534,22.62,1,online_retail,US,0,525,803,0,5,58.79,1,0,48.11,0.47,1,0
tx_live_00001687,cust_009592,125.07,17,fuel,US,0,265,939,1,6,38.85,1,0,63.53,1.969,0,0
tx_live_00001688,cust_009698,212.34,9,travel,CA,1,510,759,5,11,47.55,1,0,181.67,1.169,0,0
tx_live_00001689,cust_001237,12.06,22,electronics,CA,1,1099,1668,0,10,67.51,1,1,45.5,0.265,0,0
tx_live_00001690,cust_009519,27.72,2,electronics,US,0,120,1222,2,12,59.62,1,0,82.79,0.335,0,0
tx_live_00001691,cust_010282,53.32,19,groceries,US,0,447,1113,0,1,72.86,0,0,16.81,3.173,0,0
tx_live_00001692,cust_008889,58.18,18,electronics,US,0,254,2276,1,9,13.22,1,0,26.45,2.199,1,0
tx_live_00001693,cust_009493,63.03,20,groceries,JP,1,116,848,0,7,90.57,1,0,76.05,0.829,0,0
tx_live_00001694,cust_011647,119.86,11,online_retail,GB,1,161,1099,0,8,18.09,0,0,39.82,3.01,0,0
tx_live_00001695,cust_000755,44.83,8,electronics,US,0,586,947,1,6,57.65,0,0,201.45,0.223,0,0
tx_live_00001696,cust_010028,59.16,15,fuel,CA,1,562,2640,1,12,219.3,1,0,28.09,2.106,1,0
tx_live_00001697,cust_009455,121.89,17,travel,US,0,428,763,2,11,51.5,1,0,62.09,1.963,0,0
tx_live_00001698,cust_003462,46.18,2,groceries,FR,1,332,1437,0,3,21.88,1,0,127.67,0.362,0,0
tx_live_00001699,cust_010135,275.5,10,fuel,US,0,329,496,0,12,34.02,1,0,51.93,5.306,0,0
tx_live_00001700,cust_010679,2405.46,18,online_retail,US,0,315,900,2,5,7.53,1,0,98.74,6.0,0,0
tx_live_00001701,cust_009877,184.78,15,restaurants,US,0,319,3437,1,7,51.39,0,0,60.5,3.054,0,0
tx_live_00001702,cust_003264,93.39,16,online_retail,US,0,248,1102,1,12,22.23,1,0,57.62,1.621,0,0
tx_live_00001703,cust_004302,154.4,4,online_retail,US,0,84,580,0,10,25.26,1,0,50.2,3.076,0,0
tx_live_00001704,cust_002474,1276.67,10,groceries,US,0,388,900,1,7,7.08,1,0,51.93,6.0,0,0
tx_live_00001705,cust_008334,86.99,6,electronics,US,0,91,543,0,9,92.26,1,2,30.91,2.814,0,0
tx_live_00001706,cust_005988,118.38,20,groceries,CA,1,104,614,2,11,39.41,0,0,52.52,2.254,0,0
tx_live_00001707,cust_009653,49.28,8,groceries,US,0,208,578,1,8,57.89,1,0,36.44,1.352,0,0
tx_live_00001708,cust_006481,2373.29,20,luxury,US,0,693,1254,1,6,5.32,1,0,62.72,6.0,0,0
tx_live_00001709,cust_005355,39.44,4,travel,US,0,367,754,0,6,66.21,1,1,31.3,1.26,0,0
tx_live_00001710,cust_003319,262.45,12,electronics,CA,1,818,940,2,5,41.37,0,1,161.06,1.629,0,0
tx_live_00001711,cust_001229,56.48,0,online_retail,US,0,275,1242,1,12,38.12,0,0,21.44,2.634,0,0
tx_live_00001712,cust_002084,196.47,16,restaurants,US,0,444,776,1,8,91.9,1,0,15.79,12.441,0,0
tx_live_00001713,cust_009100,131.59,20,luxury,CA,1,262,1180,2,12,9.08,1,0,35.89,3.667,0,0
tx_live_00001714,cust_003880,282.21,18,restaurants,US,0,203,794,3,11,44.54,0,0,48.45,5.825,0,0
tx_live_00001715,cust_003454,1517.23,22,online_retail,CA,1,214,1056,1,6,66.58,1,0,41.1,36.911,0,0
tx_live_00001716,cust_010549,996.07,19,electronics,CA,1,151,981,4,12,52.07,0,0,110.87,8.984,0,1
tx_live_00001717,cust_001670,56.48,19,electronics,US,0,327,1403,2,10,269.7,1,0,67.96,0.831,0,0
tx_live_00001718,cust_011872,91.81,15,online_retail,CA,1,453,724,0,8,43.04,1,0,12.84,7.153,0,0
tx_live_00001719,cust_007083,39.66,6,online_retail,US,0,64,1344,2,10,9.23,0,0,18.27,2.171,0,0
tx_live_00001720,cust_010320,1983.73,13,utilities,US,0,154,900,1,5,16.94,1,0,16.24,6.0,0,0
tx_live_00001721,cust_000353,24.07,16,restaurants,CA,1,216,951,1,10,20.39,1,0,27.01,0.891,1,0
tx_live_00001722,cust_005139,2487.15,19,groceries,US,0,211,900,2,4,10.33,1,0,7.6,6.0,0,0
tx_live_00001723,cust_006424,19.44,1,luxury,US,0,124,363,1,6,32.98,0,0,27.16,0.716,0,0
tx_live_00001724,cust_001400,1647.74,14,groceries,US,0,120,900,2,7,63.28,1,0,21.08,6.0,0,0
tx_live_00001725,cust_001472,55.46,18,restaurants,CA,1,425,742,0,6,34.93,1,0,17.8,3.116,0,0
tx_live_00001726,cust_009822,23.17,15,groceries,CA,1,352,672,2,9,10.39,1,0,74.93,0.309,0,0
tx_live_00001727,cust_003374,2969.74,15,groceries,US,0,367,1158,1,10,11.39,1,0,99.13,6.0,0,0
tx_live_00001728,cust_010406,86.57,11,restaurants,US,0,388,463,3,7,75.88,1,0,18.9,4.579,0,0
tx_live_00001729,cust_004193,24.34,19,restaurants,US,0,599,1323,2,10,47.66,1,0,31.99,0.761,1,0
tx_live_00001730,cust_006675,380.7,2,electronics,US,0,217,1089,1,2,38.6,0,0,32.51,11.712,0,0
tx_live_00001731,cust_008748,112.71,18,restaurants,US,0,217,1358,2,10,116.27,0,0,52.22,2.158,0,0
tx_live_00001732,cust_001537,1183.43,20,groceries,US,0,624,900,1,9,14.02,1,0,55.8,6.0,0,0
tx_live_00001733,cust_003891,21.06,3,fuel,US,0,230,2151,1,6,29.61,1,0,41.31,0.51,0,0
tx_live_00001734,cust_008621,2210.98,19,online_retail,US,0,127,1708,1,7,21.37,1,0,32.91,6.0,0,0
tx_live_00001735,cust_008321,1870.64,19,groceries,US,0,310,900,3,8,19.7,1,0,96.71,6.0,0,0
tx_live_00001736,cust_006745,150.81,6,online_retail,US,0,428,767,2,10,22.43,1,0,182.53,0.826,0,0
tx_live_00001737,cust_002534,871.16,20,travel,US,0,127,900,2,7,56.07,1,0,68.21,6.0,0,0
tx_live_00001738,cust_004831,29.59,16,electronics,US,0,448,465,0,1,42.84,1,0,28.64,1.033,0,0
tx_live_00001739,cust_009125,1065.37,16,groceries,US,0,120,1532,0,2,51.09,1,0,21.59,6.0,0,0
tx_live_00001740,cust_001529,61.76,7,groceries,MX,1,245,846,3,14,160.73,0,0,12.22,5.052,0,1
tx_live_00001741,cust_004674,26.2,9,utilities,CA,1,763,681,3,7,47.79,0,0,36.56,0.717,0,0
tx_live_00001742,cust_007149,69.89,13,restaurants,US,0,103,1210,0,8,70.38,1,0,40.43,1.729,0,0
tx_live_00001743,cust_008733,1443.04,16,utilities,US,0,165,900,2,4,13.79,1,0,53.11,6.0,0,0
tx_live_00001744,cust_007376,3368.59,15,groceries,US,0,269,900,0,4,11.81,1,0,122.58,6.0,0,0
tx_live_00001745,cust_000215,138.98,8,online_retail,US,0,163,2356,1,5,67.85,0,0,43.16,3.22,1,0
tx_live_00001746,cust_003927,1360.77,19,utilities,US,0,850,2389,2,6,27.24,1,0,19.49,6.0,0,0
tx_live_00001747,cust_004671,3231.92,20,online_retail,US,0,803,1642,2,7,24.99,1,0,58.72,6.0,0,0
tx_live_00001748,cust_001890,43.43,5,electronics,FR,1,504,1232,3,11,146.31,1,0,42.5,1.022,0,0
tx_live_00001749,cust_010880,39.4,13,restaurants,DE,1,405,1980,0,4,8.53,1,0,87.84,0.449,0,0
tx_live_00001750,cust_003588,1138.25,18,fuel,US,0,260,1177,2,9,37.24,1,0,93.24,6.0,0,0
tx_live_00001751,cust_010641,2778.86,10,online_retail,US,0,296,900,3,8,20.61,1,0,11.12,6.0,0,0
tx_live_00001752,cust_006992,1004.86,13,groceries,US,0,120,1210,1,3,19.8,1,0,42.32,6.0,0,0
tx_live_00001753,cust_011660,59.03,0,fuel,US,0,580,528,1,7,31.15,0,0,34.23,1.724,0,0
tx_live_00001754,cust_008553,176.01,18,groceries,US,0,248,1196,2,6,49.36,1,1,144.81,1.215,0,0
tx_live_00001755,cust_000490,142.77,17,electronics,CA,1,86,291,3,9,188.96,1,0,65.28,2.187,0,0
tx_live_00001756,cust_006082,22.64,1,travel,GB,1,198,268,0,6,20.17,1,0,33.38,0.678,0,0
tx_live_00001757,cust_000294,29.15,5,restaurants,US,0,232,971,1,9,123.14,1,0,126.28,0.231,0,0
tx_live_00001758,cust_001687,15.05,7,restaurants,US,0,214,576,1,8,42.72,1,0,455.28,0.05,0,0
tx_live_00001759,cust_003949,15.73,1,fuel,US,0,429,741,4,8,117.16,0,1,9.97,1.578,1,0
tx_live_00001760,cust_005625,572.42,10,online_retail,US,0,120,1144,2,6,16.23,1,0,22.52,6.0,0,0
tx_live_00001761,cust_011235,165.57,5,restaurants,US,0,88,603,0,5,77.45,1,0,51.55,3.212,1,0
tx_live_00001762,cust_004688,948.7,15,restaurants,US,0,316,1599,0,2,12.0,1,0,41.73,6.0,0,0
tx_live_00001763,cust_006647,433.13,16,luxury,US,0,220,1222,1,5,101.87,0,0,38.25,11.324,0,0
tx_live_00001764,cust_007685,253.31,1,travel,US,0,514,967,1,14,31.34,0,1,45.02,5.626,1,1
tx_live_00001765,cust_008623,119.24,22,online_retail,FR,1,184,1199,1,6,33.81,1,0,53.28,2.238,0,0
tx_live_00001766,cust_010832,43.29,18,fuel,US,0,69,1562,1,5,72.47,0,0,17.91,2.418,0,0
tx_live_00001767,cust_003611,39.28,9,travel,US,0,323,907,1,2,81.3,0,0,77.55,0.506,0,0
tx_live_00001768,cust_009962,149.33,18,electronics,US,0,185,1100,0,7,40.22,1,0,8.97,16.644,0,0
tx_live_00001769,cust_010903,113.93,6,groceries,US,0,371,791,4,12,25.33,1,0,114.17,0.998,0,0
tx_live_00001770,cust_002164,15.23,1,restaurants,US,0,615,468,0,8,168.42,1,0,33.09,0.46,0,0
tx_live_00001771,cust_002159,83.92,18,travel,CA,1,190,258,2,10,72.63,0,1,86.35,0.972,1,0
tx_live_00001772,cust_006325,1375.89,15,groceries,US,0,174,1006,1,9,10.07,1,0,87.71,6.0,0,0
tx_live_00001773,cust_002321,266.88,19,electronics,MX,1,223,1187,2,15,9.27,1,0,76.27,3.499,1,0
tx_live_00001774,cust_001644,28.46,21,travel,US,0,117,2471,1,10,52.04,1,0,15.81,1.8,0,0
tx_live_00001775,cust_007323,47.7,11,restaurants,US,0,242,1627,0,4,105.89,0,0,66.23,0.72,0,0
tx_live_00001776,cust_001845,55.4,20,restaurants,US,0,313,1507,1,9,21.74,1,0,41.73,1.328,0,0
tx_live_00001777,cust_003989,1991.67,13,travel,US,0,145,1393,1,5,7.56,1,0,16.73,6.0,0,0
tx_live_00001778,cust_000225,2184.65,17,fuel,US,0,636,1169,0,8,16.31,1,0,31.25,6.0,0,0
tx_live_00001779,cust_005471,256.89,14,restaurants,US,0,189,847,0,2,76.04,1,0,67.2,3.823,0,0
tx_live_00001780,cust_004876,2021.18,10,groceries,US,0,324,1821,1,8,2.43,1,0,52.37,6.0,0,0
tx_live_00001781,cust_000295,39.4,13,electronics,US,0,186,884,2,11,33.08,1,0,109.45,0.36,1,0
tx_live_00001782,cust_001010,25.13,18,groceries,US,0,284,1849,3,7,78.07,1,0,34.19,0.735,0,0
tx_live_00001783,cust_004889,50.28,2,online_retail,US,0,103,1437,4,12,76.62,1,1,36.38,1.382,0,0
tx_live_00001784,cust_003133,188.76,4,electronics,US,0,751,880,3,7,33.0,1,0,8.38,22.527,0,0
tx_live_00001785,cust_010926,1724.83,13,groceries,US,0,433,1703,1,5,7.39,1,0,34.96,6.0,0,0
tx_live_00001786,cust_000000,139.94,17,travel,GB,1,28,1234,1,7,78.74,0,0,12.37,11.317,0,1
tx_live_00001787,cust_010841,119.77,0,restaurants,US,0,215,655,1,10,50.29,1,0,33.18,3.609,0,0
tx_live_00001788,cust_006179,55.54,6,luxury,CA,1,706,1690,1,8,59.18,0,0,72.05,0.771,0,0
tx_live_00001789,cust_006992,10.93,1,online_retail,JP,1,450,358,0,16,44.72,0,0,37.99,0.288,1,1
tx_live_00001790,cust_008812,2166.95,16,restaurants,US,0,428,1153,0,1,10.55,1,0,15.36,6.0,0,0
tx_live_00001791,cust_011972,1600.3,20,online_retail,US,0,245,1371,1,10,45.29,1,0,40.01,6.0,0,0
tx_live_00001792,cust_009809,51.83,23,groceries,JP,1,455,1058,2,7,11.78,1,0,142.23,0.364,0,0
tx_live_00001793,cust_004940,952.34,16,groceries,US,0,426,1166,2,5,5.34,1,0,13.84,6.0,0,0
tx_live_00001794,cust_009478,53.09,3,travel,FR,1,452,1971,0,3,39.68,1,0,21.19,2.506,0,0
tx_live_00001795,cust_008186,32.59,1,travel,US,0,215,838,0,5,98.0,1,0,64.51,0.505,0,0
tx_live_00001796,cust_007972,30.03,19,online_retail,GB,1,310,622,1,8,8.83,1,0,57.65,0.521,0,0
tx_live_00001797,cust_007849,35.0,21,restaurants,US,0,104,567,0,7,58.03,1,0,33.02,1.06,0,0
tx_live_00001798,cust_000624,82.62,2,luxury,US,0,202,573,4,9,54.52,1,1,47.32,1.746,1,1
tx_live_00001799,cust_002779,364.03,17,online_retail,CA,1,598,568,2,8,73.81,0,0,39.23,9.28,0,1
tx_live_00001800,cust_001859,1174.72,10,online_retail,US,0,164,900,0,6,18.28,1,0,49.63,6.0,0,0
tx_live_00001801,cust_005551,3525.62,13,groceries,US,0,360,2922,2,5,11.02,1,0,56.63,6.0,0,0
tx_live_00001802,cust_006446,1868.82,11,restaurants,US,0,713,1927,2,4,35.35,1,0,83.72,6.0,0,0
tx_live_00001803,cust_010262,112.91,1,groceries,US,0,163,900,0,4,41.49,0,0,64.39,1.754,0,0
tx_live_00001804,cust_008375,155.5,4,groceries,US,0,725,674,2,12,42.39,1,0,22.8,6.819,0,0
tx_live_00001805,cust_010263,37.89,13,utilities,US,0,335,1142,1,1,51.88,0,0,15.32,2.473,1,0
tx_live_00001806,cust_009135,14.15,9,online_retail,US,0,346,1717,1,7,101.07,1,0,26.54,0.533,1,0
tx_live_00001807,cust_011938,155.85,16,electronics,US,0,350,2786,0,6,52.21,1,0,93.18,1.673,0,0
tx_live_00001808,cust_003381,43.19,1,groceries,US,0,495,1682,0,5,25.84,1,0,31.56,1.369,0,0
tx_live_00001809,cust_002486,432.06,2,fuel,CA,1,682,364,2,8,48.4,0,0,70.2,6.155,0,1
tx_live_00001810,cust_003885,21.3,17,electronics,US,0,309,1283,1,5,1.72,1,1,18.51,1.151,0,0
tx_live_00001811,cust_009272,495.59,17,restaurants,CA,1,307,380,0,7,80.6,1,0,47.04,10.536,0,0
tx_live_00001812,cust_007975,1758.85,12,online_retail,US,0,387,900,0,3,37.07,1,0,44.98,6.0,0,0
tx_live_00001813,cust_001596,1362.69,20,groceries,US,0,468,900,1,5,34.32,1,0,38.58,6.0,0,0
tx_live_00001814,cust_000290,85.56,5,restaurants,US,0,266,1077,2,11,112.9,0,0,92.18,0.928,0,0
tx_live_00001815,cust_001806,184.39,20,restaurants,US,0,199,498,0,5,27.15,1,0,13.6,13.558,0,0
tx_live_00001816,cust_009811,1276.49,16,luxury,US,0,306,1610,1,4,13.66,1,0,35.2,6.0,0,0
tx_live_00001817,cust_000779,214.67,13,electronics,FR,1,332,466,2,10,78.98,1,1,20.66,10.391,0,1
tx_live_00001818,cust_000766,101.25,3,electronics,US,0,398,628,4,11,64.67,1,1,72.66,1.394,0,0
tx_live_00001819,cust_011846,170.41,6,electronics,JP,1,205,1109,5,10,104.37,1,0,49.14,3.468,0,0
tx_live_00001820,cust_006721,1832.51,9,groceries,US,0,437,900,0,4,25.69,1,0,41.9,6.0,0,0
tx_live_00001821,cust_006414,67.52,22,travel,US,0,526,697,2,9,97.37,1,2,67.1,1.006,0,0
tx_live_00001822,cust_011105,21.23,17,fuel,FR,1,673,3048,0,3,32.58,1,0,24.83,0.855,1,0
tx_live_00001823,cust_007404,611.65,20,groceries,US,0,492,900,2,9,0.79,1,0,11.91,6.0,0,0
tx_live_00001824,cust_002344,92.76,17,electronics,US,0,365,1422,0,6,11.28,1,0,25.67,3.614,0,0
tx_live_00001825,cust_001526,1178.4,16,luxury,US,0,216,999,0,6,32.37,1,0,24.41,6.0,0,0
tx_live_00001826,cust_003438,218.35,5,groceries,US,0,231,623,0,8,64.16,0,0,18.73,11.657,0,0
tx_live_00001827,cust_005020,2109.45,18,electronics,US,0,120,900,2,5,36.92,1,0,29.44,6.0,0,0
tx_live_00001828,cust_009768,140.08,4,luxury,CA,1,421,1425,0,3,31.72,0,0,28.96,4.837,0,1
tx_live_00001829,cust_011328,2297.03,17,electronics,US,0,266,963,0,2,2.47,1,0,179.64,6.0,0,0
tx_live_00001830,cust_002299,1431.41,18,groceries,US,0,623,1967,2,9,1.21,1,0,25.87,6.0,0,0
tx_live_00001831,cust_004206,1216.71,19,restaurants,US,0,347,900,1,5,16.38,1,0,11.6,6.0,0,0
tx_live_00001832,cust_006001,1453.86,19,groceries,US,0,314,1616,0,5,24.92,1,0,67.81,6.0,0,0
tx_live_00001833,cust_008770,78.6,22,groceries,DE,1,595,874,1,6,17.22,0,1,54.55,1.441,0,0
tx_live_00001834,cust_009390,28.23,21,electronics,US,0,339,312,0,5,71.65,0,0,21.4,1.319,0,0
tx_live_00001835,cust_001265,44.76,2,electronics,US,0,264,1068,1,6,55.22,1,0,71.42,0.627,0,0
tx_live_00001836,cust_002724,15.62,8,travel,MX,1,484,265,2,8,74.31,1,0,58.87,0.265,0,0
tx_live_00001837,cust_000522,959.07,16,restaurants,US,0,379,1170,0,3,10.71,1,0,54.13,6.0,0,0
tx_live_00001838,cust_009285,281.18,21,electronics,US,0,627,1359,5,9,38.14,1,2,46.07,6.104,0,1
tx_live_00001839,cust_002431,55.65,13,groceries,US,0,395,955,5,13,31.61,0,1,30.3,1.836,1,0
tx_live_00001840,cust_002161,10.57,19,groceries,BR,1,457,1893,1,9,130.26,1,0,99.22,0.107,0,0
tx_live_00001841,cust_008661,90.47,10,fuel,US,0,313,2329,1,10,54.93,1,1,65.84,1.374,0,0
tx_live_00001842,cust_004404,47.74,22,restaurants,FR,1,244,1683,2,8,12.8,1,0,11.34,4.21,1,0
tx_live_00001843,cust_007076,10.0,17,travel,US,0,138,1799,1,7,62.12,1,1,67.74,0.148,0,0
tx_live_00001844,cust_004393,31.97,22,online_retail,FR,1,266,920,0,4,109.86,0,0,39.54,0.809,0,0
tx_live_00001845,cust_011348,51.2,15,groceries,US,0,392,474,0,11,142.49,1,0,60.82,0.842,0,0
tx_live_00001846,cust_002238,85.7,19,travel,BR,1,261,922,1,8,82.06,1,1,20.22,4.239,0,0
tx_live_00001847,cust_008799,37.53,23,travel,GB,1,333,675,1,10,106.76,1,0,85.75,0.438,0,0
tx_live_00001848,cust_011272,761.39,14,groceries,US,0,180,1114,1,7,16.35,1,0,97.56,6.0,0,0
tx_live_00001849,cust_011697,54.05,9,online_retail,US,0,294,255,1,9,32.59,1,0,91.94,0.588,0,0
tx_live_00001850,cust_011164,1830.36,14,online_retail,US,0,312,1309,0,2,28.11,1,0,39.0,6.0,0,0
tx_live_00001851,cust_001330,182.06,13,online_retail,US,0,493,1806,1,8,106.97,1,0,56.52,3.221,0,0
tx_live_00001852,cust_002210,307.6,8,groceries,US,0,110,549,1,8,3.71,1,0,95.68,3.215,0,0
tx_live_00001853,cust_004238,255.09,1,groceries,US,0,314,1881,2,8,14.47,1,0,61.71,4.134,0,0
tx_live_00001854,cust_002223,20.49,5,luxury,CA,1,183,1052,2,14,63.94,0,0,16.5,1.242,0,0
tx_live_00001855,cust_006549,251.22,14,fuel,US,0,420,1565,2,6,24.97,1,0,21.14,11.881,1,0
tx_live_00001856,cust_007925,992.46,16,utilities,US,0,1157,767,2,6,47.74,0,2,57.01,17.409,0,0
tx_live_00001857,cust_005718,405.19,3,groceries,US,0,344,1511,4,13,48.49,1,0,108.17,3.746,0,0
tx_live_00001858,cust_010182,101.19,4,online_retail,US,0,285,2483,2,6,175.15,0,1,47.9,2.112,0,0
tx_live_00001859,cust_008220,25.03,14,groceries,US,0,797,1199,2,9,66.79,0,0,32.47,0.771,0,0
tx_live_00001860,cust_011459,220.48,2,online_retail,US,0,104,1184,4,15,62.13,1,0,37.1,5.943,0,1
tx_live_00001861,cust_005754,44.28,2,fuel,CA,1,238,1634,4,10,77.83,1,1,43.67,1.014,0,0
tx_live_00001862,cust_006281,92.25,10,travel,US,0,81,634,0,6,34.18,1,0,51.65,1.786,0,0
tx_live_00001863,cust_007109,1534.75,9,restaurants,US,0,387,900,1,4,8.03,1,0,35.54,6.0,0,0
tx_live_00001864,cust_000853,226.26,6,restaurants,US,0,336,909,2,12,47.41,1,0,48.92,4.625,1,0
tx_live_00001865,cust_001676,31.21,16,electronics,US,0,228,2461,2,6,31.41,1,1,61.47,0.508,0,0
tx_live_00001866,cust_006095,185.79,2,restaurants,US,0,804,1784,0,8,87.59,1,1,48.83,3.805,0,0
tx_live_00001867,cust_007884,1197.29,18,fuel,US,0,217,1103,1,3,6.71,1,0,32.27,6.0,0,0
tx_live_00001868,cust_003057,53.73,23,luxury,US,0,110,1206,0,7,29.09,0,0,25.43,2.113,0,0
tx_live_00001869,cust_011280,51.72,5,restaurants,US,0,413,833,3,11,8.94,1,1,28.78,1.797,0,0
tx_live_00001870,cust_007023,104.44,12,online_retail,DE,1,461,605,1,6,12.4,1,0,288.28,0.362,0,0
tx_live_00001871,cust_010125,391.97,19,groceries,US,0,405,308,2,9,58.78,1,1,37.35,10.495,0,0
tx_live_00001872,cust_011833,1254.17,15,electronics,US,0,309,1266,0,5,21.64,1,0,31.77,6.0,0,0
tx_live_00001873,cust_003044,1427.56,14,groceries,US,0,511,1904,3,4,10.33,1,0,38.46,6.0,0,0
tx_live_00001874,cust_002495,1986.71,9,online_retail,US,0,351,2348,0,4,27.13,1,0,27.84,6.0,0,0
tx_live_00001875,cust_004175,41.68,7,groceries,US,0,47,1219,0,7,29.14,0,0,94.82,0.44,0,0
tx_live_00001876,cust_009824,67.9,14,electronics,US,0,171,777,5,14,30.34,1,0,17.69,3.839,0,0
tx_live_00001877,cust_011557,62.23,12,electronics,US,0,437,510,2,6,43.71,1,0,62.14,1.001,0,0
tx_live_00001878,cust_000204,60.89,23,restaurants,US,0,98,1301,3,21,1.48,0,1,30.12,2.021,1,1
tx_live_00001879,cust_011558,32.83,12,utilities,US,0,677,1495,0,4,71.71,1,0,25.0,1.313,0,0
tx_live_00001880,cust_009890,37.19,14,restaurants,US,0,436,2170,0,3,10.42,0,1,91.69,0.406,0,0
tx_live_00001881,cust_008671,45.41,5,fuel,US,0,222,742,2,5,131.79,1,0,14.57,3.118,1,0
tx_live_00001882,cust_009999,133.29,4,restaurants,US,0,521,467,2,12,8.4,1,0,92.22,1.445,0,0
tx_live_00001883,cust_009224,97.78,17,groceries,US,0,134,1362,4,7,48.27,1,1,88.81,1.101,0,0
tx_live_00001884,cust_005281,149.38,20,online_retail,US,0,168,909,1,5,123.65,0,1,30.66,4.872,0,0
tx_live_00001885,cust_001370,982.39,19,groceries,US,0,195,1077,0,6,35.34,1,0,32.69,6.0,0,0
tx_live_00001886,cust_006361,64.21,0,online_retail,US,0,508,1407,0,7,12.92,0,0,68.45,0.938,0,0
tx_live_00001887,cust_006636,35.73,3,electronics,US,0,212,3312,0,2,1.26,0,0,49.44,0.723,0,0
tx_live_00001888,cust_002073,32.83,9,restaurants,US,0,626,720,1,5,8.24,1,0,38.71,0.848,0,0
tx_live_00001889,cust_011679,1564.16,20,restaurants,US,0,522,1018,0,5,10.49,1,0,59.26,6.0,0,0
tx_live_00001890,cust_010416,165.47,6,luxury,US,0,415,1675,0,4,66.55,0,0,96.88,1.708,0,0
tx_live_00001891,cust_001425,881.28,9,restaurants,US,0,344,1073,2,3,4.32,1,0,114.8,6.0,0,0
tx_live_00001892,cust_001592,219.8,16,online_retail,US,0,262,2284,1,8,66.19,0,0,54.82,4.01,0,0
tx_live_00001893,cust_005469,729.76,14,fuel,US,0,279,926,1,4,9.07,1,0,41.46,6.0,0,0
tx_live_00001894,cust_004709,115.67,18,groceries,CA,1,473,2558,0,10,39.28,1,0,26.17,4.421,0,0
tx_live_00001895,cust_005694,78.75,6,utilities,JP,1,491,1862,0,5,18.29,1,1,28.57,2.756,0,0
tx_live_00001896,cust_011759,1048.3,13,groceries,US,0,215,1379,0,2,13.07,1,0,40.03,6.0,0,0
tx_live_00001897,cust_002879,1671.01,13,groceries,US,0,190,1323,1,5,41.96,1,0,48.11,6.0,0,0
tx_live_00001898,cust_003808,340.03,2,electronics,US,0,305,1497,3,14,63.55,1,0,36.1,9.419,0,0
tx_live_00001899,cust_003980,79.16,20,luxury,US,0,217,1232,2,7,12.4,0,0,21.04,3.762,0,0
tx_live_00001900,cust_002568,261.09,16,groceries,US,0,155,1955,1,5,26.53,0,0,86.0,3.036,1,0
tx_live_00001901,cust_007957,91.37,6,electronics,CA,1,215,652,1,5,21.84,1,0,19.76,4.624,0,0
tx_live_00001902,cust_006371,38.08,4,luxury,US,0,377,834,0,10,38.68,0,1,844.95,0.05,0,0
tx_live_00001903,cust_006645,264.23,18,electronics,US,0,448,2091,3,13,12.17,1,1,62.36,4.237,0,0
tx_live_00001904,cust_009138,35.37,13,fuel,US,0,146,864,1,7,31.65,0,0,14.45,2.448,0,0
tx_live_00001905,cust_008454,1146.19,9,electronics,US,0,572,1879,1,4,7.65,1,0,69.38,6.0,0,0
tx_live_00001906,cust_006319,154.36,12,groceries,US,0,241,1085,2,4,16.6,1,1,15.52,9.946,0,0
tx_live_00001907,cust_002342,400.0,19,electronics,US,0,177,1336,2,3,8.55,1,0,67.09,5.963,0,0
tx_live_00001908,cust_011185,47.42,23,travel,US,0,377,1969,2,11,57.52,1,1,104.08,0.456,1,0
tx_live_00001909,cust_005048,75.22,17,online_retail,US,0,77,1435,0,1,85.55,1,1,32.05,2.347,0,0
tx_live_00001910,cust_009345,267.87,6,restaurants,GB,1,69,1566,1,9,11.91,1,0,84.11,3.185,0,0
tx_live_00001911,cust_003971,1580.57,17,restaurants,US,0,194,1790,0,3,14.35,1,0,47.78,6.0,0,0
tx_live_00001912,cust_011179,5.6,10,restaurants,US,0,1195,858,5,13,48.04,1,0,24.24,0.231,0,0
tx_live_00001913,cust_009249,806.67,9,fuel,US,0,120,1092,3,10,17.07,1,0,29.76,6.0,0,0
tx_live_00001914,cust_004748,1498.34,12,groceries,US,0,335,1503,1,8,2.46,1,0,135.54,6.0,0,0
tx_live_00001915,cust_006173,51.81,14,electronics,US,0,80,601,2,13,43.56,1,1,250.59,0.207,0,0
tx_live_00001916,cust_009804,152.18,12,electronics,US,0,195,838,2,6,167.67,1,0,22.17,6.864,0,0
tx_live_00001917,cust_011940,3916.44,12,groceries,US,0,303,900,1,6,19.75,1,0,33.2,6.0,0,0
tx_live_00001918,cust_010624,55.96,11,travel,CA,1,83,617,2,6,110.95,1,1,17.14,3.264,0,0
tx_live_00001919,cust_002868,216.61,11,groceries,JP,1,74,2166,2,9,102.37,1,0,43.92,4.932,0,0
tx_live_00001920,cust_009451,132.98,22,online_retail,US,0,198,2062,0,7,26.49,0,0,51.77,2.569,0,0
tx_live_00001921,cust_010754,1048.6,12,travel,US,0,549,900,1,7,55.26,1,0,6.9,6.0,0,0
tx_live_00001922,cust_007179,1929.44,17,fuel,US,0,120,908,2,5,24.34,1,0,36.5,6.0,0,0
tx_live_00001923,cust_004619,26.65,4,luxury,US,0,486,995,0,6,45.38,1,2,49.62,0.537,1,0
tx_live_00001924,cust_000789,174.25,11,restaurants,US,0,202,922,2,13,20.31,0,1,33.52,5.198,0,0
tx_live_00001925,cust_002048,123.14,12,groceries,CA,1,49,1385,3,12,6.21,1,0,38.1,3.232,1,0
tx_live_00001926,cust_011969,26.71,12,utilities,US,0,462,1522,1,11,43.74,1,0,25.21,1.06,1,0
tx_live_00001927,cust_009267,88.6,21,online_retail,US,0,224,742,0,7,89.75,1,1,76.39,1.16,0,0
tx_live_00001928,cust_010023,8.42,20,travel,US,0,244,1976,2,18,47.01,0,0,21.41,0.393,0,0
tx_live_00001929,cust_002232,133.06,4,restaurants,US,0,535,1840,0,7,49.45,1,0,57.37,2.319,0,0
tx_live_00001930,cust_001929,90.66,17,luxury,CA,1,182,1186,4,9,24.43,1,0,192.03,0.472,0,0
tx_live_00001931,cust_008321,32.79,18,restaurants,US,0,377,710,1,6,11.45,1,0,60.47,0.542,0,0
tx_live_00001932,cust_005251,718.52,19,groceries,US,0,120,900,0,6,12.89,1,0,39.53,6.0,0,0
tx_live_00001933,cust_004328,2958.75,20,electronics,US,0,151,900,0,3,7.51,1,0,8.42,6.0,0,0
tx_live_00001934,cust_007289,48.35,12,restaurants,CA,1,405,1200,0,7,63.3,1,0,12.27,3.94,0,0
tx_live_00001935,cust_008380,47.8,15,fuel,US,0,18,2453,3,11,19.95,0,0,8.18,5.841,0,0
tx_live_00001936,cust_001111,50.07,19,travel,US,0,168,2393,1,3,15.03,0,1,55.99,0.894,0,0
tx_live_00001937,cust_002653,152.59,11,online_retail,US,0,389,1258,0,5,19.55,0,0,40.8,3.74,0,0
tx_live_00001938,cust_006417,124.37,20,restaurants,DE,1,334,986,2,7,47.9,1,0,20.55,6.053,0,0
tx_live_00001939,cust_004403,2417.93,16,restaurants,US,0,295,906,0,1,19.03,1,0,23.74,6.0,0,0
tx_live_00001940,cust_011567,965.59,20,travel,US,0,666,1110,2,4,3.6,1,0,102.5,6.0,0,0
tx_live_00001941,cust_010109,831.28,12,restaurants,US,0,767,900,2,6,21.27,1,0,52.96,6.0,0,0
tx_live_00001942,cust_009950,95.82,4,restaurants,US,0,85,1384,2,7,73.35,1,0,129.94,0.737,0,0
tx_live_00001943,cust_009890,1400.17,10,restaurants,US,0,294,900,1,4,31.46,1,0,168.82,6.0,0,0
tx_live_00001944,cust_007397,30.21,2,restaurants,US,0,227,293,1,7,84.05,1,0,89.62,0.337,0,0
tx_live_00001945,cust_007911,55.47,11,restaurants,US,0,265,438,2,6,28.29,1,0,103.64,0.535,0,0
tx_live_00001946,cust_001201,89.41,11,utilities,CA,1,121,625,2,6,47.3,1,0,225.88,0.396,0,0
tx_live_00001947,cust_008986,124.08,19,groceries,US,0,149,919,1,9,97.27,1,0,38.05,3.261,0,0
tx_live_00001948,cust_002340,192.21,11,fuel,US,0,510,2283,2,6,22.33,1,1,43.72,4.396,0,0
tx_live_00001949,cust_010286,10.54,10,restaurants,US,0,553,1239,0,4,88.99,0,0,31.2,0.338,0,0
tx_live_00001950,cust_010998,1699.3,18,restaurants,US,0,274,1059,1,7,4.17,1,0,129.14,6.0,0,0
tx_live_00001951,cust_010286,94.33,4,electronics,US,0,234,735,1,6,53.24,1,0,18.88,4.996,1,0
tx_live_00001952,cust_005668,37.7,7,utilities,US,0,559,1382,1,6,199.09,1,1,35.16,1.072,0,0
tx_live_00001953,cust_006101,148.43,8,travel,US,0,382,1164,2,9,22.21,1,0,26.49,5.604,0,0
tx_live_00001954,cust_002820,8.52,22,restaurants,CA,1,415,748,0,2,19.07,1,0,25.8,0.33,0,0
tx_live_00001955,cust_005487,10.09,5,restaurants,US,0,194,1195,0,6,124.51,0,0,28.49,0.354,0,0
tx_live_00001956,cust_000921,463.15,0,travel,CA,1,267,1707,1,9,56.7,1,0,20.09,23.053,0,0
tx_live_00001957,cust_000540,17.23,1,fuel,US,0,214,1285,3,15,140.19,0,0,33.39,0.516,0,0
tx_live_00001958,cust_004359,80.26,10,electronics,GB,1,382,1447,0,8,5.72,1,0,42.14,1.905,0,0
tx_live_00001959,cust_008147,21.19,21,online_retail,US,0,544,708,3,11,41.91,0,0,133.93,0.158,1,0
tx_live_00001960,cust_009697,39.93,8,online_retail,US,0,252,1190,1,9,63.92,1,0,20.84,1.916,0,0
tx_live_00001961,cust_004220,22.74,1,travel,CA,1,144,1072,2,6,73.15,0,0,19.87,1.145,0,0
tx_live_00001962,cust_002134,1165.13,13,restaurants,US,0,398,1149,0,4,40.55,1,0,42.05,6.0,0,0
tx_live_00001963,cust_010444,1687.1,16,groceries,US,0,120,900,2,7,46.74,1,0,59.91,6.0,0,0
tx_live_00001964,cust_010136,62.1,18,restaurants,US,0,596,568,2,12,69.33,1,0,14.62,4.247,0,0
tx_live_00001965,cust_007619,22.66,2,fuel,US,0,78,907,1,7,2.92,1,0,74.44,0.304,0,0
tx_live_00001966,cust_008738,21.67,22,online_retail,GB,1,441,1104,2,5,218.25,1,0,108.74,0.199,0,0
tx_live_00001967,cust_005590,140.2,22,groceries,BR,1,153,1018,2,7,15.71,0,1,65.07,2.155,0,0
tx_live_00001968,cust_011398,24.9,9,groceries,FR,1,193,1040,1,6,50.35,1,1,54.29,0.459,0,0
tx_live_00001969,cust_004933,55.69,21,online_retail,GB,1,201,781,1,12,85.23,1,1,24.01,2.32,0,0
tx_live_00001970,cust_005524,100.16,3,restaurants,CA,1,747,825,2,9,76.56,1,0,60.58,1.653,0,0
tx_live_00001971,cust_000870,67.8,19,groceries,US,0,261,1723,1,7,10.99,0,1,64.94,1.044,0,0
tx_live_00001972,cust_007133,2396.02,13,groceries,US,0,120,900,1,5,29.69,1,0,78.13,6.0,0,0
tx_live_00001973,cust_003367,181.69,22,groceries,US,0,275,1157,3,10,23.21,1,0,47.26,3.844,0,0
tx_live_00001974,cust_008886,81.44,3,groceries,US,0,475,1267,1,4,51.19,1,0,89.14,0.914,0,0
tx_live_00001975,cust_005727,1236.29,12,groceries,US,0,263,900,1,6,37.21,1,0,8.57,6.0,0,0
tx_live_00001976,cust_003334,59.48,12,utilities,US,0,493,3096,0,4,22.94,1,2,41.89,1.42,0,0
tx_live_00001977,cust_000744,963.41,9,travel,US,0,129,1560,1,2,22.05,1,0,25.59,6.0,0,0
tx_live_00001978,cust_003087,167.44,19,travel,US,0,206,1875,1,6,42.71,1,0,36.87,4.542,0,0
tx_live_00001979,cust_010277,2182.77,14,travel,US,0,120,900,0,3,1.72,1,0,44.58,6.0,0,0
tx_live_00001980,cust_006884,89.66,20,groceries,US,0,283,1516,4,8,12.13,0,1,16.31,5.497,1,1
tx_live_00001981,cust_003329,1846.02,20,electronics,US,0,318,900,1,2,23.63,1,0,137.0,6.0,0,0
tx_live_00001982,cust_004345,1848.69,19,groceries,US,0,615,1723,0,3,33.39,1,0,84.92,6.0,0,0
tx_live_00001983,cust_001791,13.57,16,groceries,MX,1,293,999,0,3,23.51,1,0,37.4,0.363,0,0
tx_live_00001984,cust_006593,692.68,19,fuel,US,0,155,900,0,3,8.34,1,0,31.48,6.0,0,0
tx_live_00001985,cust_010808,70.06,10,restaurants,US,0,60,904,2,8,27.85,0,0,23.6,2.968,0,0
tx_live_00001986,cust_001013,1480.71,14,online_retail,US,0,222,1155,0,5,32.47,1,0,25.69,6.0,0,0
tx_live_00001987,cust_009546,62.5,23,fuel,BR,1,543,872,2,9,47.65,0,1,12.68,4.927,0,0
tx_live_00001988,cust_004151,1247.29,11,groceries,US,0,120,910,1,4,33.36,1,0,79.32,6.0,0,0
tx_live_00001989,cust_000080,1270.2,11,groceries,US,0,336,900,2,7,54.28,1,0,70.1,6.0,0,0
tx_live_00001990,cust_007916,57.44,16,restaurants,US,0,426,957,0,1,12.01,1,0,43.28,1.327,1,0
tx_live_00001991,cust_003022,33.87,0,groceries,US,0,224,2483,1,6,220.15,1,0,36.69,0.923,0,0
tx_live_00001992,cust_007824,105.19,22,groceries,US,0,86,559,1,6,81.33,1,0,55.97,1.88,0,0
tx_live_00001993,cust_010766,128.82,23,luxury,US,0,56,521,1,3,71.31,0,0,68.62,1.877,0,0
tx_live_00001994,cust_000750,33.46,6,electronics,US,0,525,697,3,11,42.22,0,0,44.59,0.75,0,0
tx_live_00001995,cust_010777,9.28,8,luxury,US,0,93,1421,0,5,75.72,1,1,55.5,0.167,0,0
tx_live_00001996,cust_007002,180.59,1,groceries,US,0,115,1472,1,7,28.48,1,0,65.43,2.76,0,0
tx_live_00001997,cust_007230,400.0,11,utilities,US,0,487,1610,0,3,7.41,1,0,100.27,3.989,0,0
tx_live_00001998,cust_003710,138.88,0,fuel,GB,1,365,1340,2,9,96.6,1,0,40.34,3.443,0,0
tx_live_00001999,cust_010658,41.12,3,groceries,US,0,75,1527,3,12,29.28,0,1,23.55,1.746,0,0
tx_live_00002000,cust_004301,2139.54,9,groceries,US,0,333,1488,1,5,13.9,1,0,31.28,6.0,0,0
tx_live_00002001,cust_007206,649.86,19,restaurants,US,0,428,900,1,5,19.43,1,0,38.32,6.0,0,0
tx_live_00002002,cust_007943,1732.15,17,travel,US,0,120,1540,0,4,28.55,1,0,37.08,6.0,0,0
tx_live_00002003,cust_005828,30.95,22,restaurants,US,0,507,461,1,10,62.97,0,0,54.15,0.572,0,0
tx_live_00002004,cust_011488,1391.49,14,fuel,US,0,279,900,1,4,4.59,1,0,24.41,6.0,0,0
tx_live_00002005,cust_000294,77.23,1,electronics,JP,1,159,1570,1,4,45.36,1,0,15.64,4.937,0,0
tx_live_00002006,cust_006809,64.28,17,online_retail,CA,1,307,1278,1,6,4.1,1,0,114.17,0.563,0,0
tx_live_00002007,cust_006080,25.25,9,electronics,US,0,812,608,0,6,32.26,1,0,131.5,0.192,0,0
tx_live_00002008,cust_001873,138.32,5,restaurants,US,0,271,691,1,3,48.1,1,0,87.35,1.583,0,0
tx_live_00002009,cust_011963,52.92,16,groceries,US,0,222,1496,2,8,131.44,1,1,39.1,1.354,0,0
tx_live_00002010,cust_001369,1110.47,17,groceries,US,0,290,1530,1,7,4.36,1,0,32.61,6.0,0,0
tx_live_00002011,cust_004287,957.78,18,fuel,US,0,582,996,0,6,57.17,1,0,64.7,6.0,0,0
tx_live_00002012,cust_002411,108.76,6,online_retail,US,0,150,317,1,4,11.78,0,0,29.9,3.638,0,0
tx_live_00002013,cust_008670,28.55,22,electronics,CA,1,65,695,2,8,40.83,1,0,120.22,0.237,1,0
tx_live_00002014,cust_008873,19.64,6,restaurants,GB,1,288,448,2,6,44.7,0,0,15.95,1.232,1,0
tx_live_00002015,cust_002766,25.71,14,online_retail,FR,1,812,1062,1,10,73.66,1,0,47.68,0.539,0,0
tx_live_00002016,cust_002755,39.07,18,electronics,US,0,472,1038,1,9,109.97,1,0,28.77,1.358,0,0
tx_live_00002017,cust_000783,17.37,14,fuel,CA,1,229,1369,2,7,30.33,0,0,64.34,0.27,0,0
tx_live_00002018,cust_003616,21.64,18,restaurants,US,0,110,391,1,12,56.83,0,0,67.68,0.32,0,0
tx_live_00002019,cust_010229,17.26,7,travel,US,0,342,1506,3,9,55.57,1,0,57.0,0.303,0,0
tx_live_00002020,cust_003267,2136.61,13,groceries,US,0,135,1057,2,5,10.33,1,0,18.29,6.0,0,0
tx_live_00002021,cust_009479,143.42,8,fuel,US,0,399,906,1,13,4.05,1,0,207.99,0.69,0,0
tx_live_00002022,cust_009640,1785.86,12,travel,US,0,175,900,0,6,4.08,1,0,83.04,6.0,0,0
tx_live_00002023,cust_001547,280.87,12,groceries,US,0,574,1988,2,10,92.46,0,0,44.16,6.361,0,0
tx_live_00002024,cust_010000,1152.09,11,restaurants,US,0,234,900,0,4,5.78,1,0,24.57,6.0,0,0
tx_live_00002025,cust_007394,994.53,14,fuel,US,0,337,1024,0,4,7.64,1,0,85.64,6.0,0,0
tx_live_00002026,cust_002555,84.82,3,groceries,US,0,707,1333,1,10,7.55,0,2,30.45,2.786,0,0
tx_live_00002027,cust_011861,2618.37,13,restaurants,US,0,471,1035,0,5,6.2,1,0,23.23,6.0,0,0
tx_live_00002028,cust_006991,128.6,19,luxury,US,0,64,1580,2,6,63.99,1,0,73.96,1.739,0,0
tx_live_00002029,cust_011763,199.67,6,electronics,DE,1,162,1077,1,5,38.87,1,1,16.79,11.892,0,0
tx_live_00002030,cust_004811,1339.05,19,online_retail,DE,1,437,929,1,8,75.05,1,0,33.26,40.254,0,0
tx_live_00002031,cust_010371,51.49,11,restaurants,US,0,438,620,3,11,104.47,1,0,66.69,0.772,0,0
tx_live_00002032,cust_010633,53.36,3,electronics,GB,1,161,602,0,3,56.38,1,0,30.96,1.724,0,0
tx_live_00002033,cust_010098,104.36,16,electronics,US,0,320,596,2,4,11.88,0,0,24.47,4.265,0,0
tx_live_00002034,cust_007822,25.05,16,luxury,JP,1,331,881,3,12,34.45,0,0,55.67,0.45,0,0
tx_live_00002035,cust_009888,1102.12,11,luxury,US,0,120,1513,3,4,46.08,1,0,173.19,6.0,0,0
tx_live_00002036,cust_006157,809.37,19,online_retail,US,0,120,1307,0,4,21.37,1,0,29.94,6.0,0,0
tx_live_00002037,cust_007319,389.82,18,fuel,US,0,226,591,0,7,33.86,0,0,29.43,13.245,0,0
tx_live_00002038,cust_011172,110.85,23,travel,US,0,468,1572,0,5,57.55,1,0,16.34,6.785,0,0
tx_live_00002039,cust_002751,1665.38,12,travel,US,0,144,2955,0,4,14.14,1,0,64.56,6.0,0,0
tx_live_00002040,cust_003699,905.96,15,fuel,US,0,277,1058,0,1,21.84,1,0,72.43,6.0,0,0
tx_live_00002041,cust_009893,132.69,9,online_retail,US,0,170,2739,1,6,60.65,1,0,123.36,1.076,0,0
tx_live_00002042,cust_006202,169.13,19,utilities,US,0,489,1734,1,7,22.65,1,0,59.01,2.866,0,0
tx_live_00002043,cust_006230,44.88,12,utilities,CA,1,407,1351,2,10,84.7,1,1,31.26,1.436,0,0
tx_live_00002044,cust_009985,168.92,1,travel,US,0,746,625,2,5,147.03,0,0,56.79,2.974,0,0
tx_live_00002045,cust_006304,1506.46,13,fuel,US,0,120,2059,2,10,11.08,1,0,24.6,6.0,0,0
tx_live_00002046,cust_007102,221.1,1,luxury,CA,1,575,349,1,9,6.9,0,1,13.96,15.835,1,1
tx_live_00002047,cust_008823,2500.17,20,restaurants,US,0,400,1215,1,2,33.47,1,0,74.44,6.0,0,0
tx_live_00002048,cust_004073,2379.55,17,restaurants,US,0,458,1021,1,5,49.59,1,0,77.61,6.0,0,0
tx_live_00002049,cust_004366,17.09,22,fuel,CA,1,349,1632,0,4,168.66,1,0,29.18,0.586,0,0
tx_live_00002050,cust_002054,71.58,8,restaurants,US,0,475,1242,0,7,63.15,1,0,70.2,1.02,0,0
tx_live_00002051,cust_008815,1116.13,18,groceries,US,0,213,900,0,4,28.76,1,0,15.06,6.0,0,0
tx_live_00002052,cust_009703,2979.54,9,travel,US,0,120,900,2,5,11.67,1,0,316.11,6.0,0,0
tx_live_00002053,cust_010913,1389.48,18,electronics,US,0,279,900,1,3,44.71,1,0,79.86,6.0,0,0
tx_live_00002054,cust_005054,56.79,19,restaurants,US,0,46,993,1,8,46.28,1,0,120.37,0.472,0,0
tx_live_00002055,cust_010319,27.96,11,electronics,US,0,334,1391,2,6,85.63,1,0,31.04,0.901,0,0
tx_live_00002056,cust_002918,107.24,17,groceries,US,0,443,2013,1,8,25.94,1,0,10.83,9.906,0,0
tx_live_00002057,cust_001593,51.88,3,travel,US,0,749,1871,1,8,75.16,1,0,41.63,1.246,0,0
tx_live_00002058,cust_011692,1401.14,19,groceries,US,0,576,1026,3,5,20.68,1,0,66.7,6.0,0,0
tx_live_00002059,cust_000601,47.36,2,groceries,US,0,224,1160,1,13,19.47,0,0,66.84,0.709,0,0
tx_live_00002060,cust_008489,48.89,3,groceries,CA,1,120,1794,2,9,77.85,1,1,50.31,0.972,0,0
tx_live_00002061,cust_001270,1614.68,9,groceries,US,0,248,1002,0,2,18.66,1,0,126.67,6.0,0,0
tx_live_00002062,cust_010677,84.73,16,luxury,GB,1,202,982,4,8,313.8,1,0,21.43,3.953,0,0
tx_live_00002063,cust_009153,2331.38,20,electronics,US,0,375,1226,0,10,10.66,1,0,32.92,6.0,0,0
tx_live_00002064,cust_008138,39.11,5,groceries,FR,1,333,1266,1,11,29.35,0,0,20.41,1.916,1,0
tx_live_00002065,cust_008900,1099.88,14,groceries,US,0,198,1658,2,5,39.45,1,0,93.06,6.0,0,0
tx_live_00002066,cust_002048,1664.28,9,groceries,US,0,127,1850,0,2,10.38,1,0,28.74,6.0,0,0
tx_live_00002067,cust_008246,75.12,18,travel,US,0,185,805,1,6,40.47,1,0,35.37,2.124,0,0
tx_live_00002068,cust_011745,1810.79,17,groceries,US,0,736,956,0,4,1.98,1,0,16.18,6.0,0,0
tx_live_00002069,cust_011010,28.96,22,travel,US,0,396,986,2,8,86.21,0,0,26.69,1.085,1,0
tx_live_00002070,cust_006270,397.28,7,groceries,GB,1,327,1380,1,10,29.43,1,0,21.47,18.505,0,0
tx_live_00002071,cust_007222,98.23,8,restaurants,US,0,242,1139,2,9,101.54,1,0,56.87,1.727,0,0
tx_live_00002072,cust_008822,1743.22,18,online_retail,US,0,120,1725,1,2,29.18,1,0,36.36,6.0,0,0
tx_live_00002073,cust_007221,1034.7,16,online_retail,US,0,365,900,0,2,22.66,1,0,51.85,6.0,0,0
tx_live_00002074,cust_003478,30.25,8,utilities,US,0,217,896,1,9,11.11,1,0,39.29,0.77,0,0
tx_live_00002075,cust_006901,236.44,16,fuel,US,0,270,690,2,9,18.58,1,0,65.12,3.631,0,0
tx_live_00002076,cust_001719,7.08,8,fuel,MX,1,388,669,3,9,22.6,1,0,70.28,0.101,0,0
tx_live_00002077,cust_004503,96.01,12,fuel,US,0,650,1667,1,12,21.22,1,0,19.99,4.802,0,0
tx_live_00002078,cust_000969,766.46,20,online_retail,US,0,355,1928,0,3,21.99,1,0,13.35,6.0,0,0
tx_live_00002079,cust_006232,78.18,21,fuel,US,0,463,970,1,5,47.04,1,1,27.2,2.875,0,0
tx_live_00002080,cust_008004,596.66,8,fuel,US,0,316,521,1,7,14.61,1,1,20.73,28.782,0,0
tx_live_00002081,cust_007639,1099.79,10,restaurants,US,0,382,922,1,5,11.54,1,0,13.47,6.0,0,0
tx_live_00002082,cust_005071,91.23,18,groceries,US,0,251,1476,1,7,42.42,0,0,65.37,1.395,0,0
tx_live_00002083,cust_006833,742.65,18,travel,US,0,204,900,1,6,22.51,1,0,48.29,6.0,0,0
tx_live_00002084,cust_003261,1517.0,15,groceries,US,0,120,1158,0,4,48.66,1,0,97.47,6.0,0,0
tx_live_00002085,cust_008403,752.74,10,online_retail,US,0,186,970,2,4,18.97,1,0,37.25,6.0,0,0
tx_live_00002086,cust_006362,22.8,11,restaurants,FR,1,672,1624,3,8,3.72,1,1,21.88,1.042,0,0
tx_live_00002087,cust_005657,67.72,19,groceries,US,0,296,503,1,7,108.33,0,0,12.56,5.39,0,0
tx_live_00002088,cust_007655,1289.6,16,electronics,US,0,563,900,1,5,33.54,1,0,51.31,6.0,0,0
tx_live_00002089,cust_002164,85.75,22,groceries,US,0,383,2123,0,5,21.61,1,2,110.65,0.775,0,0
tx_live_00002090,cust_005458,205.57,19,groceries,US,0,223,941,1,6,57.4,0,0,16.57,12.404,1,0
tx_live_00002091,cust_008838,546.13,9,online_retail,US,0,419,900,2,9,26.74,1,0,72.43,6.0,0,0
tx_live_00002092,cust_006148,72.56,23,online_retail,US,0,237,912,1,8,41.88,0,0,47.39,1.531,0,0
tx_live_00002093,cust_010926,1794.52,11,groceries,US,0,475,1122,1,6,40.48,1,0,50.48,6.0,0,0
tx_live_00002094,cust_000891,1474.42,16,electronics,US,0,295,2012,0,5,21.48,1,0,41.55,6.0,0,0
tx_live_00002095,cust_006498,1709.88,16,online_retail,US,0,274,1159,3,8,79.56,1,0,61.43,6.0,0,0
tx_live_00002096,cust_006787,216.11,4,fuel,DE,1,475,1670,1,5,27.93,0,0,74.77,2.89,0,0
tx_live_00002097,cust_010545,1514.97,16,groceries,US,0,312,900,1,5,17.54,1,0,28.69,6.0,0,0
tx_live_00002098,cust_006189,118.94,8,groceries,US,0,257,1318,0,8,7.68,0,1,81.85,1.453,0,0
tx_live_00002099,cust_011559,1819.32,13,luxury,US,0,120,1658,3,6,25.35,1,0,44.38,6.0,0,0
tx_live_00002100,cust_004624,43.9,19,electronics,US,0,333,1441,0,4,26.99,1,3,15.57,2.82,0,0
tx_live_00002101,cust_007531,802.61,10,electronics,US,0,303,1020,1,4,4.14,1,0,94.7,6.0,0,0
tx_live_00002102,cust_011653,10.81,1,groceries,US,0,126,962,0,8,14.24,1,0,41.34,0.261,0,0
tx_live_00002103,cust_003389,61.55,4,online_retail,MX,1,304,683,1,7,28.29,0,0,59.43,1.036,0,0
tx_live_00002104,cust_003476,16.88,10,online_retail,US,0,276,1413,2,9,4.77,0,0,130.45,0.129,0,0
tx_live_00002105,cust_005863,27.75,16,restaurants,US,0,416,1320,3,10,12.02,1,0,17.72,1.566,0,0
tx_live_00002106,cust_010104,2093.8,14,groceries,US,0,150,1696,1,6,8.2,1,0,25.57,6.0,0,0
tx_live_00002107,cust_011710,1534.84,9,luxury,US,0,366,1214,2,9,3.88,1,0,104.72,6.0,0,0
tx_live_00002108,cust_007500,1781.22,17,restaurants,US,0,120,1110,2,5,42.88,1,0,60.92,6.0,0,0
tx_live_00002109,cust_004384,112.2,17,electronics,US,0,212,1181,1,8,18.67,0,0,46.59,2.408,0,0
tx_live_00002110,cust_009158,2428.09,18,groceries,US,0,388,1648,0,2,19.02,1,0,86.97,6.0,0,0
tx_live_00002111,cust_009610,53.72,8,restaurants,US,0,261,1142,0,3,19.75,1,0,26.06,2.062,0,0
tx_live_00002112,cust_006319,51.06,21,groceries,CA,1,377,624,0,7,39.83,1,1,21.32,2.394,0,0
tx_live_00002113,cust_000564,362.18,19,groceries,US,0,218,725,2,7,75.71,1,0,35.69,10.148,0,0
tx_live_00002114,cust_006107,61.2,0,travel,CA,1,219,1225,3,7,65.96,1,0,63.91,0.958,0,0
tx_live_00002115,cust_010724,1224.53,18,fuel,US,0,525,900,1,3,63.03,1,0,263.01,4.656,0,0
tx_live_00002116,cust_005357,213.45,9,electronics,GB,1,126,830,1,8,56.2,1,1,39.62,5.387,0,1
tx_live_00002117,cust_001462,18.12,3,groceries,US,0,249,762,1,4,23.56,0,0,32.42,0.559,0,0
tx_live_00002118,cust_009703,2154.61,14,luxury,US,0,404,900,1,9,7.48,1,0,93.77,6.0,0,0
tx_live_00002119,cust_001252,295.81,16,groceries,US,0,128,1271,1,9,18.25,0,0,35.96,8.227,0,0
tx_live_00002120,cust_000641,21.77,8,luxury,BR,1,256,1737,2,10,17.12,1,0,49.59,0.439,1,0
tx_live_00002121,cust_009207,43.05,0,electronics,US,0,165,1109,2,10,32.77,1,0,43.71,0.985,0,0
tx_live_00002122,cust_000918,112.69,4,groceries,US,0,228,621,2,10,5.3,1,2,115.62,0.975,0,0
tx_live_00002123,cust_007422,1397.54,17,restaurants,US,0,286,900,1,6,7.16,1,0,30.41,6.0,0,0
tx_live_00002124,cust_001252,123.21,11,groceries,MX,1,360,854,2,8,28.75,0,0,60.05,2.052,0,0
tx_live_00002125,cust_011422,35.27,3,online_retail,US,0,323,1474,1,7,37.53,1,0,84.28,0.418,1,0
tx_live_00002126,cust_007373,2150.82,13,luxury,US,0,374,928,1,5,3.42,1,0,58.0,6.0,0,0
tx_live_00002127,cust_009564,2436.65,17,luxury,US,0,399,1899,0,9,50.69,1,0,46.92,6.0,0,0
tx_live_00002128,cust_002015,51.55,11,fuel,US,0,419,2023,5,12,17.11,1,0,45.25,1.139,0,0
tx_live_00002129,cust_003474,2014.11,13,groceries,US,0,230,1681,1,4,14.22,1,0,97.35,6.0,0,0
tx_live_00002130,cust_007387,153.86,16,restaurants,US,0,128,1557,1,1,127.91,1,0,40.62,3.787,0,0
tx_live_00002131,cust_007406,229.84,8,fuel,US,0,524,1231,2,16,41.64,0,0,80.01,2.873,0,0
tx_live_00002132,cust_002735,16.36,9,groceries,US,0,269,1478,1,7,63.62,1,0,70.49,0.232,0,0
tx_live_00002133,cust_004608,42.15,10,restaurants,US,0,220,1053,2,8,105.48,1,0,39.48,1.068,1,0
tx_live_00002134,cust_009903,979.52,14,utilities,US,0,120,900,0,3,7.17,1,0,178.52,5.487,0,0
tx_live_00002135,cust_001619,1163.44,18,groceries,US,0,327,1217,1,5,6.25,1,0,34.12,6.0,0,0
tx_live_00002136,cust_001112,693.64,17,fuel,US,0,279,948,0,2,28.13,1,0,77.72,6.0,0,0
tx_live_00002137,cust_007275,1773.65,16,travel,US,0,521,1798,3,7,16.06,1,0,112.89,6.0,0,0
tx_live_00002138,cust_003569,666.46,9,utilities,US,0,276,1058,2,5,21.79,1,0,82.42,6.0,0,0
tx_live_00002139,cust_008965,1095.68,11,restaurants,US,0,235,900,1,3,33.29,1,0,36.96,6.0,0,0
tx_live_00002140,cust_003366,673.09,3,fuel,CA,1,403,909,2,17,114.76,0,0,105.64,6.372,0,1
tx_live_00002141,cust_011378,28.56,14,online_retail,US,0,205,1705,3,10,17.61,1,0,28.45,1.004,0,0
tx_live_00002142,cust_000361,1048.27,17,electronics,US,0,244,900,1,5,13.2,1,0,166.24,6.0,0,0
tx_live_00002143,cust_008534,1403.94,11,online_retail,US,0,860,900,1,6,13.98,1,0,25.03,6.0,0,0
tx_live_00002144,cust_009404,41.54,8,groceries,US,0,275,994,1,2,104.1,0,0,47.82,0.869,0,0
tx_live_00002145,cust_010920,756.62,10,electronics,US,0,373,900,2,5,16.32,1,0,25.41,6.0,0,0
tx_live_00002146,cust_008827,205.38,2,fuel,BR,1,576,474,1,10,38.86,1,0,27.15,7.564,0,1
tx_live_00002147,cust_000099,1962.76,12,groceries,US,0,592,1229,1,7,57.14,1,0,175.48,6.0,0,0
tx_live_00002148,cust_001118,513.44,11,groceries,FR,1,188,935,2,5,4.06,1,0,90.4,5.68,0,0
tx_live_00002149,cust_008960,34.41,13,luxury,CA,1,258,247,1,8,57.82,0,0,114.39,0.301,0,0
tx_live_00002150,cust_011481,1813.33,18,restaurants,US,0,256,1307,1,5,18.02,1,0,87.72,6.0,0,0
tx_live_00002151,cust_009595,32.7,0,fuel,US,0,189,498,2,10,16.16,0,0,41.79,0.782,1,0
tx_live_00002152,cust_010050,139.78,22,groceries,CA,1,388,749,1,4,37.97,0,0,43.16,3.239,0,0
tx_live_00002153,cust_001504,865.26,18,restaurants,US,0,437,900,0,5,10.79,1,0,57.15,6.0,0,0
tx_live_00002154,cust_009752,111.57,17,luxury,DE,1,380,2995,3,9,19.81,0,0,19.14,5.831,0,1
tx_live_00002155,cust_001589,22.62,5,travel,US,0,343,1128,3,7,99.73,1,1,24.4,0.927,0,0
tx_live_00002156,cust_000489,109.78,16,electronics,US,0,269,545,0,8,34.49,0,0,59.41,1.848,0,0
tx_live_00002157,cust_008629,24.69,16,fuel,US,0,690,1027,1,4,5.06,0,0,39.94,0.618,0,0
tx_live_00002158,cust_006899,31.6,23,electronics,DE,1,246,730,0,3,37.9,0,0,16.64,1.899,1,0
tx_live_00002159,cust_009118,1879.03,14,electronics,US,0,194,1223,0,3,29.06,1,0,59.05,6.0,0,0
tx_live_00002160,cust_003318,73.9,14,travel,JP,1,622,583,1,7,11.96,1,0,182.91,0.404,0,0
tx_live_00002161,cust_006527,103.89,20,fuel,US,0,648,684,1,6,13.62,0,1,18.12,5.734,1,0
tx_live_00002162,cust_010151,1341.57,9,utilities,US,0,757,900,2,3,34.85,1,0,75.4,6.0,0,0
tx_live_00002163,cust_004152,50.67,4,electronics,GB,1,693,406,2,10,19.73,0,0,34.45,1.471,0,0
tx_live_00002164,cust_009784,1698.98,20,travel,US,0,416,1964,1,3,4.66,1,0,81.95,6.0,0,0
tx_live_00002165,cust_006195,2035.56,12,travel,US,0,120,1959,1,8,16.76,1,0,28.93,6.0,0,0
tx_live_00002166,cust_000063,95.02,6,electronics,US,0,403,1563,2,9,46.87,0,0,40.02,2.374,0,0
tx_live_00002167,cust_002399,32.8,10,restaurants,US,0,428,830,1,8,45.1,0,0,72.93,0.45,0,0
tx_live_00002168,cust_010534,1419.43,20,online_retail,US,0,260,995,0,3,10.35,1,0,43.93,6.0,0,0
tx_live_00002169,cust_004196,31.71,15,utilities,US,0,470,1536,2,7,57.07,0,0,37.77,0.84,0,0
tx_live_00002170,cust_010660,51.96,3,groceries,US,0,238,1458,1,3,27.3,1,0,48.29,1.076,1,0
tx_live_00002171,cust_011014,46.79,9,groceries,US,0,172,2892,1,5,24.08,1,4,146.29,0.32,1,0
tx_live_00002172,cust_009521,923.04,13,online_retail,US,0,398,1405,1,5,5.85,1,0,66.39,6.0,0,0
tx_live_00002173,cust_001096,1998.1,20,groceries,US,0,120,900,1,9,10.97,1,0,31.21,6.0,0,0
tx_live_00002174,cust_010820,46.19,18,utilities,US,0,183,1566,1,10,7.55,1,0,159.67,0.289,0,0
tx_live_00002175,cust_004047,114.33,21,fuel,US,0,292,332,0,5,29.54,1,2,42.33,2.701,0,0
tx_live_00002176,cust_003474,416.57,14,electronics,US,0,395,278,1,13,68.93,1,0,13.88,30.014,0,0
tx_live_00002177,cust_010359,1070.78,15,groceries,US,0,754,900,2,7,18.36,1,0,20.94,6.0,0,0
tx_live_00002178,cust_006269,941.98,15,fuel,US,0,420,900,3,10,57.63,1,0,39.3,6.0,0,0
tx_live_00002179,cust_004430,22.38,20,restaurants,CA,1,407,1805,3,12,140.48,0,0,201.06,0.111,0,0
tx_live_00002180,cust_005849,61.51,8,restaurants,US,0,132,1307,2,8,79.23,1,0,108.43,0.567,1,0
tx_live_00002181,cust_000934,34.65,10,groceries,US,0,362,987,0,4,67.53,1,1,32.73,1.059,0,0
tx_live_00002182,cust_000485,98.31,5,online_retail,US,0,382,2752,1,4,22.9,1,0,20.98,4.685,0,0
tx_live_00002183,cust_004526,1895.76,19,electronics,US,0,236,900,2,5,1.87,1,0,49.61,6.0,0,0
tx_live_00002184,cust_005087,528.08,19,online_retail,US,0,288,1688,0,4,12.84,1,0,262.14,2.014,0,0
tx_live_00002185,cust_010157,1898.43,20,groceries,US,0,478,1189,1,4,23.31,1,0,6.74,6.0,0,0
tx_live_00002186,cust_010927,71.98,23,online_retail,US,0,164,465,0,6,53.94,0,1,26.54,2.712,0,0
tx_live_00002187,cust_008908,7.12,10,electronics,US,0,147,1487,1,6,26.85,0,0,107.67,0.066,0,0
tx_live_00002188,cust_007739,183.7,9,travel,US,0,358,1095,1,13,37.61,1,1,42.76,4.296,0,0
tx_live_00002189,cust_003985,6.99,23,restaurants,US,0,354,372,0,4,22.46,1,1,23.94,0.292,1,0
tx_live_00002190,cust_002301,14.36,19,online_retail,BR,1,333,1382,2,12,67.75,0,0,23.77,0.604,0,0
tx_live_00002191,cust_003551,65.69,14,restaurants,US,0,633,2041,1,8,119.43,0,0,104.43,0.629,1,0
tx_live_00002192,cust_008640,1029.13,14,fuel,US,0,293,1071,1,10,21.11,1,0,37.14,6.0,0,0
tx_live_00002193,cust_005175,24.77,10,groceries,US,0,207,1008,1,11,44.26,1,0,68.5,0.362,0,0
tx_live_00002194,cust_011660,1304.43,20,restaurants,US,0,120,2371,0,3,22.22,1,0,74.58,6.0,0,0
tx_live_00002195,cust_004655,80.9,3,restaurants,US,0,206,808,1,4,21.81,1,0,91.24,0.887,0,0
tx_live_00002196,cust_009901,1875.38,11,luxury,US,0,236,1089,2,6,48.56,1,0,22.99,6.0,0,0
tx_live_00002197,cust_007254,893.6,12,electronics,US,0,145,1066,2,4,31.5,1,0,7.28,6.0,0,0
tx_live_00002198,cust_008425,106.49,19,electronics,JP,1,96,1211,1,7,39.37,1,0,93.71,1.136,0,0
tx_live_00002199,cust_009416,106.04,18,groceries,US,0,459,1278,1,13,11.12,0,0,59.43,1.784,1,0
tx_live_00002200,cust_005254,2954.22,20,online_retail,US,0,585,1125,0,4,26.52,1,0,51.08,6.0,0,0
tx_live_00002201,cust_003017,1241.9,12,restaurants,US,0,524,900,1,6,32.76,1,0,38.56,6.0,0,0
tx_live_00002202,cust_005449,24.88,7,utilities,US,0,212,809,4,14,148.78,1,0,33.6,0.74,0,0
tx_live_00002203,cust_004251,4.03,11,groceries,JP,1,299,1114,2,6,24.4,1,0,250.74,0.05,0,0
tx_live_00002204,cust_009413,16.83,11,luxury,DE,1,323,2162,2,11,201.54,1,0,65.75,0.256,0,0
tx_live_00002205,cust_000115,84.77,15,electronics,US,0,91,650,2,4,117.94,1,0,95.0,0.892,0,0
tx_live_00002206,cust_009218,198.19,16,fuel,CA,1,65,1179,2,8,126.48,1,1,24.1,8.223,0,1
tx_live_00002207,cust_004524,173.26,11,electronics,MX,1,643,1494,1,5,24.98,1,0,54.65,3.17,0,0
tx_live_00002208,cust_010917,86.18,6,groceries,US,0,225,2062,0,11,83.9,1,0,22.43,3.842,0,0
tx_live_00002209,cust_003047,1721.13,16,travel,US,0,615,900,1,6,18.22,1,0,46.02,6.0,0,0
tx_live_00002210,cust_000085,11.02,23,utilities,US,0,418,1490,3,7,156.82,1,0,93.14,0.118,0,0
tx_live_00002211,cust_007583,91.01,20,groceries,CA,1,441,1712,1,8,21.59,0,0,50.22,1.812,0,0
tx_live_00002212,cust_001068,8.35,16,groceries,BR,1,156,2048,1,11,5.02,1,0,22.94,0.364,0,0
tx_live_00002213,cust_005045,2293.56,20,electronics,US,0,350,994,1,7,24.61,1,0,64.26,6.0,0,0
tx_live_00002214,cust_011913,60.85,2,luxury,DE,1,430,819,1,5,22.8,0,0,49.94,1.219,0,0
tx_live_00002215,cust_004252,431.68,11,fuel,US,0,89,2082,4,7,41.06,1,1,11.71,36.862,0,0
tx_live_00002216,cust_006209,29.47,10,online_retail,US,0,239,804,0,8,35.35,1,0,115.96,0.254,0,0
tx_live_00002217,cust_005665,20.82,9,online_retail,US,0,453,1040,2,8,86.97,1,0,110.01,0.189,0,0
tx_live_00002218,cust_005311,703.87,17,travel,US,0,242,1100,3,6,65.69,1,0,51.03,6.0,0,0
tx_live_00002219,cust_008450,114.89,8,groceries,BR,1,349,1281,1,4,51.82,0,0,100.15,1.147,0,0
tx_live_00002220,cust_011380,2336.56,14,groceries,US,0,274,1530,0,7,15.38,1,0,42.46,6.0,0,0
tx_live_00002221,cust_007070,64.3,23,groceries,US,0,156,586,2,11,93.29,1,0,36.4,1.766,0,0
tx_live_00002222,cust_005013,25.93,7,travel,US,0,342,2308,1,8,27.85,1,0,39.68,0.653,0,0
tx_live_00002223,cust_007600,935.06,17,groceries,US,0,669,900,1,5,9.02,1,0,14.31,6.0,0,0
tx_live_00002224,cust_011814,84.36,12,online_retail,GB,1,343,723,3,4,52.31,0,0,68.12,1.238,0,0
tx_live_00002225,cust_005744,64.03,23,groceries,US,0,918,1735,1,5,18.63,1,0,84.01,0.762,1,0
tx_live_00002226,cust_008561,50.32,11,electronics,US,0,304,1021,5,12,62.18,0,0,48.53,1.037,0,0
tx_live_00002227,cust_008355,87.39,6,online_retail,CA,1,229,971,0,8,134.18,0,1,60.47,1.445,0,0
tx_live_00002228,cust_004023,1446.82,11,travel,US,0,160,1170,0,4,21.24,1,0,24.64,6.0,0,0
tx_live_00002229,cust_003644,1670.89,13,electronics,US,0,120,1018,3,7,2.12,1,0,15.89,6.0,0,0
tx_live_00002230,cust_000115,2067.14,17,online_retail,US,0,341,1009,2,6,65.21,1,0,49.04,6.0,0,0
tx_live_00002231,cust_011400,1823.44,16,electronics,US,0,705,1341,1,4,4.29,1,0,48.34,6.0,0,0
tx_live_00002232,cust_001234,21.23,22,restaurants,US,0,344,692,3,15,35.41,1,1,131.63,0.161,0,0
tx_live_00002233,cust_009961,361.06,18,restaurants,US,0,274,1893,1,8,61.41,1,0,75.32,4.794,1,0
tx_live_00002234,cust_008275,15.3,6,fuel,US,0,122,1419,1,2,79.63,0,0,40.15,0.381,0,0
tx_live_00002235,cust_000816,131.92,22,restaurants,CA,1,254,416,3,12,22.4,1,0,53.68,2.458,1,0
tx_live_00002236,cust_008091,139.86,5,groceries,US,0,306,1284,2,7,69.29,1,0,18.96,7.377,0,0
tx_live_00002237,cust_003256,81.6,9,restaurants,DE,1,240,1976,4,13,37.75,1,1,155.71,0.524,0,0
tx_live_00002238,cust_001381,1457.51,17,groceries,US,0,147,1278,2,8,29.15,1,0,21.06,6.0,0,0
tx_live_00002239,cust_011688,2862.58,10,fuel,US,0,519,1924,3,4,63.83,1,0,21.17,6.0,0,0
tx_live_00002240,cust_006995,1325.88,13,fuel,US,0,404,987,0,5,11.73,1,0,40.64,6.0,0,0
tx_live_00002241,cust_004691,1352.59,12,restaurants,US,0,294,900,1,5,46.52,1,0,43.35,6.0,0,0
tx_live_00002242,cust_002830,32.45,2,groceries,US,0,77,1437,3,11,38.82,1,0,17.1,1.898,0,0
tx_live_00002243,cust_008354,1260.22,17,online_retail,US,0,281,1198,3,10,4.81,1,0,29.09,6.0,0,0
tx_live_00002244,cust_005406,22.62,21,online_retail,US,0,174,489,3,9,20.64,1,0,39.47,0.573,0,0
tx_live_00002245,cust_009504,45.16,21,online_retail,US,0,158,1141,3,10,112.64,1,0,60.28,0.749,0,0
tx_live_00002246,cust_011696,66.69,12,electronics,JP,1,608,1678,3,10,50.44,0,0,32.54,2.049,0,0
tx_live_00002247,cust_000055,41.26,5,restaurants,CA,1,166,612,3,8,84.07,1,0,129.41,0.319,1,0
tx_live_00002248,cust_001563,78.5,17,electronics,BR,1,337,1052,3,7,17.75,1,1,55.53,1.414,0,0
tx_live_00002249,cust_000838,47.45,6,electronics,CA,1,212,838,0,11,81.29,0,0,61.33,0.774,0,0
tx_live_00002250,cust_008084,47.6,3,groceries,US,0,779,1511,3,6,46.85,0,0,37.43,1.272,0,0
tx_live_00002251,cust_005652,53.22,21,luxury,CA,1,71,1475,3,11,48.81,1,1,20.36,2.614,0,0
tx_live_00002252,cust_008979,1350.99,20,travel,US,0,334,900,3,10,38.17,1,0,70.75,6.0,0,0
tx_live_00002253,cust_003180,282.53,20,travel,DE,1,171,1299,2,16,40.37,1,0,115.39,2.448,0,0
tx_live_00002254,cust_002516,1425.25,15,restaurants,US,0,330,962,0,9,0.84,1,0,39.21,6.0,0,0
tx_live_00002255,cust_003599,347.26,10,travel,CA,1,182,703,0,10,60.21,1,1,81.38,4.267,0,1
tx_live_00002256,cust_011852,45.16,15,utilities,US,0,131,1070,0,13,14.5,1,0,58.83,0.768,0,0
tx_live_00002257,cust_011250,18.12,17,restaurants,US,0,377,1478,2,8,55.33,1,1,280.87,0.065,0,0
tx_live_00002258,cust_006706,14.33,12,electronics,US,0,604,1019,3,8,16.71,0,1,36.36,0.394,0,0
tx_live_00002259,cust_007676,37.2,23,travel,CA,1,193,954,1,6,42.04,0,0,35.86,1.037,0,0
tx_live_00002260,cust_001067,56.63,5,groceries,US,0,254,669,2,8,49.2,1,0,325.49,0.174,0,0
tx_live_00002261,cust_006945,90.32,12,fuel,US,0,277,1493,0,5,2.18,0,1,21.34,4.232,1,0
tx_live_00002262,cust_000849,1133.37,17,groceries,US,0,474,900,1,6,31.03,1,0,29.78,6.0,0,0
tx_live_00002263,cust_002965,17.2,5,online_retail,US,0,560,734,1,12,45.72,1,0,93.38,0.184,0,0
tx_live_00002264,cust_010949,1179.44,20,fuel,US,0,140,900,3,8,23.97,1,0,109.73,6.0,0,0
tx_live_00002265,cust_003338,140.14,14,fuel,GB,1,329,1996,1,11,71.04,0,0,71.74,1.953,1,0
tx_live_00002266,cust_003688,24.39,4,groceries,US,0,251,1161,0,8,84.13,1,0,29.91,0.815,0,0
tx_live_00002267,cust_000554,104.17,9,online_retail,DE,1,899,1025,1,7,22.4,1,0,34.63,3.008,0,0
tx_live_00002268,cust_003149,311.65,10,restaurants,CA,1,1184,1445,2,4,44.39,1,0,37.02,8.418,0,0
tx_live_00002269,cust_003999,966.67,18,electronics,US,0,497,900,0,5,28.5,1,0,45.05,6.0,0,0
tx_live_00002270,cust_007069,988.17,16,electronics,US,0,391,931,1,8,26.45,1,0,16.67,6.0,0,0
tx_live_00002271,cust_004010,1426.96,9,fuel,US,0,324,943,1,5,18.86,1,0,15.32,6.0,0,0
tx_live_00002272,cust_010696,78.18,6,restaurants,DE,1,224,491,1,7,26.33,1,0,114.83,0.681,0,0
tx_live_00002273,cust_004174,1222.91,16,restaurants,US,0,120,965,2,9,15.88,1,0,30.62,6.0,0,0
tx_live_00002274,cust_008591,1117.48,12,electronics,US,0,157,900,1,6,22.62,1,0,31.57,6.0,0,0
tx_live_00002275,cust_000485,147.32,10,fuel,US,0,54,1088,0,6,105.48,1,1,65.8,2.239,0,0
tx_live_00002276,cust_007269,66.2,1,fuel,US,0,217,1754,1,7,19.35,0,0,23.1,2.866,0,0
tx_live_00002277,cust_004580,955.76,14,restaurants,US,0,610,2220,2,4,17.46,1,0,104.71,6.0,0,0
tx_live_00002278,cust_004448,49.12,5,fuel,US,0,517,555,0,8,44.59,0,0,42.7,1.15,1,0
tx_live_00002279,cust_005903,1598.45,16,electronics,US,0,262,900,3,7,7.4,1,0,68.26,6.0,0,0
tx_live_00002280,cust_003562,1882.91,11,online_retail,US,0,355,1801,1,3,79.01,1,0,81.57,6.0,0,0
tx_live_00002281,cust_001379,94.54,23,travel,CA,1,321,1570,2,11,49.21,0,0,21.1,4.481,0,1
tx_live_00002282,cust_003653,46.69,17,online_retail,US,0,169,1211,2,8,28.05,1,1,71.3,0.655,0,0
tx_live_00002283,cust_000536,809.31,12,online_retail,US,0,403,1146,0,4,36.68,1,0,57.02,6.0,0,0
tx_live_00002284,cust_008528,1180.26,19,luxury,US,0,472,934,3,6,11.35,1,0,86.07,6.0,0,0
tx_live_00002285,cust_011297,3016.46,14,luxury,US,0,434,1521,0,3,13.83,1,0,59.04,6.0,0,0
tx_live_00002286,cust_009337,16.51,3,electronics,US,0,251,1042,1,4,11.16,1,0,166.05,0.099,0,0
tx_live_00002287,cust_011969,1452.86,15,fuel,US,0,179,2637,1,8,38.15,1,0,13.11,6.0,0,0
tx_live_00002288,cust_010882,1325.18,13,groceries,US,0,198,1082,2,9,16.41,1,0,41.55,6.0,0,0
tx_live_00002289,cust_005042,83.13,5,travel,US,0,241,1381,2,8,21.97,1,0,62.58,1.328,0,0
tx_live_00002290,cust_011135,1848.31,18,restaurants,US,0,898,900,2,9,7.9,1,0,28.9,6.0,0,0
tx_live_00002291,cust_000359,19.97,10,travel,US,0,674,778,2,9,35.31,0,0,30.73,0.65,0,0
tx_live_00002292,cust_007654,1740.94,16,restaurants,US,0,121,900,2,4,38.41,1,0,87.88,6.0,0,0
tx_live_00002293,cust_000467,1318.97,20,fuel,US,0,269,900,0,5,11.91,1,0,102.64,6.0,0,0
tx_live_00002294,cust_011416,1505.28,19,groceries,US,0,272,1231,3,6,13.29,1,0,97.62,6.0,0,0
tx_live_00002295,cust_005450,877.65,10,travel,US,0,395,2279,0,9,12.53,1,0,26.73,6.0,0,0
tx_live_00002296,cust_008638,10.17,21,fuel,US,0,241,1860,4,8,50.14,0,0,34.6,0.294,0,0
tx_live_00002297,cust_006448,76.28,13,restaurants,BR,1,323,1300,1,8,50.53,1,0,46.23,1.65,0,0
tx_live_00002298,cust_001596,1090.29,18,travel,US,0,175,1716,0,6,27.78,1,0,118.55,6.0,0,0
tx_live_00002299,cust_005867,1634.01,13,restaurants,US,0,399,1741,1,4,18.42,1,0,46.87,6.0,0,0
tx_live_00002300,cust_001449,746.61,18,groceries,US,0,140,1776,0,3,33.01,1,0,69.1,6.0,0,0
tx_live_00002301,cust_011541,1003.13,17,restaurants,US,0,226,1518,1,7,30.57,1,0,42.07,6.0,0,0
tx_live_00002302,cust_008338,54.94,14,travel,US,0,738,592,0,10,41.56,1,1,114.53,0.48,1,0
tx_live_00002303,cust_000261,1100.81,13,electronics,US,0,503,900,1,4,11.2,1,0,78.58,6.0,0,0
tx_live_00002304,cust_003108,66.9,8,travel,US,0,448,687,0,8,5.02,1,1,28.77,2.325,0,0
tx_live_00002305,cust_006152,1274.78,17,electronics,US,0,523,900,1,7,4.45,1,0,89.45,6.0,0,0
tx_live_00002306,cust_000591,70.53,8,groceries,US,0,210,731,0,5,48.99,1,0,60.63,1.163,0,0
tx_live_00002307,cust_003700,1161.3,11,travel,US,0,120,2493,0,6,9.54,1,0,32.6,6.0,0,0
tx_live_00002308,cust_002256,66.23,7,online_retail,GB,1,516,3171,2,8,46.41,1,1,19.91,3.327,0,0
tx_live_00002309,cust_006840,1727.21,10,restaurants,US,0,237,2632,1,3,23.09,1,0,91.94,6.0,0,0
tx_live_00002310,cust_001995,21.8,9,electronics,CA,1,259,701,1,3,35.28,1,0,56.18,0.388,0,0
tx_live_00002311,cust_011763,84.01,17,electronics,DE,1,299,814,3,8,18.93,1,0,29.28,2.869,0,0
tx_live_00002312,cust_010987,9.88,1,online_retail,MX,1,167,544,2,11,66.08,1,0,36.97,0.267,0,0
tx_live_00002313,cust_004786,196.57,2,fuel,US,0,579,1202,0,6,35.73,0,0,13.13,14.974,0,0
tx_live_00002314,cust_005556,28.25,19,groceries,US,0,265,721,0,8,32.07,1,0,24.38,1.159,0,0
tx_live_00002315,cust_000082,945.79,12,online_retail,US,0,651,900,1,3,44.92,1,0,63.32,6.0,0,0
tx_live_00002316,cust_007640,1803.86,9,fuel,US,0,122,2849,0,1,2.26,1,0,94.44,6.0,0,0
tx_live_00002317,cust_001319,127.72,8,online_retail,CA,1,114,497,1,5,68.53,0,0,94.77,1.348,0,0
tx_live_00002318,cust_005257,290.19,1,groceries,MX,1,264,1981,0,5,33.17,0,0,63.82,4.547,0,1
tx_live_00002319,cust_001036,765.28,19,fuel,US,0,1039,936,0,14,18.29,0,1,31.35,24.409,0,0
tx_live_00002320,cust_002864,158.89,3,electronics,CA,1,150,1440,1,7,70.36,1,0,90.25,1.761,0,0
tx_live_00002321,cust_011631,20.95,15,groceries,US,0,242,554,2,5,63.9,1,1,22.0,0.952,0,0
tx_live_00002322,cust_007832,1462.9,16,groceries,US,0,914,1913,0,2,50.21,1,0,11.01,6.0,0,0
tx_live_00002323,cust_001676,1388.04,16,groceries,US,0,287,1837,0,7,13.9,1,0,17.94,6.0,0,0
tx_live_00002324,cust_005801,227.41,23,online_retail,US,0,323,595,3,10,187.39,0,1,23.2,9.804,0,1
tx_live_00002325,cust_000602,202.65,5,groceries,US,0,375,662,6,17,51.6,1,0,70.82,2.861,0,0
tx_live_00002326,cust_000366,1936.46,10,travel,US,0,238,1585,2,6,53.34,1,0,77.0,6.0,0,0
tx_live_00002327,cust_010739,1159.39,16,fuel,US,0,660,1336,1,4,12.66,1,0,103.76,6.0,0,0
tx_live_00002328,cust_001657,26.13,12,electronics,US,0,596,1751,2,8,16.84,1,1,49.02,0.533,0,0
tx_live_00002329,cust_011996,49.48,21,utilities,US,0,948,2052,0,6,29.14,0,0,62.41,0.793,0,0
tx_live_00002330,cust_011385,14.8,14,restaurants,US,0,460,2167,0,3,27.63,1,0,32.54,0.455,0,0
tx_live_00002331,cust_011408,893.64,13,online_retail,US,0,445,1471,0,6,48.55,1,0,50.16,6.0,0,0
tx_live_00002332,cust_003751,50.86,14,fuel,CA,1,332,552,2,10,55.34,0,1,28.2,1.803,0,0
tx_live_00002333,cust_000304,91.48,7,online_retail,US,0,317,1136,1,9,35.36,0,0,38.06,2.404,0,0
tx_live_00002334,cust_005676,699.06,11,utilities,US,0,622,1670,1,7,5.96,1,0,50.69,6.0,0,0
tx_live_00002335,cust_008198,25.89,20,travel,US,0,92,1211,1,10,27.12,1,0,36.7,0.705,0,0
tx_live_00002336,cust_002001,1181.46,9,electronics,US,0,295,1791,0,2,59.49,1,0,20.24,6.0,0,0
tx_live_00002337,cust_007398,216.53,23,fuel,US,0,208,1284,2,10,64.7,1,0,17.17,12.611,0,0
tx_live_00002338,cust_009371,1880.81,11,restaurants,US,0,220,1027,2,6,18.79,1,0,33.63,6.0,0,0
tx_live_00002339,cust_000709,25.15,6,groceries,US,0,525,920,2,13,20.13,1,1,6.15,4.088,0,0
tx_live_00002340,cust_000914,51.26,6,groceries,US,0,847,1632,0,7,24.92,0,0,13.33,3.845,0,0
tx_live_00002341,cust_007022,66.27,3,restaurants,BR,1,430,1423,3,11,167.74,1,1,22.19,2.987,0,0
tx_live_00002342,cust_006820,84.57,3,electronics,US,0,321,937,1,8,52.08,1,0,21.26,3.977,1,0
tx_live_00002343,cust_002886,54.42,11,electronics,US,0,695,614,3,10,74.99,0,0,72.13,0.754,0,0
tx_live_00002344,cust_002154,228.05,3,fuel,US,0,574,801,2,8,52.24,0,0,45.94,4.964,0,0
tx_live_00002345,cust_006680,27.09,8,groceries,US,0,184,754,2,9,51.51,1,0,23.63,1.146,0,0
tx_live_00002346,cust_010573,106.6,8,fuel,US,0,1239,917,3,11,22.14,0,0,30.86,3.455,1,0
tx_live_00002347,cust_006953,85.9,9,groceries,US,0,279,3132,3,11,19.36,1,0,33.95,2.53,0,0
tx_live_00002348,cust_007331,161.59,14,online_retail,DE,1,827,1165,4,9,28.01,1,0,40.82,3.958,0,0
tx_live_00002349,cust_001922,423.3,9,groceries,US,0,144,2294,2,7,20.85,1,0,93.28,4.538,0,0
tx_live_00002350,cust_000327,50.01,7,fuel,GB,1,249,1189,3,9,150.58,0,0,36.3,1.378,0,0
tx_live_00002351,cust_005846,1431.43,19,groceries,US,0,262,2500,0,4,8.69,1,0,92.15,6.0,0,0
tx_live_00002352,cust_000300,852.16,18,luxury,US,0,120,900,1,4,8.58,1,0,43.81,6.0,0,0
tx_live_00002353,cust_009038,74.38,17,restaurants,FR,1,205,1135,1,10,82.66,1,0,60.52,1.229,0,0
tx_live_00002354,cust_004098,1441.36,18,travel,US,0,120,1357,1,7,15.99,1,0,26.34,6.0,0,0
tx_live_00002355,cust_004735,61.29,2,luxury,CA,1,116,1491,1,8,67.66,1,0,43.92,1.396,0,0
tx_live_00002356,cust_009277,1907.31,15,groceries,US,0,139,915,0,1,26.19,1,0,23.3,6.0,0,0
tx_live_00002357,cust_004213,2225.72,16,fuel,US,0,290,1293,2,4,79.38,1,0,27.72,6.0,0,0
tx_live_00002358,cust_005945,171.47,12,fuel,DE,1,165,1055,1,4,23.31,1,0,70.68,2.426,0,0
tx_live_00002359,cust_007362,1673.7,18,restaurants,US,0,674,389,3,16,61.02,1,0,82.37,20.318,0,0
tx_live_00002360,cust_001986,12.77,3,utilities,US,0,524,1617,2,7,35.04,1,0,51.7,0.247,0,0
tx_live_00002361,cust_008453,1316.6,9,fuel,US,0,150,900,1,4,1.89,1,0,53.01,6.0,0,0
tx_live_00002362,cust_002637,933.43,16,groceries,US,0,170,900,1,3,9.81,1,0,17.94,6.0,0,0
tx_live_00002363,cust_000305,80.22,13,luxury,US,0,617,1099,1,10,18.23,0,0,11.87,6.758,0,0
tx_live_00002364,cust_009340,1305.7,16,online_retail,US,0,279,1173,0,1,6.1,1,0,18.82,6.0,0,0
tx_live_00002365,cust_007295,1584.1,20,online_retail,US,0,510,3064,2,6,34.36,1,0,70.05,6.0,0,0
tx_live_00002366,cust_011645,993.85,20,fuel,US,0,880,900,0,3,5.1,1,0,35.18,6.0,0,0
tx_live_00002367,cust_009676,3482.79,16,groceries,US,0,334,1902,0,5,8.86,1,0,9.88,6.0,0,0
tx_live_00002368,cust_011805,1697.75,15,online_retail,US,0,741,1024,0,3,19.28,1,0,26.4,6.0,0,0
tx_live_00002369,cust_007177,24.28,5,electronics,JP,1,284,362,1,8,30.89,1,1,51.76,0.469,0,0
tx_live_00002370,cust_001111,185.04,19,groceries,US,0,150,1220,3,9,39.94,1,0,39.79,4.65,0,0
tx_live_00002371,cust_011989,1665.41,9,travel,US,0,165,1051,0,1,37.79,1,0,50.89,6.0,0,0
tx_live_00002372,cust_006238,795.33,20,online_retail,US,0,150,900,0,6,12.96,1,0,15.76,6.0,0,0
tx_live_00002373,cust_008798,100.05,2,fuel,CA,1,35,1587,1,6,62.4,0,0,13.68,7.312,1,0
tx_live_00002374,cust_002515,93.91,13,restaurants,US,0,388,790,2,12,47.57,1,0,28.06,3.347,0,0
tx_live_00002375,cust_003671,2870.22,19,online_retail,US,0,497,900,0,4,7.84,1,0,68.47,6.0,0,0
tx_live_00002376,cust_000410,1019.17,10,luxury,US,0,305,1175,2,3,1.69,1,0,7.84,6.0,0,0
tx_live_00002377,cust_004118,10.24,13,online_retail,US,0,81,1028,2,9,78.75,1,0,20.72,0.494,1,0
tx_live_00002378,cust_010595,109.08,18,online_retail,US,0,167,401,0,5,29.89,0,0,17.8,6.129,0,0
tx_live_00002379,cust_010226,56.2,16,groceries,US,0,359,2743,1,9,11.23,1,0,71.68,0.784,0,0
tx_live_00002380,cust_001617,1040.4,19,luxury,US,0,125,1782,0,0,6.78,1,0,33.01,6.0,0,0
tx_live_00002381,cust_006279,35.59,18,luxury,CA,1,267,1124,3,8,33.78,1,0,67.64,0.526,0,0
tx_live_00002382,cust_009418,1076.96,10,groceries,US,0,161,1082,0,7,30.46,1,0,34.92,6.0,0,0
tx_live_00002383,cust_008643,1794.39,9,utilities,US,0,499,1659,0,7,64.37,1,0,25.09,6.0,0,0
tx_live_00002384,cust_007766,165.14,11,restaurants,CA,1,392,681,2,5,93.28,1,0,68.53,2.41,0,0
tx_live_00002385,cust_004642,19.61,10,groceries,US,0,241,978,1,6,90.1,1,0,36.05,0.544,0,0
tx_live_00002386,cust_010698,1311.52,19,luxury,US,0,138,900,3,10,43.88,1,0,90.06,6.0,0,0
tx_live_00002387,cust_001690,966.17,11,electronics,US,0,120,2418,0,5,11.99,1,0,46.41,6.0,0,0
tx_live_00002388,cust_005592,7.1,12,electronics,DE,1,345,616,1,13,46.26,0,0,18.74,0.379,0,0
tx_live_00002389,cust_000602,1096.44,15,restaurants,US,0,304,970,0,4,10.13,1,0,50.53,6.0,0,0
tx_live_00002390,cust_000795,242.37,13,groceries,US,0,79,1078,1,8,20.75,0,0,40.08,6.048,0,0
tx_live_00002391,cust_011334,1092.54,16,restaurants,US,0,364,1856,0,6,10.37,1,0,77.05,6.0,0,0
tx_live_00002392,cust_010170,1806.67,11,restaurants,US,0,543,1509,1,3,9.81,1,0,15.5,6.0,0,0
tx_live_00002393,cust_007094,1930.14,14,fuel,US,0,239,1660,2,5,55.34,1,0,31.95,6.0,0,0
tx_live_00002394,cust_008127,102.86,5,online_retail,CA,1,89,737,6,9,27.45,1,0,68.0,1.513,1,0
tx_live_00002395,cust_009377,135.28,10,travel,BR,1,269,959,2,10,36.08,1,0,19.62,6.894,0,0
tx_live_00002396,cust_007426,1200.89,16,restaurants,US,0,822,956,1,4,24.88,1,0,46.52,6.0,0,0
tx_live_00002397,cust_001380,666.39,15,fuel,US,0,452,900,2,8,29.44,1,0,45.6,6.0,0,0
tx_live_00002398,cust_003668,59.29,2,groceries,CA,1,229,1542,4,10,5.74,0,0,202.69,0.293,0,0
tx_live_00002399,cust_000036,1840.28,15,groceries,US,0,230,1746,1,5,0.35,1,0,66.98,6.0,0,0
tx_live_00002400,cust_010806,881.48,14,utilities,US,0,306,1390,1,3,19.43,1,0,34.54,6.0,0,0
tx_live_00002401,cust_010510,813.36,12,restaurants,US,0,731,900,2,6,29.96,1,0,39.02,6.0,0,0
tx_live_00002402,cust_007877,92.76,17,groceries,US,0,1247,1549,3,12,137.11,0,0,39.71,2.336,0,0
tx_live_00002403,cust_006019,38.61,8,groceries,US,0,37,1475,1,6,18.74,1,0,78.93,0.489,0,0
tx_live_00002404,cust_011962,4.81,13,restaurants,CA,1,171,1639,0,7,30.57,0,0,18.78,0.256,0,0
tx_live_00002405,cust_009208,702.67,19,travel,US,0,245,2587,1,5,9.07,1,0,16.21,6.0,0,0
tx_live_00002406,cust_010796,47.71,2,groceries,CA,1,561,2109,2,8,18.7,1,1,101.0,0.472,0,0
tx_live_00002407,cust_007288,1839.58,13,online_retail,US,0,528,900,0,6,22.93,1,0,18.47,6.0,0,0
tx_live_00002408,cust_001826,104.21,0,restaurants,US,0,427,632,2,10,108.72,1,1,18.3,5.696,0,0
tx_live_00002409,cust_001556,1213.28,19,luxury,US,0,120,1230,1,5,21.72,1,0,128.31,6.0,0,0
tx_live_00002410,cust_010262,70.13,15,travel,CA,1,288,297,1,7,43.47,1,0,56.57,1.24,0,0
tx_live_00002411,cust_000268,820.59,16,groceries,US,0,434,1040,1,8,7.88,1,0,72.67,6.0,0,0
tx_live_00002412,cust_006645,20.05,9,online_retail,US,0,46,1209,1,8,57.02,1,0,51.02,0.393,0,0
tx_live_00002413,cust_011225,2022.45,14,electronics,US,0,120,1828,1,4,35.34,1,0,40.54,6.0,0,0
tx_live_00002414,cust_009871,38.05,15,fuel,US,0,126,2831,2,4,31.18,0,0,24.92,1.527,0,0
tx_live_00002415,cust_008269,34.73,9,groceries,US,0,98,1393,1,6,59.73,1,0,33.23,1.045,0,0
tx_live_00002416,cust_002897,1317.06,16,online_retail,US,0,299,1092,0,5,24.17,1,0,22.18,6.0,0,0
tx_live_00002417,cust_005799,1540.3,15,fuel,US,0,204,900,1,5,19.8,1,0,20.88,6.0,0,0
tx_live_00002418,cust_000665,1599.5,18,restaurants,US,0,198,1645,0,2,3.54,1,0,15.02,6.0,0,0
tx_live_00002419,cust_007443,30.11,13,groceries,US,0,660,1727,1,6,53.95,0,0,21.31,1.413,0,0
tx_live_00002420,cust_000729,25.79,6,online_retail,US,0,269,1538,0,10,49.25,1,0,86.76,0.297,0,0
tx_live_00002421,cust_002058,280.35,4,restaurants,US,0,53,1071,2,6,36.15,0,0,71.15,3.94,0,0
tx_live_00002422,cust_002050,98.9,19,travel,JP,1,273,1082,1,5,49.62,1,0,22.82,4.333,0,0
tx_live_00002423,cust_010721,71.54,14,groceries,US,0,193,1190,2,11,63.59,0,0,35.09,2.039,0,0
tx_live_00002424,cust_008852,363.76,23,fuel,US,0,79,1283,0,5,38.25,0,0,36.78,9.89,1,0
tx_live_00002425,cust_002015,14.96,6,travel,US,0,326,2116,0,9,62.97,0,1,140.32,0.107,0,0
tx_live_00002426,cust_003141,94.56,5,groceries,US,0,487,1868,3,6,28.39,1,0,36.29,2.606,0,0
tx_live_00002427,cust_005395,202.98,12,groceries,US,0,165,1267,2,9,33.94,0,0,51.62,3.932,1,0
tx_live_00002428,cust_000987,54.31,5,luxury,US,0,294,1532,1,4,24.31,1,1,66.55,0.816,0,0
tx_live_00002429,cust_000877,41.74,9,fuel,US,0,145,1406,0,7,44.89,1,2,117.01,0.357,0,0
tx_live_00002430,cust_001329,42.18,13,utilities,US,0,85,1337,1,10,53.42,1,0,31.51,1.339,0,0
tx_live_00002431,cust_002173,87.32,22,luxury,US,0,230,1323,1,13,30.39,1,0,35.27,2.476,0,0
tx_live_00002432,cust_004725,80.51,10,electronics,JP,1,228,632,0,9,31.7,1,1,27.59,2.918,0,0
tx_live_00002433,cust_007722,1539.0,13,electronics,US,0,120,1074,0,2,15.61,1,0,50.32,6.0,0,0
tx_live_00002434,cust_009396,1590.93,17,online_retail,US,0,245,900,3,7,60.59,1,0,76.01,6.0,0,0
tx_live_00002435,cust_003547,1084.26,9,groceries,US,0,187,1184,0,4,27.34,1,0,75.64,6.0,0,0
tx_live_00002436,cust_008431,126.07,3,fuel,US,0,198,1206,3,5,16.35,0,0,82.6,1.526,1,0
tx_live_00002437,cust_006248,2194.91,9,travel,US,0,268,1432,0,4,11.57,1,0,302.04,6.0,0,0
tx_live_00002438,cust_009145,1829.66,10,groceries,US,0,513,2292,1,9,25.33,1,0,11.22,6.0,0,0
tx_live_00002439,cust_005171,54.54,17,electronics,FR,1,587,285,0,7,7.39,1,0,32.38,1.684,0,0
tx_live_00002440,cust_007195,1725.47,14,fuel,US,0,316,900,3,4,6.15,1,0,21.73,6.0,0,0
tx_live_00002441,cust_011040,1071.89,13,online_retail,US,0,657,900,0,4,23.16,1,0,52.54,6.0,0,0
tx_live_00002442,cust_002435,20.87,8,groceries,CA,1,217,1087,2,8,69.98,1,0,84.89,0.246,0,0
tx_live_00002443,cust_004845,1604.55,17,restaurants,US,0,208,900,1,6,14.53,1,0,64.35,6.0,0,0
tx_live_00002444,cust_004282,165.55,4,fuel,CA,1,134,1901,2,9,72.22,1,0,54.68,3.028,1,0
tx_live_00002445,cust_007789,57.84,22,online_retail,GB,1,245,1150,1,13,25.78,1,1,47.55,1.216,0,0
tx_live_00002446,cust_006574,321.81,23,restaurants,US,0,349,1869,3,11,161.1,0,0,49.53,6.498,0,0
tx_live_00002447,cust_009600,1988.14,15,online_retail,US,0,120,1293,1,4,54.58,1,0,50.28,6.0,0,0
tx_live_00002448,cust_010080,335.67,16,electronics,US,0,205,2262,2,6,8.99,1,0,38.72,8.669,0,0
tx_live_00002449,cust_005178,82.34,8,utilities,US,0,164,956,3,6,80.93,1,0,46.52,1.77,0,0
tx_live_00002450,cust_011041,54.25,5,fuel,GB,1,355,1969,2,11,25.54,1,1,49.63,1.093,1,0
tx_live_00002451,cust_001338,53.05,23,fuel,CA,1,657,1261,1,5,11.48,1,0,68.46,0.775,0,0
tx_live_00002452,cust_005616,1316.22,16,restaurants,US,0,175,2241,0,4,4.91,1,0,157.24,6.0,0,0
tx_live_00002453,cust_010865,70.15,4,online_retail,GB,1,339,708,0,5,53.98,1,0,117.66,0.596,0,0
tx_live_00002454,cust_000588,964.57,20,utilities,US,0,526,1670,3,5,21.74,1,0,25.08,6.0,0,0
tx_live_00002455,cust_010218,2026.1,19,luxury,US,0,760,900,0,4,9.24,1,0,18.53,6.0,0,0
tx_live_00002456,cust_003971,690.04,14,electronics,US,0,120,900,2,8,40.91,1,0,44.3,6.0,0,0
tx_live_00002457,cust_007990,644.29,6,groceries,DE,1,118,2016,2,4,95.51,0,1,38.35,16.799,0,1
tx_live_00002458,cust_010919,1575.74,16,luxury,US,0,1644,2885,1,5,4.03,1,0,46.35,6.0,0,0
tx_live_00002459,cust_001584,1373.33,13,restaurants,US,0,304,900,2,6,13.85,1,0,47.85,6.0,0,0
tx_live_00002460,cust_006224,2227.42,17,electronics,US,0,851,2156,0,4,52.88,1,0,103.69,6.0,0,0
tx_live_00002461,cust_006145,1255.7,10,utilities,US,0,457,2263,2,5,6.04,1,0,186.76,6.0,0,0
tx_live_00002462,cust_002558,1869.53,18,fuel,US,0,530,900,1,2,12.04,1,0,46.89,6.0,0,0
tx_live_00002463,cust_011058,1377.44,11,groceries,US,0,321,1813,0,4,27.49,1,0,48.63,6.0,0,0
tx_live_00002464,cust_001589,37.73,19,groceries,US,0,178,390,0,8,32.72,1,0,106.89,0.353,1,0
tx_live_00002465,cust_011067,24.33,9,electronics,US,0,414,417,2,7,47.91,1,1,26.32,0.924,0,0
tx_live_00002466,cust_004315,39.46,4,fuel,JP,1,548,908,2,12,73.19,1,1,102.43,0.385,0,0
tx_live_00002467,cust_006758,1344.21,18,groceries,US,0,660,900,0,2,6.43,1,0,12.45,6.0,0,0
tx_live_00002468,cust_007795,1511.47,14,travel,US,0,630,976,1,5,4.11,1,0,222.03,6.0,0,0
tx_live_00002469,cust_001133,45.06,8,restaurants,US,0,274,1176,2,8,32.02,0,1,129.16,0.349,1,0
tx_live_00002470,cust_008535,1194.01,16,online_retail,US,0,120,1013,2,7,10.61,1,0,37.5,6.0,0,0
tx_live_00002471,cust_003284,102.8,7,groceries,CA,1,551,888,4,12,16.2,1,1,122.25,0.841,0,0
tx_live_00002472,cust_006801,81.55,9,utilities,US,0,334,564,3,5,91.18,0,0,134.36,0.607,1,0
tx_live_00002473,cust_004692,277.6,15,fuel,US,0,251,207,1,5,46.35,1,0,52.66,5.272,0,0
tx_live_00002474,cust_006660,1653.29,18,travel,US,0,447,1458,1,10,5.35,1,0,23.55,6.0,0,0
tx_live_00002475,cust_003984,161.72,10,electronics,US,0,182,972,3,8,60.35,1,0,42.92,3.768,0,0
tx_live_00002476,cust_011612,88.05,4,luxury,US,0,220,833,1,8,60.7,1,1,39.73,2.216,0,0
tx_live_00002477,cust_009957,301.54,3,restaurants,US,0,360,840,2,9,87.82,1,0,53.45,5.642,0,0
tx_live_00002478,cust_002486,15.96,19,luxury,US,0,729,669,0,8,41.27,0,1,74.95,0.213,1,0
tx_live_00002479,cust_010771,1520.37,19,groceries,US,0,120,2660,0,7,39.97,1,0,53.88,6.0,0,0
tx_live_00002480,cust_006634,2684.07,18,restaurants,US,0,198,1652,1,5,5.92,1,0,137.05,6.0,0,0
tx_live_00002481,cust_006573,818.29,18,online_retail,US,0,548,1255,0,4,61.48,1,0,19.35,6.0,0,0
tx_live_00002482,cust_003706,56.65,12,restaurants,US,0,235,1092,4,7,9.94,1,1,46.94,1.207,0,0
tx_live_00002483,cust_009457,24.18,3,groceries,US,0,161,1981,0,3,54.54,1,0,31.26,0.774,0,0
tx_live_00002484,cust_003084,1378.74,16,restaurants,US,0,318,900,0,4,4.93,1,0,22.73,6.0,0,0
tx_live_00002485,cust_004152,1099.49,19,electronics,US,0,670,900,1,5,11.37,1,0,86.29,6.0,0,0
tx_live_00002486,cust_009917,1443.7,19,luxury,US,0,433,900,2,3,20.25,1,0,29.12,6.0,0,0
tx_live_00002487,cust_001636,1755.23,12,travel,US,0,500,900,1,4,42.95,1,0,108.81,6.0,0,0
tx_live_00002488,cust_000574,134.92,1,groceries,US,0,104,1034,3,10,21.0,0,1,217.16,0.621,0,0
tx_live_00002489,cust_000960,73.69,9,luxury,US,0,100,1523,0,13,103.77,1,0,32.65,2.257,0,0
tx_live_00002490,cust_000769,1716.17,14,fuel,US,0,384,1045,1,5,27.0,1,0,171.92,6.0,0,0
tx_live_00002491,cust_006877,32.75,9,groceries,US,0,590,1355,1,5,90.71,1,1,25.15,1.302,0,0
tx_live_00002492,cust_009014,1846.94,14,electronics,US,0,181,1667,1,5,34.72,1,0,63.75,6.0,0,0
tx_live_00002493,cust_007517,1327.1,20,fuel,US,0,173,900,2,6,40.81,1,0,76.41,6.0,0,0
tx_live_00002494,cust_000322,7.5,6,online_retail,US,0,55,1151,4,8,81.58,0,0,63.94,0.117,1,0
tx_live_00002495,cust_001944,672.45,10,electronics,US,0,120,1462,2,6,35.25,1,0,93.14,6.0,0,0
tx_live_00002496,cust_010070,347.59,12,restaurants,GB,1,488,1649,2,9,74.71,0,1,64.84,5.361,0,1
tx_live_00002497,cust_006064,31.67,1,online_retail,US,0,373,815,1,10,14.0,1,0,101.05,0.313,0,0
tx_live_00002498,cust_010238,1180.15,15,electronics,US,0,455,1062,2,5,33.0,1,0,11.15,6.0,0,0
tx_live_00002499,cust_001077,6.74,15,luxury,US,0,478,1491,2,4,124.37,1,0,25.86,0.261,0,0
tx_live_00002500,cust_009392,19.75,20,restaurants,US,0,263,1580,2,10,56.71,1,0,43.66,0.452,0,0
tx_live_00002501,cust_005433,2209.71,11,utilities,US,0,120,917,2,6,31.81,1,0,24.87,6.0,0,0
tx_live_00002502,cust_000816,1948.02,16,groceries,US,0,546,1140,1,4,34.82,1,0,47.78,6.0,0,0
tx_live_00002503,cust_002099,1645.08,14,online_retail,US,0,215,900,1,4,10.2,1,0,38.79,6.0,0,0
tx_live_00002504,cust_010564,1213.0,20,utilities,US,0,734,900,2,5,4.46,1,0,38.36,6.0,0,0
tx_live_00002505,cust_001044,2722.98,18,restaurants,US,0,120,1131,0,2,10.74,1,0,25.91,6.0,0,0
tx_live_00002506,cust_006904,743.73,10,groceries,US,0,273,900,0,4,3.74,1,0,94.97,6.0,0,0
tx_live_00002507,cust_003626,1628.57,16,restaurants,US,0,267,900,1,5,27.59,1,0,116.03,6.0,0,0
tx_live_00002508,cust_004118,1801.79,9,utilities,US,0,587,1246,0,6,17.28,1,0,56.46,6.0,0,0
tx_live_00002509,cust_003599,87.58,10,restaurants,US,0,427,1891,1,6,48.61,1,0,37.87,2.313,0,0
tx_live_00002510,cust_005846,94.77,21,restaurants,US,0,235,1599,2,7,26.81,0,0,52.63,1.801,0,0
tx_live_00002511,cust_004314,92.33,22,groceries,CA,1,325,2047,1,6,35.41,1,0,124.23,0.743,0,0
tx_live_00002512,cust_006086,644.81,9,online_retail,US,0,120,991,0,2,31.74,1,0,97.93,6.0,0,0
tx_live_00002513,cust_009424,2796.04,12,groceries,US,0,989,1717,1,10,33.48,1,0,45.78,6.0,0,0
tx_live_00002514,cust_007754,63.68,2,luxury,US,0,410,1235,0,9,6.09,0,0,107.88,0.59,0,0
tx_live_00002515,cust_009079,23.47,20,fuel,JP,1,171,930,2,10,51.87,1,0,67.16,0.349,0,0
tx_live_00002516,cust_000213,1361.7,18,luxury,US,0,563,900,3,8,11.63,1,0,58.61,6.0,0,0
tx_live_00002517,cust_006021,1062.14,18,restaurants,US,0,210,900,1,4,28.37,1,0,89.74,6.0,0,0
tx_live_00002518,cust_007574,80.08,4,restaurants,DE,1,662,687,0,3,50.7,1,0,139.5,0.574,0,0
tx_live_00002519,cust_003482,83.55,9,fuel,US,0,617,848,2,16,30.61,1,0,10.68,7.821,0,0
tx_live_00002520,cust_011046,38.62,2,electronics,US,0,306,443,1,8,30.16,0,0,15.8,2.444,0,0
tx_live_00002521,cust_003667,45.59,5,online_retail,US,0,422,785,0,9,85.71,1,1,26.02,1.752,0,0
tx_live_00002522,cust_000749,952.07,18,fuel,US,0,461,900,1,5,7.51,1,0,66.27,6.0,0,0
tx_live_00002523,cust_008093,162.0,22,groceries,US,0,53,1972,2,8,16.75,1,0,35.67,4.542,0,0
tx_live_00002524,cust_006283,76.06,6,fuel,US,0,415,473,0,7,56.67,1,0,36.6,2.078,0,0
tx_live_00002525,cust_010216,92.16,17,utilities,US,0,97,1809,0,4,50.42,0,0,8.14,11.323,0,0
tx_live_00002526,cust_004083,68.53,16,restaurants,US,0,290,1166,2,10,89.8,1,0,24.18,2.834,0,0
tx_live_00002527,cust_006231,2050.17,19,utilities,US,0,187,1262,1,6,30.13,1,0,49.07,6.0,0,0
tx_live_00002528,cust_007226,2299.16,11,groceries,US,0,151,1813,1,4,20.87,1,0,42.65,6.0,0,0
tx_live_00002529,cust_010939,6.39,21,utilities,FR,1,576,1070,1,9,180.43,1,1,43.73,0.146,0,0
tx_live_00002530,cust_010512,265.94,14,travel,US,0,182,373,0,6,19.19,0,1,82.44,3.226,0,0
tx_live_00002531,cust_008321,221.95,5,fuel,US,0,165,828,0,2,57.45,0,0,39.1,5.677,0,0
tx_live_00002532,cust_004134,91.74,11,restaurants,CA,1,37,910,2,10,9.53,1,0,27.87,3.291,0,0
tx_live_00002533,cust_002884,16.41,16,groceries,US,0,206,2025,1,6,37.55,0,0,223.62,0.073,0,0
tx_live_00002534,cust_009736,1287.53,9,groceries,US,0,187,1996,0,3,34.44,1,0,24.35,6.0,0,0
tx_live_00002535,cust_001316,154.89,1,utilities,US,0,474,1443,0,11,13.1,1,2,97.1,1.595,0,0
tx_live_00002536,cust_004375,134.64,18,online_retail,US,0,517,1218,1,8,123.01,1,0,55.31,2.434,0,0
tx_live_00002537,cust_002431,1852.53,9,luxury,US,0,387,1105,3,10,50.74,1,0,14.6,6.0,0,0
tx_live_00002538,cust_001560,1359.94,9,restaurants,US,0,247,979,1,7,27.67,1,0,19.11,6.0,0,0
tx_live_00002539,cust_011922,22.57,21,groceries,FR,1,473,1230,2,7,19.35,1,0,24.86,0.908,0,0
tx_live_00002540,cust_000481,76.74,10,travel,US,0,311,1134,1,9,30.64,0,0,35.31,2.173,0,0
tx_live_00002541,cust_008607,1521.59,13,electronics,US,0,159,900,1,7,38.13,1,0,91.45,6.0,0,0
tx_live_00002542,cust_005702,1829.39,16,online_retail,US,0,418,900,1,6,41.32,1,0,159.52,6.0,0,0
tx_live_00002543,cust_003677,72.54,1,groceries,US,0,295,1762,2,7,66.77,1,0,79.68,0.91,0,0
tx_live_00002544,cust_005635,19.54,8,travel,US,0,758,526,1,6,52.68,1,0,157.07,0.124,0,0
tx_live_00002545,cust_001260,56.91,23,groceries,BR,1,529,1068,1,8,57.03,1,0,35.63,1.597,0,0
tx_live_00002546,cust_007190,165.69,17,travel,US,0,81,2391,1,7,26.19,0,0,109.79,1.509,0,0
tx_live_00002547,cust_007119,989.21,13,travel,US,0,120,900,0,10,22.11,1,0,45.24,6.0,0,0
tx_live_00002548,cust_008805,27.45,1,online_retail,US,0,354,775,0,7,17.51,0,0,12.67,2.167,0,0
tx_live_00002549,cust_002050,23.37,5,groceries,US,0,202,476,1,3,93.03,1,1,29.39,0.795,0,0
tx_live_00002550,cust_008092,11.47,0,electronics,US,0,112,890,1,4,73.94,1,0,40.25,0.285,0,0
tx_live_00002551,cust_002152,80.66,12,electronics,US,0,612,478,2,7,78.34,1,0,164.4,0.491,0,0
tx_live_00002552,cust_007625,1506.89,14,restaurants,US,0,120,900,0,4,7.89,1,0,228.88,6.0,0,0
tx_live_00002553,cust_004327,918.76,19,restaurants,US,0,120,1908,0,7,40.55,1,0,58.91,6.0,0,0
tx_live_00002554,cust_007756,2732.91,15,groceries,US,0,538,900,3,7,17.73,1,0,91.22,6.0,0,0
tx_live_00002555,cust_000774,34.65,16,online_retail,US,0,410,1550,1,4,43.85,1,2,79.6,0.435,0,0
tx_live_00002556,cust_001753,1224.93,13,restaurants,US,0,282,900,0,3,5.69,1,0,21.28,6.0,0,0
tx_live_00002557,cust_008197,1777.92,18,electronics,US,0,451,1241,1,6,2.34,1,0,71.33,6.0,0,0
tx_live_00002558,cust_009565,84.26,5,electronics,CA,1,298,968,3,9,72.05,1,0,23.08,3.651,1,0
tx_live_00002559,cust_002240,873.18,20,restaurants,US,0,645,1803,0,3,20.03,1,0,34.91,6.0,0,0
tx_live_00002560,cust_006284,1999.1,19,online_retail,US,0,686,1858,1,5,11.55,1,0,43.09,6.0,0,0
tx_live_00002561,cust_002530,1309.93,19,fuel,US,0,265,1859,2,4,6.16,1,0,15.75,6.0,0,0
tx_live_00002562,cust_002597,1065.12,10,groceries,US,0,358,1026,1,6,4.19,1,0,15.82,6.0,0,0
tx_live_00002563,cust_004138,35.61,7,restaurants,GB,1,111,490,1,8,8.81,0,0,37.72,0.944,0,0
tx_live_00002564,cust_004417,1815.19,14,travel,US,0,556,900,0,4,12.75,1,0,71.49,6.0,0,0
tx_live_00002565,cust_006996,35.57,22,groceries,US,0,286,1145,1,7,65.69,1,0,26.87,1.324,0,0
tx_live_00002566,cust_007881,859.9,12,groceries,US,0,385,1007,1,7,8.42,1,0,39.17,6.0,0,0
tx_live_00002567,cust_009201,1096.66,17,groceries,US,0,120,2118,2,8,15.64,1,0,46.63,6.0,0,0
tx_live_00002568,cust_001172,47.24,5,luxury,US,0,286,607,2,14,94.09,0,0,35.06,1.347,0,0
tx_live_00002569,cust_010846,307.22,5,utilities,US,0,167,1836,4,10,29.07,0,0,50.59,6.072,0,0
tx_live_00002570,cust_001018,117.66,12,restaurants,US,0,231,443,4,12,51.93,0,1,51.25,2.296,0,0
tx_live_00002571,cust_005406,797.92,13,fuel,US,0,427,1122,0,2,23.28,1,0,45.9,6.0,0,0
tx_live_00002572,cust_002393,43.83,6,fuel,US,0,29,720,2,10,27.87,1,0,44.42,0.987,0,0
tx_live_00002573,cust_010315,72.5,20,restaurants,US,0,239,1668,1,8,22.46,1,0,97.16,0.746,0,0
tx_live_00002574,cust_002748,46.97,13,restaurants,CA,1,251,1044,0,4,86.02,1,0,22.67,2.072,0,0
tx_live_00002575,cust_006334,34.02,7,restaurants,US,0,362,1030,1,5,52.38,1,1,17.16,1.982,0,0
tx_live_00002576,cust_010574,1289.39,13,groceries,US,0,120,900,3,9,21.71,1,0,68.61,6.0,0,0
tx_live_00002577,cust_005018,2035.61,16,travel,US,0,527,900,0,2,26.61,1,0,22.12,6.0,0,0
tx_live_00002578,cust_010679,1498.47,15,travel,US,0,264,900,1,6,2.68,1,0,184.36,6.0,0,0
tx_live_00002579,cust_008665,1785.08,12,fuel,US,0,277,1512,2,5,32.46,1,0,38.07,6.0,0,0
tx_live_00002580,cust_002834,28.05,13,fuel,US,0,61,895,3,12,13.58,0,0,25.95,1.081,0,0
tx_live_00002581,cust_000749,143.75,0,travel,US,0,339,875,1,4,45.48,1,0,85.13,1.689,0,0
tx_live_00002582,cust_006030,43.82,19,fuel,US,0,122,796,3,12,24.8,1,0,45.52,0.963,0,0
tx_live_00002583,cust_010971,2041.55,20,fuel,US,0,315,972,0,5,60.61,1,0,40.3,6.0,0,0
tx_live_00002584,cust_011503,54.08,10,luxury,US,0,469,1635,0,5,23.21,1,0,82.99,0.652,0,0
tx_live_00002585,cust_001028,131.73,7,fuel,JP,1,389,377,1,6,52.22,0,0,99.95,1.318,1,0
tx_live_00002586,cust_008326,220.58,20,electronics,US,0,455,541,1,5,30.07,0,0,38.27,5.764,0,0
tx_live_00002587,cust_000518,54.66,21,restaurants,JP,1,531,395,1,5,84.27,1,0,26.94,2.029,1,0
tx_live_00002588,cust_005144,57.0,21,groceries,FR,1,456,351,0,6,80.92,1,0,55.34,1.03,0,0
tx_live_00002589,cust_005719,1695.66,14,online_retail,US,0,144,1151,3,5,32.77,1,0,51.12,6.0,0,0
tx_live_00002590,cust_008986,179.58,10,electronics,US,0,485,1038,1,6,32.48,1,0,41.45,4.332,1,0
tx_live_00002591,cust_002359,12.32,4,groceries,US,0,165,862,0,6,32.09,1,0,41.83,0.295,0,0
tx_live_00002592,cust_002481,1595.64,16,groceries,US,0,241,1494,1,6,3.42,1,0,75.22,6.0,0,0
tx_live_00002593,cust_002082,20.98,19,restaurants,US,0,157,397,2,8,122.98,0,1,48.85,0.429,0,0
tx_live_00002594,cust_008648,180.89,9,groceries,MX,1,305,836,3,9,109.95,1,2,32.88,5.502,0,1
tx_live_00002595,cust_008098,1917.17,19,fuel,US,0,120,1652,1,5,27.96,1,0,40.53,6.0,0,0
tx_live_00002596,cust_008257,68.35,14,groceries,FR,1,655,619,4,7,49.65,1,0,96.08,0.711,0,0
tx_live_00002597,cust_003572,1313.02,16,restaurants,US,0,292,900,1,6,16.24,1,0,11.81,6.0,0,0
tx_live_00002598,cust_002105,46.77,21,groceries,US,0,268,1122,1,7,12.67,1,0,16.02,2.919,0,0
tx_live_00002599,cust_000940,201.31,17,online_retail,FR,1,720,3144,4,13,75.03,0,1,40.02,5.03,0,1
tx_live_00002600,cust_004095,1165.46,20,luxury,US,0,120,1515,0,6,16.05,1,0,59.88,6.0,0,0
tx_live_00002601,cust_010135,11.9,12,restaurants,US,0,667,619,1,8,17.97,1,0,19.18,0.621,0,0
tx_live_00002602,cust_001999,102.9,8,utilities,US,0,162,1100,1,9,34.28,0,0,247.64,0.416,0,0
tx_live_00002603,cust_008822,63.65,21,fuel,US,0,407,751,2,12,34.46,0,0,59.8,1.064,0,0
tx_live_00002604,cust_011332,34.05,4,luxury,GB,1,389,1154,2,9,43.86,0,0,47.82,0.712,0,0
tx_live_00002605,cust_006003,1315.67,15,online_retail,US,0,335,900,0,4,15.7,1,0,25.29,6.0,0,0
tx_live_00002606,cust_001504,148.07,10,groceries,US,0,293,741,0,7,14.66,1,0,86.61,1.71,1,0
tx_live_00002607,cust_008634,2098.96,13,restaurants,US,0,356,1267,1,4,47.64,1,0,147.02,6.0,0,0
tx_live_00002608,cust_009378,53.2,19,fuel,CA,1,918,1120,2,9,34.26,1,0,47.65,1.116,0,0
tx_live_00002609,cust_011621,1458.91,11,groceries,US,0,330,900,0,1,5.67,1,0,15.19,6.0,0,0
tx_live_00002610,cust_010642,53.97,14,restaurants,US,0,194,1619,0,7,16.77,0,0,48.89,1.104,0,0
tx_live_00002611,cust_007427,2528.13,17,online_retail,US,0,174,1144,0,7,31.41,1,0,75.11,6.0,0,0
tx_live_00002612,cust_008270,1688.54,11,electronics,US,0,153,1207,2,8,34.57,1,0,39.49,6.0,0,0
tx_live_00002613,cust_007945,30.5,9,restaurants,US,0,562,386,1,4,22.7,1,0,17.09,1.785,0,0
tx_live_00002614,cust_010247,2048.08,12,groceries,US,0,207,2100,0,4,41.2,1,0,63.04,6.0,0,0
tx_live_00002615,cust_006509,7.75,4,restaurants,US,0,315,1085,3,6,43.59,1,0,146.56,0.053,1,0
tx_live_00002616,cust_009267,44.16,21,electronics,US,0,190,629,3,5,58.6,0,0,21.41,2.062,0,0
tx_live_00002617,cust_009837,138.82,6,electronics,US,0,448,719,3,9,91.04,1,0,57.86,2.399,0,0
tx_live_00002618,cust_000205,1864.15,18,restaurants,US,0,233,900,1,1,5.9,1,0,33.13,6.0,0,0
tx_live_00002619,cust_010408,27.76,5,groceries,US,0,667,766,1,6,31.07,1,0,33.06,0.84,0,0
tx_live_00002620,cust_007897,2243.86,13,online_retail,US,0,317,910,2,6,6.49,1,0,45.23,6.0,0,0
tx_live_00002621,cust_009567,1152.57,13,groceries,US,0,120,1186,2,5,21.12,1,0,10.48,6.0,0,0
tx_live_00002622,cust_010127,1412.59,18,travel,US,0,120,2355,3,5,27.22,1,0,10.03,6.0,0,0
tx_live_00002623,cust_001231,1245.92,10,groceries,US,0,238,988,1,5,13.11,1,0,59.23,6.0,0,0
tx_live_00002624,cust_011492,1024.82,13,groceries,US,0,236,961,0,0,33.9,1,0,94.67,6.0,0,0
tx_live_00002625,cust_005048,18.02,8,restaurants,FR,1,277,1018,3,5,7.83,0,0,37.42,0.482,0,0
tx_live_00002626,cust_008156,40.43,23,fuel,MX,1,91,615,3,8,93.07,1,0,80.55,0.502,0,0
tx_live_00002627,cust_004306,47.67,12,electronics,US,0,767,985,2,9,43.61,0,1,16.81,2.835,1,0
tx_live_00002628,cust_004616,1686.05,12,electronics,US,0,317,2304,2,6,38.76,1,0,50.82,6.0,0,0
tx_live_00002629,cust_006746,192.82,14,restaurants,DE,1,247,1933,3,9,11.4,0,0,64.48,2.99,0,0
tx_live_00002630,cust_001420,77.48,7,fuel,US,0,121,344,3,7,65.97,1,1,77.55,0.999,0,0
tx_live_00002631,cust_004160,1599.4,9,restaurants,US,0,207,1721,3,8,13.01,1,0,33.8,6.0,0,0
tx_live_00002632,cust_011809,23.22,4,groceries,DE,1,734,1880,0,6,94.12,1,2,108.69,0.214,0,0
tx_live_00002633,cust_006691,25.79,22,travel,US,0,271,979,1,6,11.85,1,1,60.8,0.424,0,0
tx_live_00002634,cust_006911,2028.24,14,electronics,US,0,133,2324,0,1,49.23,1,0,33.6,6.0,0,0
tx_live_00002635,cust_006224,99.29,4,travel,CA,1,181,354,1,11,5.5,1,0,66.04,1.504,0,0
tx_live_00002636,cust_008530,98.35,2,travel,CA,1,710,922,2,11,14.69,1,1,73.4,1.34,1,0
tx_live_00002637,cust_005058,46.32,19,restaurants,US,0,213,1175,5,10,30.21,1,0,70.08,0.661,0,0
tx_live_00002638,cust_003373,1132.73,14,restaurants,US,0,434,2204,0,3,25.71,1,0,55.39,6.0,0,0
tx_live_00002639,cust_003801,1133.63,13,restaurants,US,0,268,900,1,4,31.39,1,0,32.16,6.0,0,0
tx_live_00002640,cust_002462,499.06,16,restaurants,CA,1,485,1925,1,10,74.75,1,0,89.88,5.552,0,0
tx_live_00002641,cust_005926,1608.61,18,restaurants,US,0,120,2436,0,5,17.93,1,0,26.15,6.0,0,0
tx_live_00002642,cust_003894,19.19,22,utilities,US,0,321,2024,0,5,25.55,1,0,42.38,0.453,1,0
tx_live_00002643,cust_008364,3700.05,16,groceries,US,0,322,1324,1,6,7.17,1,0,30.79,6.0,0,0
tx_live_00002644,cust_008521,63.12,4,restaurants,US,0,270,480,2,9,30.07,0,2,530.47,0.119,0,0
tx_live_00002645,cust_007159,34.86,1,fuel,US,0,374,1123,0,8,17.85,0,0,112.43,0.31,0,0
tx_live_00002646,cust_010451,2093.82,17,groceries,US,0,258,1044,1,10,15.17,1,0,81.94,6.0,0,0
tx_live_00002647,cust_006919,1811.41,10,luxury,US,0,120,900,1,3,13.84,1,0,55.3,6.0,0,0
tx_live_00002648,cust_004411,55.47,5,restaurants,CA,1,178,836,2,9,26.26,1,1,35.62,1.557,0,0
tx_live_00002649,cust_007301,220.84,15,fuel,US,0,181,322,1,13,59.94,1,1,44.08,5.01,0,0
tx_live_00002650,cust_010329,34.53,18,luxury,US,0,540,531,1,10,33.5,0,0,53.84,0.641,1,0
tx_live_00002651,cust_007563,23.66,15,fuel,US,0,176,1911,0,8,29.42,1,0,17.98,1.316,0,0
tx_live_00002652,cust_001735,22.15,9,groceries,MX,1,168,782,1,3,105.47,1,0,14.2,1.56,0,0
tx_live_00002653,cust_002163,2019.68,10,fuel,US,0,788,1659,0,2,20.12,1,0,19.74,6.0,0,0
tx_live_00002654,cust_009559,1239.45,20,restaurants,US,0,428,900,2,7,12.49,1,0,96.13,6.0,0,0
tx_live_00002655,cust_000884,202.98,19,fuel,FR,1,74,973,0,14,73.78,1,0,72.52,2.799,0,0
tx_live_00002656,cust_002263,1181.58,19,restaurants,US,0,498,900,3,10,23.78,1,0,48.55,6.0,0,0
tx_live_00002657,cust_003283,13.41,12,online_retail,DE,1,448,1258,2,13,62.73,0,1,14.59,0.919,0,0
tx_live_00002658,cust_005625,787.96,14,electronics,US,0,501,900,2,5,15.79,1,0,29.86,6.0,0,0
tx_live_00002659,cust_009653,1005.02,13,travel,US,0,339,965,1,4,15.58,1,0,37.89,6.0,0,0
tx_live_00002660,cust_003050,50.33,0,fuel,US,0,42,1155,2,5,5.11,0,0,82.05,0.613,0,0
tx_live_00002661,cust_006243,28.0,16,groceries,CA,1,478,1178,1,10,51.6,0,0,35.13,0.797,1,0
tx_live_00002662,cust_003932,1035.43,20,groceries,US,0,506,1082,1,6,1.78,1,0,186.07,5.565,0,0
tx_live_00002663,cust_000668,54.15,20,restaurants,US,0,533,1163,3,12,85.62,0,1,9.52,5.689,0,0
tx_live_00002664,cust_008443,214.78,4,restaurants,US,0,122,1371,0,3,56.62,0,1,14.15,15.178,0,0
tx_live_00002665,cust_007350,77.86,16,groceries,CA,1,122,1094,3,11,17.38,1,0,29.05,2.68,0,0
tx_live_00002666,cust_011532,313.04,20,groceries,US,0,111,1638,2,7,37.57,1,0,17.74,17.65,0,0
tx_live_00002667,cust_005758,71.22,11,restaurants,US,0,344,705,2,12,9.44,0,0,70.18,1.015,1,0
tx_live_00002668,cust_011028,1174.63,11,groceries,US,0,303,900,1,5,19.22,1,0,86.54,6.0,0,0
tx_live_00002669,cust_002489,296.85,15,fuel,DE,1,613,1569,1,5,15.24,1,0,21.25,13.969,0,0
tx_live_00002670,cust_005895,52.65,15,travel,US,0,77,825,0,5,40.03,1,0,118.43,0.445,0,0
tx_live_00002671,cust_011430,834.91,14,online_retail,US,0,120,900,0,7,33.25,1,0,31.63,6.0,0,0
tx_live_00002672,cust_009634,98.6,22,restaurants,CA,1,35,888,3,8,7.78,0,0,44.74,2.204,0,0
tx_live_00002673,cust_009072,202.35,8,restaurants,US,0,514,1719,1,9,50.85,0,0,61.08,3.313,1,0
tx_live_00002674,cust_006563,28.58,1,fuel,US,0,295,2650,0,10,14.07,1,0,60.63,0.471,0,0
tx_live_00002675,cust_009838,50.29,4,online_retail,US,0,278,1544,3,11,40.24,1,0,21.51,2.338,0,0
tx_live_00002676,cust_000628,1562.95,13,utilities,US,0,251,1583,2,3,14.36,1,0,35.21,6.0,0,0
tx_live_00002677,cust_002652,1618.83,14,online_retail,US,0,120,900,1,10,39.12,1,0,46.53,6.0,0,0
tx_live_00002678,cust_001398,2201.64,19,fuel,US,0,675,2746,1,3,7.2,1,0,23.68,6.0,0,0
tx_live_00002679,cust_001807,12.94,2,fuel,GB,1,97,611,1,8,46.62,1,0,37.11,0.349,0,0
tx_live_00002680,cust_001492,20.43,4,travel,US,0,243,1223,2,11,27.1,1,0,34.01,0.601,0,0
tx_live_00002681,cust_004839,1589.43,20,online_retail,US,0,136,1240,2,8,34.17,1,0,72.36,6.0,0,0
tx_live_00002682,cust_005949,1071.09,18,online_retail,US,0,334,1997,2,6,14.35,1,0,134.19,6.0,0,0
tx_live_00002683,cust_004171,1691.64,14,groceries,US,0,151,4750,0,5,10.64,1,0,54.05,6.0,0,0
tx_live_00002684,cust_010679,57.0,14,restaurants,US,0,540,777,1,12,18.09,1,0,203.56,0.28,0,0
tx_live_00002685,cust_000512,175.01,22,online_retail,US,0,66,890,2,7,26.11,1,1,19.29,9.075,1,0
tx_live_00002686,cust_001007,689.47,16,restaurants,US,0,315,900,0,5,6.2,1,0,24.37,6.0,0,0
tx_live_00002687,cust_004412,1055.5,10,fuel,US,0,120,1592,1,7,20.92,1,0,46.92,6.0,0,0
tx_live_00002688,cust_011141,671.7,14,travel,US,0,333,1063,0,4,28.43,1,0,88.68,6.0,0,0
tx_live_00002689,cust_008239,54.69,19,restaurants,US,0,293,1053,2,6,12.55,1,0,15.81,3.459,1,0
tx_live_00002690,cust_010606,789.31,19,fuel,US,0,579,989,0,3,30.37,1,0,53.17,6.0,0,0
tx_live_00002691,cust_004104,32.71,18,groceries,CA,1,385,710,2,9,62.19,1,0,59.16,0.553,0,0
tx_live_00002692,cust_007184,58.23,5,restaurants,CA,1,385,303,0,8,42.04,0,0,54.08,1.077,0,0
tx_live_00002693,cust_007489,12.3,7,travel,US,0,369,1298,2,8,96.03,1,0,25.18,0.488,0,0
tx_live_00002694,cust_006427,78.55,23,travel,US,0,81,414,2,13,22.96,0,0,40.02,1.963,0,0
tx_live_00002695,cust_008704,141.82,0,fuel,CA,1,329,1322,0,9,25.11,0,0,49.65,2.857,0,0
tx_live_00002696,cust_010398,2217.54,15,utilities,US,0,120,1221,1,2,7.36,1,0,17.43,6.0,0,0
tx_live_00002697,cust_010410,35.61,11,utilities,US,0,215,3176,1,9,31.39,1,0,90.27,0.394,0,0
tx_live_00002698,cust_000656,1305.45,20,travel,US,0,186,1125,0,2,5.84,1,0,116.05,6.0,0,0
tx_live_00002699,cust_008195,1759.51,18,electronics,US,0,346,1815,1,5,64.12,1,0,53.03,6.0,0,0
tx_live_00002700,cust_009435,234.37,21,groceries,US,0,491,1523,0,5,57.05,1,0,26.46,8.858,0,0
tx_live_00002701,cust_006559,205.43,12,restaurants,US,0,430,914,1,9,40.0,1,0,44.99,4.566,0,0
tx_live_00002702,cust_006828,16.83,21,groceries,CA,1,167,1399,3,6,70.46,1,0,24.1,0.698,0,0
tx_live_00002703,cust_003210,1976.43,12,electronics,US,0,248,1010,1,4,35.39,1,0,7.91,6.0,0,0
tx_live_00002704,cust_009456,1571.37,20,groceries,US,0,170,900,1,9,32.33,1,0,18.03,6.0,0,0
tx_live_00002705,cust_002823,48.75,0,restaurants,US,0,454,843,1,8,6.25,1,1,38.46,1.268,0,0
tx_live_00002706,cust_003428,13.1,18,restaurants,US,0,729,919,1,4,52.25,1,0,49.85,0.263,0,0
tx_live_00002707,cust_007770,56.14,21,fuel,US,0,284,651,0,4,16.51,1,0,66.61,0.843,0,0
tx_live_00002708,cust_000191,1369.47,14,electronics,US,0,120,900,3,9,30.1,1,0,90.65,6.0,0,0
tx_live_00002709,cust_010394,126.07,4,restaurants,US,0,349,1829,0,8,5.79,0,1,73.94,1.705,0,0
tx_live_00002710,cust_010225,1563.15,12,groceries,US,0,312,1995,0,1,9.78,1,0,83.8,6.0,0,0
tx_live_00002711,cust_006395,524.31,15,groceries,US,0,120,1747,1,5,23.71,1,0,39.44,6.0,0,0
tx_live_00002712,cust_003555,6.85,11,online_retail,DE,1,189,1626,1,3,23.18,1,0,75.98,0.09,0,0
tx_live_00002713,cust_006500,82.29,13,restaurants,CA,1,164,642,0,4,119.28,1,0,58.5,1.407,0,0
tx_live_00002714,cust_001625,2033.54,19,travel,US,0,471,1396,1,4,82.35,1,0,196.75,6.0,0,0
tx_live_00002715,cust_001045,1810.29,15,online_retail,US,0,120,1839,0,4,36.49,1,0,17.53,6.0,0,0
tx_live_00002716,cust_010486,1546.94,10,fuel,US,0,249,1873,3,8,30.87,1,0,30.33,6.0,0,0
tx_live_00002717,cust_002324,42.85,17,groceries,US,0,294,2287,3,10,9.89,1,0,20.58,2.082,1,0
tx_live_00002718,cust_005906,120.1,7,electronics,US,0,184,973,4,8,46.12,1,2,73.06,1.644,0,0
tx_live_00002719,cust_011193,190.31,8,fuel,GB,1,261,1418,0,7,136.58,0,0,61.0,3.12,0,0
tx_live_00002720,cust_003301,833.18,17,restaurants,US,0,224,1541,2,4,38.77,1,0,28.06,6.0,0,0
tx_live_00002721,cust_008032,1256.51,14,luxury,US,0,309,950,1,6,7.26,1,0,20.54,6.0,0,0
tx_live_00002722,cust_006457,1874.33,11,fuel,US,0,204,900,0,2,14.42,1,0,36.68,6.0,0,0
tx_live_00002723,cust_007822,759.29,14,luxury,US,0,266,1196,1,5,6.41,1,0,30.83,6.0,0,0
tx_live_00002724,cust_005723,18.0,10,electronics,US,0,655,1657,0,7,21.59,1,0,54.72,0.329,0,0
tx_live_00002725,cust_006011,1392.97,20,fuel,US,0,222,993,3,7,11.72,1,0,65.58,6.0,0,0
tx_live_00002726,cust_010248,24.89,12,online_retail,US,0,154,784,0,3,62.79,1,0,21.02,1.184,0,0
tx_live_00002727,cust_008540,46.99,7,restaurants,CA,1,534,671,2,8,156.23,1,0,57.82,0.813,0,0
tx_live_00002728,cust_000938,2043.64,17,electronics,US,0,326,900,0,4,52.14,1,0,36.68,6.0,0,0
tx_live_00002729,cust_008522,1720.94,17,groceries,US,0,268,1748,0,7,16.68,1,0,34.57,6.0,0,0
tx_live_00002730,cust_006957,412.17,14,fuel,US,0,274,455,1,2,16.39,1,1,350.74,1.175,1,0
tx_live_00002731,cust_007432,327.4,10,electronics,US,0,100,2841,2,11,79.29,0,0,62.45,5.242,1,0
tx_live_00002732,cust_002488,26.09,4,electronics,CA,1,734,881,2,8,38.2,0,0,15.88,1.643,0,0
tx_live_00002733,cust_004223,50.39,1,travel,US,0,321,1704,2,7,69.66,0,0,29.36,1.717,0,0
tx_live_00002734,cust_008716,156.95,17,groceries,JP,1,255,898,0,8,94.67,0,0,123.15,1.274,0,0
tx_live_00002735,cust_006689,81.2,21,online_retail,US,0,155,2113,2,4,42.18,1,1,18.81,4.317,0,0
tx_live_00002736,cust_007442,34.55,9,groceries,CA,1,114,1504,3,9,229.66,0,0,102.88,0.336,0,0
tx_live_00002737,cust_000821,83.19,16,fuel,US,0,388,1372,2,11,110.23,0,0,20.02,4.155,1,0
tx_live_00002738,cust_007664,1161.23,17,groceries,US,0,321,1114,2,2,36.14,1,0,61.7,6.0,0,0
tx_live_00002739,cust_007733,168.03,11,online_retail,US,0,510,158,1,5,16.46,1,1,18.07,9.299,0,0
tx_live_00002740,cust_011588,853.89,11,fuel,US,0,363,2424,1,6,9.21,1,0,51.52,6.0,0,0
tx_live_00002741,cust_008005,1147.83,12,luxury,US,0,120,1791,3,7,40.12,1,0,90.92,6.0,0,0
tx_live_00002742,cust_008771,65.61,20,restaurants,US,0,550,2091,2,5,115.72,0,0,24.27,2.703,0,0
tx_live_00002743,cust_011063,1671.45,18,groceries,US,0,395,900,1,7,5.73,1,0,77.39,6.0,0,0
tx_live_00002744,cust_000205,17.37,23,travel,CA,1,248,765,3,5,82.9,1,0,66.93,0.26,0,0
tx_live_00002745,cust_009856,1280.97,19,groceries,US,0,418,900,1,5,27.87,1,0,9.94,6.0,0,0
tx_live_00002746,cust_009732,1737.94,18,restaurants,US,0,395,2345,1,1,19.73,1,0,35.28,6.0,0,0
tx_live_00002747,cust_001975,20.58,0,restaurants,US,0,191,1598,0,9,51.17,1,0,28.75,0.716,0,0
tx_live_00002748,cust_011764,1316.4,10,restaurants,US,0,341,1777,2,8,61.18,1,0,37.16,6.0,0,0
tx_live_00002749,cust_009876,3280.37,14,electronics,US,0,223,2081,0,2,28.0,1,0,35.7,6.0,0,0
tx_live_00002750,cust_003730,1270.49,17,online_retail,US,0,756,1451,0,3,70.5,1,0,42.65,6.0,0,0
tx_live_00002751,cust_008814,758.9,13,online_retail,US,0,310,900,1,4,13.89,1,0,111.35,6.0,0,0
tx_live_00002752,cust_010530,130.3,3,groceries,US,0,391,836,0,5,101.87,1,1,44.71,2.914,0,0
tx_live_00002753,cust_010955,1403.78,9,groceries,US,0,373,1179,0,7,31.93,1,0,21.35,6.0,0,0
tx_live_00002754,cust_009299,144.98,1,travel,DE,1,693,1814,2,5,24.82,0,1,33.61,4.314,0,1
tx_live_00002755,cust_003338,33.5,12,travel,MX,1,251,472,1,9,64.01,1,0,160.18,0.209,0,0
tx_live_00002756,cust_002491,46.75,6,groceries,US,0,344,1015,2,8,15.53,1,1,27.29,1.713,0,0
tx_live_00002757,cust_001221,38.7,20,fuel,US,0,527,580,0,6,16.21,1,0,98.52,0.393,0,0
tx_live_00002758,cust_007783,2728.29,15,utilities,US,0,680,900,3,10,25.54,1,0,9.89,6.0,0,0
tx_live_00002759,cust_007627,185.38,2,fuel,CA,1,86,594,1,11,3.81,0,0,25.14,7.373,0,1
tx_live_00002760,cust_005410,79.81,8,restaurants,US,0,299,1299,2,13,83.91,1,0,76.47,1.044,0,0
tx_live_00002761,cust_007097,122.77,0,luxury,US,0,235,182,3,8,35.58,0,0,16.98,7.229,0,0
tx_live_00002762,cust_007406,865.69,10,groceries,US,0,123,900,0,4,10.42,1,0,20.28,6.0,0,0
tx_live_00002763,cust_000810,1510.6,6,restaurants,US,0,360,668,2,10,30.18,0,0,94.09,16.055,0,0
tx_live_00002764,cust_011870,909.73,14,restaurants,US,0,120,1102,1,8,15.12,1,0,28.62,6.0,0,0
tx_live_00002765,cust_000809,593.98,10,groceries,US,0,622,900,3,7,11.55,1,0,24.72,6.0,0,0
tx_live_00002766,cust_010935,345.61,17,utilities,US,0,349,1178,2,9,6.68,1,0,16.79,20.584,0,0
tx_live_00002767,cust_006511,1277.13,9,travel,US,0,120,900,3,5,74.75,1,0,37.92,6.0,0,0
tx_live_00002768,cust_010643,1016.21,13,restaurants,US,0,471,1435,1,3,24.78,1,0,13.92,6.0,0,0
tx_live_00002769,cust_008659,2135.73,16,travel,US,0,329,1118,1,3,13.32,1,0,21.66,6.0,0,0
tx_live_00002770,cust_010450,569.4,1,travel,US,0,251,644,2,10,22.17,1,0,34.97,16.282,0,0
tx_live_00002771,cust_004361,326.94,20,groceries,US,0,129,4393,0,8,130.67,1,1,62.27,5.25,0,0
tx_live_00002772,cust_004983,1617.36,10,online_retail,US,0,397,1576,2,4,21.4,1,0,26.63,6.0,0,0
tx_live_00002773,cust_007096,737.48,15,restaurants,US,0,514,900,2,6,48.3,1,0,56.04,6.0,0,0
tx_live_00002774,cust_008806,88.14,7,fuel,US,0,652,804,1,4,29.04,0,0,58.11,1.517,0,0
tx_live_00002775,cust_001510,1119.91,12,electronics,US,0,387,900,1,6,25.54,1,0,49.86,6.0,0,0
tx_live_00002776,cust_008914,1053.3,16,travel,US,0,658,1037,1,5,1.82,1,0,14.72,6.0,0,0
tx_live_00002777,cust_004013,1633.08,15,groceries,US,0,476,3169,1,4,43.25,1,0,119.4,6.0,0,0
tx_live_00002778,cust_009138,616.67,23,fuel,CA,1,373,1252,1,3,31.33,1,0,47.04,13.11,0,0
tx_live_00002779,cust_003953,100.31,19,restaurants,CA,1,172,790,2,9,58.51,1,1,47.28,2.122,0,0
tx_live_00002780,cust_011962,1104.7,10,online_retail,US,0,498,1068,2,5,13.91,1,0,93.37,6.0,0,0
tx_live_00002781,cust_007119,1962.43,11,groceries,US,0,245,900,0,5,46.27,1,0,34.88,6.0,0,0
tx_live_00002782,cust_001659,62.23,7,groceries,DE,1,172,802,0,6,85.07,1,0,92.94,0.67,0,0
tx_live_00002783,cust_009894,32.33,14,travel,US,0,145,1294,1,7,16.15,0,1,69.29,0.467,0,0
tx_live_00002784,cust_004891,174.74,8,electronics,GB,1,512,1636,1,7,29.07,0,0,33.48,5.219,0,0
tx_live_00002785,cust_003220,4191.11,11,groceries,US,0,335,900,1,6,2.06,1,0,35.45,6.0,0,0
tx_live_00002786,cust_000840,1721.69,13,fuel,US,0,514,900,2,3,24.81,1,0,107.37,6.0,0,0
tx_live_00002787,cust_009430,306.99,14,groceries,CA,1,271,540,0,8,25.79,1,0,20.45,15.009,0,0
tx_live_00002788,cust_007164,19.47,6,fuel,US,0,270,3642,2,4,24.99,1,0,33.91,0.574,0,0
tx_live_00002789,cust_006689,1280.19,16,online_retail,US,0,143,900,2,5,9.63,1,0,63.13,6.0,0,0
tx_live_00002790,cust_011014,237.27,15,restaurants,US,0,251,2283,1,4,20.65,0,0,117.44,2.02,0,0
tx_live_00002791,cust_004582,113.32,20,restaurants,DE,1,341,720,0,6,80.84,1,1,43.28,2.618,0,0
tx_live_00002792,cust_007889,1519.24,16,electronics,US,0,253,2409,2,4,60.86,1,0,38.94,6.0,0,0
tx_live_00002793,cust_010260,1483.13,12,travel,US,0,178,900,0,3,40.07,1,0,59.88,6.0,0,0
tx_live_00002794,cust_008407,36.4,15,luxury,US,0,223,532,4,9,24.27,0,0,28.63,1.271,0,0
tx_live_00002795,cust_007749,167.1,2,groceries,US,0,206,1367,2,5,80.78,0,0,21.73,7.69,0,0
tx_live_00002796,cust_007449,20.92,12,fuel,US,0,157,868,1,8,57.9,0,1,77.83,0.269,1,0
tx_live_00002797,cust_002114,728.54,1,electronics,US,0,111,1017,2,9,74.27,0,0,80.11,9.094,0,0
tx_live_00002798,cust_004228,1085.12,20,travel,US,0,308,900,0,2,7.78,1,0,27.97,6.0,0,0
tx_live_00002799,cust_003392,732.91,10,groceries,US,0,120,900,0,2,29.58,1,0,36.09,6.0,0,0
tx_live_00002800,cust_009689,1448.15,19,fuel,US,0,615,1200,0,5,22.8,1,0,99.94,6.0,0,0
tx_live_00002801,cust_000932,91.7,3,restaurants,US,0,839,2728,3,10,34.63,1,2,21.71,4.223,1,1
tx_live_00002802,cust_007048,1687.02,10,restaurants,US,0,120,2013,0,1,12.19,1,0,162.69,6.0,0,0
tx_live_00002803,cust_001517,37.91,4,groceries,US,0,181,1811,3,9,38.07,1,2,8.48,4.47,0,1
tx_live_00002804,cust_011439,12.63,15,luxury,US,0,209,1771,1,6,86.77,1,0,75.88,0.166,0,0
tx_live_00002805,cust_005688,297.03,19,restaurants,US,0,386,1420,2,5,83.41,0,1,46.0,6.458,0,0
tx_live_00002806,cust_003909,73.93,9,online_retail,US,0,235,1821,2,8,79.01,1,0,77.19,0.958,0,0
tx_live_00002807,cust_005951,1641.14,20,online_retail,US,0,279,900,1,4,37.2,1,0,50.27,6.0,0,0
tx_live_00002808,cust_001177,35.19,11,utilities,US,0,182,567,1,5,23.56,1,0,25.19,1.397,0,0
tx_live_00002809,cust_003526,2445.81,13,restaurants,US,0,394,1519,1,9,37.89,1,0,17.56,6.0,0,0
tx_live_00002810,cust_000570,62.71,2,restaurants,US,0,645,1644,1,9,19.33,1,0,30.16,2.079,0,0
tx_live_00002811,cust_010143,105.25,4,groceries,US,0,174,2309,2,6,46.3,1,0,37.93,2.775,0,0
tx_live_00002812,cust_000210,647.48,17,groceries,US,0,303,1967,1,4,10.43,1,0,25.08,6.0,0,0
tx_live_00002813,cust_001985,2864.91,20,fuel,US,0,197,1631,1,7,8.7,1,0,82.37,6.0,0,0
tx_live_00002814,cust_008846,1026.61,15,travel,US,0,318,900,3,7,22.28,1,0,48.35,6.0,0,0
tx_live_00002815,cust_004912,59.08,2,restaurants,US,0,456,921,3,13,63.86,1,0,189.9,0.311,1,0
tx_live_00002816,cust_003810,1505.06,18,travel,US,0,120,900,0,4,72.8,1,0,34.3,6.0,0,0
tx_live_00002817,cust_010943,1815.06,15,fuel,US,0,243,900,0,4,21.78,1,0,83.84,6.0,0,0
tx_live_00002818,cust_011756,703.26,16,fuel,US,0,373,1911,0,6,13.47,1,0,31.91,6.0,0,0
tx_live_00002819,cust_005093,932.42,17,fuel,US,0,290,900,1,8,83.0,1,0,24.42,6.0,0,0
tx_live_00002820,cust_011650,112.1,16,electronics,US,0,683,1013,1,2,90.14,1,0,43.23,2.593,0,0
tx_live_00002821,cust_001290,160.25,6,electronics,US,0,159,1224,1,8,131.56,1,3,68.51,2.339,0,0
tx_live_00002822,cust_001817,22.28,5,travel,US,0,1094,590,1,14,24.21,1,0,76.18,0.292,0,0
tx_live_00002823,cust_009195,42.58,16,electronics,US,0,407,1955,1,7,19.37,1,0,27.98,1.522,1,0
tx_live_00002824,cust_001072,24.09,18,fuel,US,0,120,1213,0,4,40.98,1,1,52.11,0.462,1,0
tx_live_00002825,cust_008703,205.74,7,luxury,GB,1,395,629,1,12,25.01,0,0,55.06,3.736,0,0
tx_live_00002826,cust_004670,1979.98,14,travel,US,0,287,1685,1,5,6.76,1,0,87.75,6.0,0,0
tx_live_00002827,cust_004174,19.88,14,electronics,US,0,237,1656,1,14,47.6,1,0,91.11,0.218,0,0
tx_live_00002828,cust_001464,1616.11,14,online_retail,US,0,338,900,0,5,40.27,1,0,43.32,6.0,0,0
tx_live_00002829,cust_009205,41.36,1,travel,US,0,558,489,0,4,35.52,1,1,35.83,1.154,1,0
tx_live_00002830,cust_004383,269.61,20,restaurants,US,0,132,423,2,11,63.83,0,0,38.37,7.027,1,0
tx_live_00002831,cust_000893,1340.87,9,restaurants,US,0,239,900,3,8,8.58,1,0,42.31,6.0,0,0
tx_live_00002832,cust_007505,1989.97,19,groceries,US,0,430,900,0,9,8.19,1,0,51.58,6.0,0,0
tx_live_00002833,cust_004504,68.04,3,groceries,US,0,129,1053,2,11,204.27,0,0,63.19,1.077,0,0
tx_live_00002834,cust_006327,1399.4,15,online_retail,US,0,799,1708,2,5,30.52,1,0,87.16,6.0,0,0
tx_live_00002835,cust_008066,60.48,10,groceries,US,0,275,458,1,8,20.48,0,0,195.38,0.31,1,0
tx_live_00002836,cust_004820,83.73,16,restaurants,GB,1,339,1513,2,5,82.67,1,0,68.36,1.225,0,0
tx_live_00002837,cust_006779,68.37,11,groceries,US,0,585,743,3,11,90.04,1,0,20.16,3.392,0,0
tx_live_00002838,cust_007565,769.24,12,online_retail,US,0,120,1627,1,6,23.2,1,0,63.51,6.0,0,0
tx_live_00002839,cust_003621,79.02,7,online_retail,DE,1,584,1468,0,7,62.73,1,0,267.84,0.295,0,0
tx_live_00002840,cust_004882,1344.48,16,online_retail,US,0,420,1325,0,5,47.11,1,0,78.19,6.0,0,0
tx_live_00002841,cust_011002,82.17,15,restaurants,US,0,258,1179,1,9,3.81,1,0,150.86,0.545,0,0
tx_live_00002842,cust_009083,56.77,11,restaurants,US,0,493,1010,1,8,9.74,1,0,22.05,2.574,0,0
tx_live_00002843,cust_006662,51.51,6,groceries,US,0,242,1083,0,5,88.85,1,0,30.06,1.714,0,0
tx_live_00002844,cust_007159,1140.07,10,online_retail,US,0,331,900,1,3,18.63,1,0,62.45,6.0,0,0
tx_live_00002845,cust_011689,593.96,16,groceries,US,0,442,1301,0,7,6.1,1,0,39.25,6.0,0,0
tx_live_00002846,cust_003777,266.09,9,groceries,US,0,773,851,1,5,96.33,1,0,12.07,22.047,0,0
tx_live_00002847,cust_000894,1524.6,15,groceries,US,0,240,900,0,6,23.07,1,0,21.49,6.0,0,0
tx_live_00002848,cust_006721,63.56,13,groceries,US,0,665,558,1,4,70.55,1,0,15.77,4.031,0,0
tx_live_00002849,cust_004901,2315.82,16,restaurants,US,0,516,1071,1,4,23.27,1,0,35.85,6.0,0,0
tx_live_00002850,cust_011054,16.22,3,restaurants,US,0,288,914,1,10,115.98,1,0,81.76,0.198,0,0
tx_live_00002851,cust_004274,1201.36,19,online_retail,US,0,155,1055,1,7,13.3,1,0,19.67,6.0,0,0
tx_live_00002852,cust_007091,21.51,5,groceries,GB,1,201,2149,1,12,37.3,1,1,50.91,0.422,0,0
tx_live_00002853,cust_007655,2578.45,20,groceries,US,0,120,900,1,8,25.31,1,0,27.61,6.0,0,0
tx_live_00002854,cust_001674,934.52,19,online_retail,US,0,237,1461,1,5,63.6,1,0,52.02,6.0,0,0
tx_live_00002855,cust_006166,95.02,6,electronics,GB,1,584,695,3,6,49.87,0,0,68.88,1.38,0,0
tx_live_00002856,cust_010362,863.48,14,groceries,US,0,120,900,1,4,6.8,1,0,20.82,6.0,0,0
tx_live_00002857,cust_010728,974.36,11,groceries,US,0,864,1153,0,8,22.35,1,0,93.01,6.0,0,0
tx_live_00002858,cust_005544,1163.4,19,utilities,US,0,258,1334,1,3,21.51,1,0,28.24,6.0,0,0
tx_live_00002859,cust_009692,195.87,15,utilities,DE,1,130,591,0,6,92.77,1,0,37.13,5.275,0,0
tx_live_00002860,cust_001263,102.72,7,electronics,US,0,253,2141,2,9,41.37,1,1,37.57,2.734,0,0
tx_live_00002861,cust_004530,235.07,12,online_retail,CA,1,311,1067,2,8,76.49,1,0,150.05,1.567,0,0
tx_live_00002862,cust_001058,51.1,23,groceries,DE,1,511,654,1,8,4.7,1,0,48.4,1.056,1,0
tx_live_00002863,cust_011635,78.65,1,electronics,US,0,422,422,1,6,22.13,1,0,41.35,1.902,1,0
tx_live_00002864,cust_008876,103.09,6,groceries,US,0,1020,899,1,3,42.4,1,0,17.6,5.856,1,0
tx_live_00002865,cust_005948,2687.58,15,fuel,US,0,356,1265,2,7,56.67,1,0,93.34,6.0,0,0
tx_live_00002866,cust_000549,1319.76,13,travel,US,0,384,1402,0,7,43.09,1,0,42.44,6.0,0,0
tx_live_00002867,cust_007831,1090.39,19,online_retail,US,0,140,900,1,4,9.01,1,0,36.71,6.0,0,0
tx_live_00002868,cust_002897,32.73,12,online_retail,US,0,280,1522,3,6,91.71,0,0,37.86,0.864,0,0
tx_live_00002869,cust_001171,72.39,15,online_retail,US,0,591,1179,1,5,82.47,1,0,135.67,0.534,1,0
tx_live_00002870,cust_005587,630.76,15,utilities,US,0,374,1372,0,3,38.98,1,0,50.48,6.0,0,0
tx_live_00002871,cust_001951,1374.07,17,utilities,US,0,475,1293,0,5,12.47,1,0,89.32,6.0,0,0
tx_live_00002872,cust_007256,897.9,20,restaurants,US,0,249,900,0,4,26.17,1,0,80.42,6.0,0,0
tx_live_00002873,cust_006799,1060.38,13,travel,US,0,133,900,1,3,10.15,1,0,81.84,6.0,0,0
tx_live_00002874,cust_003960,22.03,22,electronics,US,0,312,2232,1,5,58.28,0,0,62.24,0.354,0,0
tx_live_00002875,cust_011352,610.73,1,fuel,US,0,567,863,2,14,79.02,0,0,37.98,16.079,0,0
tx_live_00002876,cust_005074,633.11,20,restaurants,US,0,130,900,0,8,76.35,1,0,74.96,6.0,0,0
tx_live_00002877,cust_009898,1953.24,16,travel,US,0,236,1022,2,8,14.93,1,0,48.99,6.0,0,0
tx_live_00002878,cust_009027,59.62,17,restaurants,US,0,230,2135,1,7,65.4,1,1,121.76,0.49,0,0
tx_live_00002879,cust_009332,1044.04,18,restaurants,US,0,255,2328,1,5,8.69,1,0,147.52,6.0,0,0
tx_live_00002880,cust_011400,1453.21,11,restaurants,US,0,280,1993,0,6,12.57,1,0,10.8,6.0,0,0
tx_live_00002881,cust_009702,1342.91,17,online_retail,US,0,217,2705,2,6,2.89,1,0,121.6,6.0,0,0
tx_live_00002882,cust_009919,139.94,5,online_retail,US,0,517,813,2,9,64.51,0,0,28.11,4.979,0,0
tx_live_00002883,cust_003530,15.81,3,fuel,CA,1,380,408,1,15,16.9,1,0,103.18,0.153,0,0
tx_live_00002884,cust_005333,30.28,7,luxury,GB,1,143,1792,2,16,87.45,1,1,47.13,0.642,0,0
tx_live_00002885,cust_005288,3039.92,17,utilities,US,0,473,1025,3,8,7.1,1,0,71.36,6.0,0,0
tx_live_00002886,cust_002361,21.95,1,travel,CA,1,344,1016,1,5,70.38,1,1,79.08,0.278,0,0
tx_live_00002887,cust_010130,1197.31,11,electronics,US,0,120,900,2,6,60.81,1,0,59.09,6.0,0,0
tx_live_00002888,cust_005447,1658.26,13,online_retail,US,0,120,981,1,5,50.96,1,0,50.14,6.0,0,0
tx_live_00002889,cust_002739,123.22,1,groceries,US,0,562,756,3,11,14.52,0,0,60.23,2.046,0,0
tx_live_00002890,cust_008343,2855.87,18,fuel,US,0,258,1513,0,5,36.29,1,0,47.72,6.0,0,0
tx_live_00002891,cust_007026,45.13,2,travel,GB,1,685,1403,0,9,11.37,0,0,15.96,2.827,0,0
tx_live_00002892,cust_009403,1836.88,10,electronics,US,0,441,900,0,8,15.1,1,0,85.2,6.0,0,0
tx_live_00002893,cust_002971,787.55,17,groceries,US,0,288,900,1,7,8.28,1,0,15.01,6.0,0,0
tx_live_00002894,cust_005197,1728.0,10,groceries,US,0,385,1562,1,7,12.91,1,0,13.17,6.0,0,0
tx_live_00002895,cust_001512,105.29,7,fuel,CA,1,255,530,1,5,3.45,0,0,22.34,4.713,0,0
tx_live_00002896,cust_006867,569.71,10,fuel,US,0,249,900,1,4,30.06,1,0,92.71,6.0,0,0
tx_live_00002897,cust_004345,222.87,18,electronics,CA,1,361,596,3,11,19.59,0,0,102.25,2.18,0,0
tx_live_00002898,cust_006158,80.24,9,fuel,US,0,462,952,0,9,144.51,1,1,117.46,0.683,0,0
tx_live_00002899,cust_003856,10.94,3,restaurants,DE,1,188,984,2,9,55.9,0,0,51.35,0.213,0,0
tx_live_00002900,cust_007301,1187.87,14,groceries,US,0,692,1453,0,6,7.28,1,0,106.39,6.0,0,0
tx_live_00002901,cust_007785,1526.06,10,groceries,US,0,131,900,0,1,1.2,1,0,40.3,6.0,0,0
tx_live_00002902,cust_007741,810.27,18,restaurants,US,0,171,1881,0,8,28.69,1,0,13.61,6.0,0,0
tx_live_00002903,cust_001414,1059.63,12,travel,US,0,653,1097,0,4,17.94,1,0,54.51,6.0,0,0
tx_live_00002904,cust_000591,1374.88,17,fuel,US,0,848,1648,1,6,21.0,1,0,40.46,6.0,0,0
tx_live_00002905,cust_009750,433.17,15,luxury,US,0,179,1277,0,8,17.39,1,0,38.51,6.0,0,0
tx_live_00002906,cust_002680,58.36,5,electronics,US,0,486,1045,1,7,77.44,1,0,38.42,1.519,0,0
tx_live_00002907,cust_004493,39.93,15,travel,MX,1,68,788,2,7,42.5,0,0,37.97,1.052,0,0
tx_live_00002908,cust_002270,229.47,19,fuel,US,0,351,1489,3,11,41.78,1,0,165.46,1.387,0,0
tx_live_00002909,cust_003967,74.57,4,fuel,US,0,126,1114,2,8,16.07,0,0,271.83,0.274,0,0
tx_live_00002910,cust_000741,28.91,9,online_retail,US,0,996,1646,1,6,71.76,1,0,74.19,0.39,0,0
tx_live_00002911,cust_007049,41.41,8,fuel,CA,1,272,612,0,7,81.11,0,0,29.49,1.404,0,0
tx_live_00002912,cust_007081,768.17,16,groceries,US,0,637,2073,3,7,21.15,1,0,36.28,6.0,0,0
tx_live_00002913,cust_011493,17.11,7,online_retail,US,0,242,1569,2,5,6.82,0,0,16.39,1.044,0,0
tx_live_00002914,cust_000441,1020.89,11,fuel,US,0,346,900,2,6,12.01,1,0,107.25,6.0,0,0
tx_live_00002915,cust_006725,203.64,20,groceries,US,0,152,1275,2,7,33.33,1,0,55.7,3.656,0,0
tx_live_00002916,cust_011675,937.84,13,restaurants,US,0,361,1131,2,9,23.72,1,0,162.31,5.778,0,0
tx_live_00002917,cust_003596,43.29,15,groceries,US,0,196,787,2,11,64.18,0,1,32.71,1.323,0,0
tx_live_00002918,cust_005079,188.78,19,restaurants,US,0,362,779,1,10,25.46,1,0,68.98,2.737,0,0
tx_live_00002919,cust_011893,1566.55,12,fuel,US,0,241,1828,1,3,6.39,1,0,84.08,6.0,0,0
tx_live_00002920,cust_007289,8.65,14,online_retail,CA,1,398,199,0,8,30.81,1,0,19.59,0.441,0,0
tx_live_00002921,cust_000978,1143.76,20,travel,US,0,120,1227,3,9,73.82,1,0,19.46,6.0,0,0
tx_live_00002922,cust_003990,26.72,4,fuel,US,0,32,1651,1,14,77.53,1,0,33.49,0.798,0,0
tx_live_00002923,cust_008207,517.34,19,utilities,US,0,254,2264,0,10,16.02,1,0,82.86,6.244,1,0
tx_live_00002924,cust_009746,2271.4,18,online_retail,US,0,403,900,1,2,19.47,1,0,21.96,6.0,0,0
tx_live_00002925,cust_008252,70.17,21,fuel,US,0,113,759,0,8,23.36,1,0,51.64,1.359,0,0
tx_live_00002926,cust_007894,55.32,5,online_retail,US,0,268,1280,0,7,159.44,1,1,84.7,0.653,0,0
tx_live_00002927,cust_005740,39.31,9,travel,US,0,216,446,3,9,86.37,1,1,35.31,1.113,0,0
tx_live_00002928,cust_004669,22.9,18,utilities,BR,1,161,770,0,6,5.5,1,0,26.06,0.879,0,0
tx_live_00002929,cust_007911,49.7,11,fuel,US,0,575,650,1,4,31.43,0,0,67.09,0.741,0,0
tx_live_00002930,cust_007024,18.63,9,groceries,US,0,512,802,1,4,66.13,1,0,127.42,0.146,1,0
tx_live_00002931,cust_009381,1538.49,18,groceries,US,0,359,952,1,4,7.22,1,0,99.83,6.0,0,0
tx_live_00002932,cust_007636,896.87,10,groceries,US,0,643,900,0,3,18.3,1,0,69.79,6.0,0,0
tx_live_00002933,cust_007130,94.7,22,fuel,US,0,197,679,2,10,61.32,0,0,115.32,0.821,0,0
tx_live_00002934,cust_007772,464.79,19,groceries,CA,1,397,1648,2,5,51.22,1,0,61.33,7.578,0,0
tx_live_00002935,cust_005216,1993.5,9,restaurants,US,0,128,1571,2,5,36.55,1,0,60.8,6.0,0,0
tx_live_00002936,cust_001611,3333.13,20,utilities,US,0,131,1737,0,6,43.95,1,0,23.49,6.0,0,0
tx_live_00002937,cust_001368,1225.59,20,online_retail,US,0,503,1189,0,2,20.82,1,0,135.52,6.0,0,0
tx_live_00002938,cust_009754,1174.57,18,restaurants,US,0,1242,2875,1,5,43.8,1,0,29.06,6.0,0,0
tx_live_00002939,cust_001294,1101.93,15,groceries,US,0,462,2253,3,9,14.83,1,0,27.38,6.0,0,0
tx_live_00002940,cust_002203,100.9,23,travel,CA,1,397,1014,3,11,97.49,0,0,10.95,9.218,0,1
tx_live_00002941,cust_009453,51.83,12,fuel,US,0,289,1857,1,7,61.61,1,2,61.81,0.839,0,0
tx_live_00002942,cust_007836,68.44,23,restaurants,CA,1,211,615,0,6,53.82,0,0,307.21,0.223,0,0
tx_live_00002943,cust_001023,1271.35,9,online_retail,US,0,247,900,0,9,11.6,1,0,59.33,6.0,0,0
tx_live_00002944,cust_006740,1579.54,17,online_retail,US,0,898,967,3,5,51.62,1,0,18.31,6.0,0,0
tx_live_00002945,cust_004780,176.64,8,online_retail,CA,1,211,1913,2,10,73.64,1,0,89.35,1.977,1,0
tx_live_00002946,cust_000480,1069.65,5,fuel,US,0,582,886,1,6,12.41,1,0,46.2,23.152,0,0
tx_live_00002947,cust_000380,984.59,9,groceries,US,0,120,900,2,6,4.36,1,0,11.61,6.0,0,0
tx_live_00002948,cust_005802,2155.35,13,restaurants,US,0,360,900,0,5,29.5,1,0,20.36,6.0,0,0
tx_live_00002949,cust_000763,55.47,18,fuel,US,0,114,438,2,9,51.15,0,1,55.87,0.993,1,0
tx_live_00002950,cust_005999,80.94,17,groceries,CA,1,149,1794,1,10,48.31,0,0,96.24,0.841,0,0
tx_live_00002951,cust_010477,1381.33,11,travel,US,0,238,1313,1,3,96.31,1,0,15.55,6.0,0,0
tx_live_00002952,cust_005393,1440.91,13,groceries,US,0,120,900,1,3,24.46,1,0,81.45,6.0,0,0
tx_live_00002953,cust_006719,2395.41,18,utilities,US,0,218,1014,0,0,10.48,1,0,30.55,6.0,0,0
tx_live_00002954,cust_010904,1749.86,17,travel,US,0,176,1043,1,2,5.11,1,0,14.26,6.0,0,0
tx_live_00002955,cust_000715,156.82,18,electronics,US,0,564,1017,2,7,10.74,1,2,79.35,1.976,0,0
tx_live_00002956,cust_007267,2232.62,9,electronics,US,0,404,900,3,5,32.56,1,0,54.89,6.0,0,0
tx_live_00002957,cust_005181,1744.74,11,online_retail,US,0,249,2292,0,1,31.44,1,0,56.56,6.0,0,0
tx_live_00002958,cust_005433,752.04,7,groceries,US,0,245,1725,2,6,35.36,1,0,23.78,31.63,0,0
tx_live_00002959,cust_008394,48.49,2,electronics,US,0,159,312,3,9,100.37,0,0,155.55,0.312,1,0
tx_live_00002960,cust_006969,929.43,17,groceries,US,0,336,2036,3,10,13.74,1,0,21.08,6.0,0,0
tx_live_00002961,cust_011586,623.35,14,groceries,CA,1,507,2256,0,4,65.22,1,0,28.38,21.963,1,0
tx_live_00002962,cust_010035,57.75,2,restaurants,CA,1,329,1158,0,7,117.92,1,0,117.79,0.49,0,0
tx_live_00002963,cust_003191,1554.53,12,online_retail,US,0,206,1165,0,4,10.89,1,0,81.32,6.0,0,0
tx_live_00002964,cust_006075,9.16,10,fuel,US,0,379,1353,1,11,59.98,1,0,17.5,0.523,0,0
tx_live_00002965,cust_009132,126.28,22,online_retail,US,0,204,1224,3,10,44.13,1,0,65.46,1.929,0,0
tx_live_00002966,cust_001088,1705.13,16,online_retail,US,0,407,1280,0,4,18.06,1,0,45.31,6.0,0,0
tx_live_00002967,cust_001898,11.58,7,electronics,JP,1,301,662,4,16,94.87,0,0,18.51,0.626,0,0
tx_live_00002968,cust_006129,1480.32,18,fuel,US,0,352,1111,1,7,14.0,1,0,112.64,6.0,0,0
tx_live_00002969,cust_006855,982.07,15,fuel,US,0,178,900,1,7,12.17,1,0,35.0,6.0,0,0
tx_live_00002970,cust_005165,514.52,13,utilities,US,0,221,1324,3,6,4.6,1,0,25.14,6.0,0,0
tx_live_00002971,cust_010403,653.35,19,utilities,US,0,258,1793,1,5,32.31,1,0,52.32,6.0,0,0
tx_live_00002972,cust_005546,677.24,17,electronics,US,0,205,900,1,7,38.75,1,0,32.38,6.0,0,0
tx_live_00002973,cust_010276,292.4,22,fuel,US,0,262,1227,2,7,6.85,1,0,23.15,12.633,0,0
tx_live_00002974,cust_008817,12.35,19,restaurants,CA,1,156,1908,1,5,78.51,1,2,130.94,0.094,0,0
tx_live_00002975,cust_007790,2897.81,18,utilities,US,0,657,1365,0,5,18.11,1,0,16.27,6.0,0,0
tx_live_00002976,cust_001828,1480.76,18,electronics,US,0,175,1296,3,8,22.09,1,0,40.13,6.0,0,0
tx_live_00002977,cust_002761,14.34,1,online_retail,JP,1,193,1809,0,5,90.91,0,0,31.26,0.459,0,0
tx_live_00002978,cust_002166,55.65,6,groceries,US,0,577,1938,1,13,30.57,1,0,26.68,2.086,0,0
tx_live_00002979,cust_010916,911.21,12,fuel,US,0,882,900,0,1,5.48,1,0,36.11,6.0,0,0
tx_live_00002980,cust_002833,2697.34,14,luxury,US,0,269,1221,0,3,12.25,1,0,43.51,6.0,0,0
tx_live_00002981,cust_004687,1220.28,19,restaurants,US,0,330,900,0,6,13.81,1,0,26.17,6.0,0,0
tx_live_00002982,cust_001640,1221.74,12,online_retail,US,0,341,900,0,2,46.6,1,0,38.74,6.0,0,0
tx_live_00002983,cust_010225,206.09,7,groceries,US,0,304,944,2,7,70.44,1,0,80.29,2.567,0,0
tx_live_00002984,cust_002770,825.94,9,online_retail,US,0,307,1501,0,6,11.03,1,0,32.99,6.0,0,0
tx_live_00002985,cust_009859,3222.15,13,online_retail,US,0,176,1298,2,7,10.47,1,0,73.51,6.0,0,0
tx_live_00002986,cust_001664,75.78,8,restaurants,US,0,509,262,1,6,31.78,1,0,26.78,2.83,0,0
tx_live_00002987,cust_010349,2148.03,12,electronics,US,0,180,900,1,5,10.09,1,0,145.58,6.0,0,0
tx_live_00002988,cust_005655,53.21,20,travel,DE,1,301,1432,4,10,36.1,1,0,105.3,0.505,0,0
tx_live_00002989,cust_011809,29.75,14,fuel,CA,1,428,1420,0,9,19.1,1,0,69.76,0.426,0,0
tx_live_00002990,cust_008015,1256.49,9,travel,US,0,300,900,0,4,2.84,1,0,25.16,6.0,0,0
tx_live_00002991,cust_007514,879.82,11,luxury,US,0,341,1108,0,9,6.58,1,0,74.56,6.0,0,0
tx_live_00002992,cust_005898,1381.41,16,travel,US,0,609,1837,1,5,12.61,1,0,44.68,6.0,0,0
tx_live_00002993,cust_010128,191.28,10,electronics,JP,1,541,1017,3,13,20.01,0,0,27.58,6.934,0,1
tx_live_00002994,cust_001915,118.48,17,fuel,DE,1,74,1058,2,13,17.63,1,1,101.65,1.166,0,0
tx_live_00002995,cust_004665,4954.34,16,online_retail,US,0,185,1361,0,8,27.71,1,0,28.69,6.0,0,0
tx_live_00002996,cust_010251,117.86,3,groceries,US,0,434,1803,0,7,13.57,1,0,42.46,2.776,0,0
tx_live_00002997,cust_009146,2383.93,14,restaurants,US,0,386,1661,1,8,5.9,1,0,25.31,6.0,0,0
tx_live_00002998,cust_006121,1248.33,11,restaurants,US,0,175,900,0,3,22.81,1,0,37.5,6.0,0,0
tx_live_00002999,cust_000646,23.3,1,fuel,US,0,286,897,3,9,15.5,1,0,38.41,0.607,0,0
tx_live_00003000,cust_002098,1370.6,10,travel,US,0,392,900,1,4,14.96,1,0,30.18,6.0,0,0
tx_live_00003001,cust_005642,2841.18,14,electronics,US,0,171,2566,0,2,33.5,1,0,44.2,6.0,0,0
tx_live_00003002,cust_005730,9.44,3,online_retail,CA,1,351,1120,2,9,50.98,1,0,156.2,0.06,0,0
tx_live_00003003,cust_005360,53.81,7,groceries,DE,1,109,1150,2,11,69.41,1,2,32.14,1.674,0,0
tx_live_00003004,cust_001890,77.69,6,online_retail,US,0,326,739,0,5,35.0,0,0,36.47,2.13,0,0
tx_live_00003005,cust_006137,152.52,0,fuel,US,0,522,461,2,11,66.24,0,0,10.07,15.139,0,0
tx_live_00003006,cust_005042,148.83,4,fuel,US,0,276,126,1,5,71.39,0,2,8.89,16.746,0,1
tx_live_00003007,cust_004077,32.17,21,groceries,CA,1,512,1083,3,6,10.5,0,1,66.24,0.486,0,0
tx_live_00003008,cust_001633,1073.42,9,fuel,US,0,498,900,2,7,10.95,1,0,37.96,6.0,0,0
tx_live_00003009,cust_006899,160.15,22,restaurants,CA,1,45,531,2,8,138.74,1,1,47.04,3.404,0,0
tx_live_00003010,cust_010575,29.74,7,online_retail,US,0,773,705,2,9,6.87,1,0,27.47,1.083,0,0
tx_live_00003011,cust_008227,1340.43,10,online_retail,US,0,432,900,1,7,7.87,1,0,51.87,6.0,0,0
tx_live_00003012,cust_006635,50.71,6,travel,US,0,271,660,1,5,18.09,1,0,60.82,0.834,0,0
tx_live_00003013,cust_003325,878.89,12,groceries,US,0,120,1312,0,5,7.29,1,0,102.52,6.0,0,0
tx_live_00003014,cust_000472,9.28,12,luxury,GB,1,560,822,0,4,24.22,0,0,37.82,0.245,0,0
tx_live_00003015,cust_006015,130.27,19,groceries,CA,1,334,878,1,6,47.32,0,1,76.85,1.695,1,0
tx_live_00003016,cust_009726,58.74,1,online_retail,US,0,179,1901,2,9,42.57,1,0,44.58,1.318,0,0
tx_live_00003017,cust_003229,147.06,21,restaurants,CA,1,193,1100,2,9,82.48,1,0,23.6,6.231,0,0
tx_live_00003018,cust_001921,654.15,14,groceries,US,0,227,900,0,3,0.95,1,0,33.36,6.0,0,0
tx_live_00003019,cust_002023,151.9,5,electronics,US,0,229,1151,0,9,87.83,1,0,14.18,10.714,0,0
tx_live_00003020,cust_003345,156.97,7,travel,US,0,486,756,2,8,32.72,1,0,92.46,1.698,0,0
tx_live_00003021,cust_003252,1534.53,18,restaurants,US,0,291,1802,1,5,7.2,1,0,33.03,6.0,0,0
tx_live_00003022,cust_004807,1949.09,11,electronics,US,0,141,900,0,4,7.14,1,0,20.12,6.0,0,0
tx_live_00003023,cust_001989,1598.17,16,groceries,US,0,165,900,1,1,20.16,1,0,99.96,6.0,0,0
tx_live_00003024,cust_009317,11.0,12,electronics,CA,1,868,1489,0,5,68.55,0,1,33.03,0.333,0,0
tx_live_00003025,cust_000120,1068.02,16,utilities,US,0,376,1559,2,4,15.4,1,0,27.83,6.0,0,0
tx_live_00003026,cust_009310,2120.24,11,groceries,US,0,184,900,1,5,26.17,1,0,13.04,6.0,0,0
tx_live_00003027,cust_003175,881.62,10,online_retail,US,0,625,900,1,6,23.41,1,0,92.1,6.0,0,0
tx_live_00003028,cust_005429,91.45,18,travel,GB,1,90,2922,1,5,39.09,1,0,94.78,0.965,0,0
tx_live_00003029,cust_011113,50.32,18,fuel,CA,1,557,1385,3,11,11.75,1,0,153.6,0.328,0,0
tx_live_00003030,cust_006145,195.41,3,online_retail,US,0,480,1237,1,10,55.17,0,0,115.92,1.686,0,0
tx_live_00003031,cust_003652,57.39,19,travel,US,0,251,855,4,10,8.97,1,0,51.43,1.116,0,0
tx_live_00003032,cust_002629,1625.96,16,travel,US,0,792,900,1,5,42.21,1,0,52.01,6.0,0,0
tx_live_00003033,cust_005907,8.45,3,groceries,US,0,268,1304,1,10,27.51,1,0,45.67,0.185,0,0
tx_live_00003034,cust_005325,37.54,18,electronics,US,0,82,396,1,9,74.33,0,0,46.98,0.799,0,0
tx_live_00003035,cust_005388,1675.87,10,groceries,US,0,423,900,3,5,32.47,1,0,121.95,6.0,0,0
tx_live_00003036,cust_002947,2160.4,12,restaurants,US,0,261,900,0,5,19.8,1,0,32.41,6.0,0,0
tx_live_00003037,cust_002585,468.58,15,utilities,US,0,266,1291,2,10,13.11,1,0,73.95,6.0,0,0
tx_live_00003038,cust_001176,74.62,21,utilities,US,0,249,479,0,2,63.0,0,0,98.21,0.76,0,0
tx_live_00003039,cust_002200,13.11,14,groceries,FR,1,305,705,2,8,20.35,1,0,29.25,0.448,0,0
tx_live_00003040,cust_006505,1089.63,10,groceries,US,0,214,1258,0,6,39.63,1,0,57.27,6.0,0,0
tx_live_00003041,cust_011724,20.86,3,fuel,DE,1,830,643,3,10,17.05,0,0,80.51,0.259,1,0
tx_live_00003042,cust_004570,23.87,12,luxury,US,0,433,285,0,5,113.7,1,0,41.17,0.58,0,0
tx_live_00003043,cust_008278,41.5,10,fuel,US,0,198,1404,1,10,21.52,1,0,21.66,1.916,0,0
tx_live_00003044,cust_002400,1365.75,16,electronics,US,0,120,900,1,1,6.82,1,0,19.96,6.0,0,0
tx_live_00003045,cust_009142,198.03,17,online_retail,US,0,200,775,3,5,47.62,1,0,31.64,6.259,0,0
tx_live_00003046,cust_009263,1723.08,19,electronics,US,0,120,900,1,8,20.33,1,0,15.34,6.0,0,0
tx_live_00003047,cust_001702,115.63,8,online_retail,US,0,760,577,0,4,90.93,1,0,40.61,2.848,0,0
tx_live_00003048,cust_008639,2144.32,19,electronics,US,0,861,900,3,6,10.2,1,0,49.75,6.0,0,0
tx_live_00003049,cust_000378,1137.52,20,electronics,US,0,393,1957,2,5,47.23,1,0,22.42,6.0,0,0
tx_live_00003050,cust_003068,1486.29,16,electronics,US,0,558,1462,1,4,30.82,1,0,56.63,6.0,0,0
tx_live_00003051,cust_006713,2379.75,19,luxury,US,0,144,1673,1,5,10.01,1,0,23.99,6.0,0,0
tx_live_00003052,cust_010683,24.31,14,utilities,GB,1,37,1528,2,12,25.55,1,0,27.5,0.884,0,0
tx_live_00003053,cust_009911,2532.67,12,utilities,US,0,344,1300,1,5,22.94,1,0,48.72,6.0,0,0
tx_live_00003054,cust_006086,20.85,4,restaurants,MX,1,79,661,0,8,8.11,0,0,45.25,0.461,0,0
tx_live_00003055,cust_000604,1593.12,18,restaurants,US,0,120,900,3,5,54.07,1,0,137.28,6.0,0,0
tx_live_00003056,cust_005545,1570.96,13,restaurants,US,0,389,1435,2,6,16.07,1,0,17.84,6.0,0,0
tx_live_00003057,cust_002023,40.75,19,groceries,CA,1,145,709,1,9,68.04,1,0,45.55,0.895,0,0
tx_live_00003058,cust_008643,2004.2,13,restaurants,US,0,379,1511,1,4,1.23,1,0,45.11,6.0,0,0
tx_live_00003059,cust_007152,61.5,5,utilities,MX,1,927,876,1,5,46.69,0,0,30.58,2.011,0,0
tx_live_00003060,cust_001916,260.36,5,restaurants,US,0,380,848,0,6,152.73,0,0,79.72,3.266,0,0
tx_live_00003061,cust_005519,1245.34,16,luxury,US,0,258,900,1,5,21.26,1,0,64.85,6.0,0,0
tx_live_00003062,cust_000362,2052.21,15,online_retail,US,0,345,981,1,7,9.05,1,0,38.31,6.0,0,0
tx_live_00003063,cust_005083,213.07,5,restaurants,US,0,203,1313,2,8,58.38,0,1,66.85,3.187,1,0
tx_live_00003064,cust_009397,1789.83,10,online_retail,US,0,217,1070,1,2,5.88,1,0,61.49,6.0,0,0
tx_live_00003065,cust_002046,54.66,6,restaurants,US,0,125,347,1,10,57.15,0,0,78.73,0.694,0,0
tx_live_00003066,cust_004165,1194.11,10,groceries,US,0,251,1536,1,4,37.98,1,0,12.91,6.0,0,0
tx_live_00003067,cust_003430,880.55,20,fuel,US,0,289,900,0,2,5.86,1,0,68.1,6.0,0,0
tx_live_00003068,cust_001646,7.33,18,groceries,US,0,439,1320,1,7,20.5,1,0,25.34,0.289,0,0
tx_live_00003069,cust_000876,132.72,8,restaurants,FR,1,253,896,1,7,49.1,1,0,68.38,1.941,0,0
tx_live_00003070,cust_005933,1078.0,10,groceries,US,0,120,959,2,8,3.49,1,0,35.74,6.0,0,0
tx_live_00003071,cust_006530,67.37,15,fuel,US,0,484,676,1,7,50.08,1,0,22.67,2.972,1,0
tx_live_00003072,cust_000878,1177.11,19,online_retail,US,0,175,2904,1,5,41.94,1,0,21.55,6.0,0,0
tx_live_00003073,cust_006571,288.58,11,luxury,FR,1,386,827,2,7,36.21,1,0,161.42,1.788,0,0
tx_live_00003074,cust_010939,1124.91,16,electronics,US,0,359,2485,1,6,14.22,1,0,61.2,6.0,0,0
tx_live_00003075,cust_000086,822.83,18,online_retail,US,0,508,993,1,9,19.45,1,0,32.24,6.0,0,0
tx_live_00003076,cust_003796,98.9,1,groceries,US,0,195,640,1,8,40.78,1,0,67.38,1.468,1,0
tx_live_00003077,cust_002819,1479.26,20,utilities,US,0,217,1430,0,5,10.16,1,0,70.92,6.0,0,0
tx_live_00003078,cust_009636,774.15,11,groceries,US,0,327,900,2,4,24.52,1,0,57.0,6.0,0,0
tx_live_00003079,cust_002160,73.66,20,travel,CA,1,426,1329,0,4,84.53,1,0,23.35,3.154,0,0
tx_live_00003080,cust_004047,2048.31,11,online_retail,US,0,324,900,2,4,8.57,1,0,12.01,6.0,0,0
tx_live_00003081,cust_009723,1497.46,20,travel,US,0,179,1229,2,7,45.06,1,0,56.38,6.0,0,0
tx_live_00003082,cust_007684,28.35,21,electronics,US,0,285,733,3,4,47.46,0,0,146.42,0.194,0,0
tx_live_00003083,cust_011039,28.02,16,fuel,BR,1,145,1260,3,6,7.45,1,0,34.57,0.811,0,0
tx_live_00003084,cust_008843,67.45,2,restaurants,US,0,272,2231,3,8,15.33,1,0,25.31,2.665,0,0
tx_live_00003085,cust_000206,1274.64,12,fuel,US,0,276,900,0,3,21.38,1,0,23.61,6.0,0,0
tx_live_00003086,cust_000192,868.83,13,online_retail,US,0,166,1008,1,5,17.06,1,0,16.47,6.0,0,0
tx_live_00003087,cust_003288,408.68,20,utilities,US,0,428,568,1,10,68.36,1,0,69.05,5.919,0,0
tx_live_00003088,cust_008636,59.9,1,restaurants,US,0,412,1775,0,12,31.7,0,0,46.96,1.276,0,0
tx_live_00003089,cust_007937,145.0,19,fuel,US,0,388,826,1,8,76.42,0,0,39.48,3.673,0,0
tx_live_00003090,cust_000281,11.3,15,restaurants,US,0,104,2070,0,5,23.84,0,1,29.13,0.388,0,0
tx_live_00003091,cust_004847,1461.76,11,travel,US,0,324,900,1,1,10.21,1,0,81.76,6.0,0,0
tx_live_00003092,cust_007314,22.3,15,restaurants,CA,1,444,524,1,10,24.82,1,0,53.57,0.416,0,0
tx_live_00003093,cust_002561,400.0,12,fuel,US,0,592,900,0,8,6.69,1,0,27.31,6.0,0,0
tx_live_00003094,cust_008741,2207.21,9,groceries,US,0,485,1687,1,3,20.16,1,0,116.04,6.0,0,0
tx_live_00003095,cust_011375,52.66,6,travel,CA,1,89,2872,2,10,29.59,0,0,153.04,0.344,0,0
tx_live_00003096,cust_004703,1764.86,14,luxury,US,0,548,1011,1,8,12.41,1,0,19.28,6.0,0,0
tx_live_00003097,cust_006823,27.81,0,groceries,CA,1,336,971,4,11,76.93,0,0,15.99,1.74,0,0
tx_live_00003098,cust_006898,80.7,3,groceries,US,0,419,1309,1,8,66.59,1,0,46.26,1.744,0,0
tx_live_00003099,cust_001051,157.3,2,online_retail,US,0,296,819,0,5,59.03,1,1,145.2,1.083,0,0
tx_live_00003100,cust_009279,127.36,22,luxury,MX,1,187,3420,2,4,12.74,0,1,156.72,0.813,0,0
tx_live_00003101,cust_006676,86.55,4,restaurants,US,0,489,1979,6,8,69.2,1,0,68.83,1.257,0,0
tx_live_00003102,cust_005284,89.33,14,utilities,JP,1,385,707,1,8,75.23,1,0,18.13,4.926,0,0
tx_live_00003103,cust_011876,1371.08,15,groceries,US,0,219,1448,1,2,1.83,1,0,84.05,6.0,0,0
tx_live_00003104,cust_005899,153.2,13,restaurants,US,0,539,760,2,9,28.86,1,2,15.85,9.665,0,0
tx_live_00003105,cust_007900,2148.27,10,groceries,US,0,253,1329,0,5,50.83,1,0,73.74,6.0,0,0
tx_live_00003106,cust_005495,48.58,10,electronics,FR,1,194,939,3,7,6.64,1,0,47.92,1.014,0,0
tx_live_00003107,cust_002069,1443.9,10,electronics,US,0,485,900,3,8,83.52,1,0,50.31,6.0,0,0
tx_live_00003108,cust_008395,879.9,15,utilities,US,0,524,900,1,4,18.0,1,0,10.76,6.0,0,0
tx_live_00003109,cust_003290,798.46,18,online_retail,US,0,624,900,0,4,22.2,1,0,66.39,6.0,0,0
tx_live_00003110,cust_006308,62.63,7,fuel,US,0,67,1277,0,7,57.53,1,0,22.47,2.788,0,0
tx_live_00003111,cust_001439,107.36,5,fuel,GB,1,210,1034,2,6,139.6,1,0,39.22,2.738,0,0
tx_live_00003112,cust_006731,54.32,11,restaurants,MX,1,248,874,0,7,113.08,0,0,102.55,0.53,1,0
tx_live_00003113,cust_008705,2179.28,17,groceries,US,0,120,900,0,5,1.11,1,0,16.86,6.0,0,0
tx_live_00003114,cust_005520,153.28,12,utilities,US,0,381,2156,1,4,46.29,0,0,37.23,4.117,1,0
tx_live_00003115,cust_005686,1851.39,17,luxury,US,0,536,900,1,7,13.43,1,0,58.15,6.0,0,0
tx_live_00003116,cust_008391,1537.12,20,restaurants,US,0,247,1334,3,5,17.46,1,0,139.68,6.0,0,0
tx_live_00003117,cust_001840,1809.06,10,groceries,US,0,178,900,0,5,10.01,1,0,42.61,6.0,0,0
tx_live_00003118,cust_001635,366.5,23,restaurants,CA,1,111,805,2,7,26.37,0,0,137.56,2.664,0,0
tx_live_00003119,cust_006280,27.68,7,luxury,US,0,152,666,1,12,95.04,1,2,110.52,0.25,0,0
tx_live_00003120,cust_001148,2037.31,16,groceries,US,0,120,1187,1,4,25.47,1,0,55.86,6.0,0,0
tx_live_00003121,cust_006549,1262.43,15,electronics,US,0,672,1216,1,6,8.1,1,0,202.87,6.0,0,0
tx_live_00003122,cust_011568,91.54,17,restaurants,US,0,413,1743,1,9,24.81,0,0,30.55,2.996,0,0
tx_live_00003123,cust_011221,55.54,13,travel,US,0,581,1549,1,7,20.4,0,0,45.11,1.231,0,0
tx_live_00003124,cust_006305,1590.24,14,fuel,US,0,389,1442,1,6,7.49,1,0,38.28,6.0,0,0
tx_live_00003125,cust_005193,1345.63,12,groceries,US,0,120,900,0,1,10.54,1,0,86.4,6.0,0,0
tx_live_00003126,cust_000656,928.24,13,fuel,US,0,427,2321,0,4,10.46,1,0,28.28,6.0,0,0
tx_live_00003127,cust_002677,160.08,4,electronics,US,0,237,660,0,5,59.77,0,0,48.96,3.27,0,0
tx_live_00003128,cust_010176,2489.12,19,online_retail,US,0,469,1548,1,4,35.71,1,0,121.7,6.0,0,0
tx_live_00003129,cust_004391,143.28,3,online_retail,US,0,60,1100,2,5,108.87,1,0,100.23,1.43,0,0
tx_live_00003130,cust_011694,550.33,12,electronics,US,0,190,900,1,9,21.52,1,0,65.2,6.0,0,0
tx_live_00003131,cust_000623,1719.46,9,electronics,US,0,426,900,2,5,15.21,1,0,73.1,6.0,0,0
tx_live_00003132,cust_010333,41.15,8,online_retail,FR,1,985,813,0,6,7.63,1,0,130.19,0.316,0,0
tx_live_00003133,cust_007276,1572.67,16,groceries,US,0,388,1835,2,6,29.87,1,0,69.32,6.0,0,0
tx_live_00003134,cust_002543,1495.11,20,restaurants,US,0,120,1534,1,7,20.51,1,0,65.62,6.0,0,0
tx_live_00003135,cust_010376,1968.64,14,restaurants,US,0,340,1060,2,7,8.58,1,0,45.31,6.0,0,0
tx_live_00003136,cust_001447,856.67,12,fuel,US,0,166,1426,2,3,13.16,1,0,11.35,6.0,0,0
tx_live_00003137,cust_001028,2375.31,18,restaurants,US,0,684,1532,2,5,19.29,1,0,28.04,6.0,0,0
tx_live_00003138,cust_005939,966.98,12,groceries,US,0,414,900,0,2,15.56,1,0,59.36,6.0,0,0
tx_live_00003139,cust_010201,24.84,4,groceries,US,0,242,435,1,6,57.01,0,0,88.63,0.28,0,0
tx_live_00003140,cust_006103,160.0,14,groceries,US,0,136,1392,1,8,2.68,1,0,42.91,3.729,0,0
tx_live_00003141,cust_007408,29.89,23,groceries,US,0,173,442,2,8,16.74,1,0,21.96,1.361,0,0
tx_live_00003142,cust_011541,2494.27,14,online_retail,US,0,359,900,1,1,5.87,1,0,78.47,6.0,0,0
tx_live_00003143,cust_011769,41.09,5,online_retail,US,0,316,1738,2,5,8.21,0,0,23.6,1.741,0,0
tx_live_00003144,cust_003704,79.02,9,groceries,CA,1,131,321,0,5,63.68,1,0,27.31,2.894,0,0
tx_live_00003145,cust_002170,24.27,1,electronics,US,0,402,1412,0,6,102.33,0,0,63.02,0.385,0,0
tx_live_00003146,cust_002166,1317.19,18,groceries,US,0,151,900,0,4,46.99,1,0,63.06,6.0,0,0
tx_live_00003147,cust_006389,1451.18,17,groceries,US,0,293,1162,0,6,8.86,1,0,22.53,6.0,0,0
tx_live_00003148,cust_002135,2243.85,19,groceries,US,0,572,1684,0,2,7.59,1,0,80.75,6.0,0,0
tx_live_00003149,cust_001361,24.01,14,restaurants,CA,1,366,1045,1,6,85.94,1,0,56.46,0.425,0,0
tx_live_00003150,cust_002523,1880.91,19,fuel,US,0,420,900,2,2,35.58,1,0,48.88,6.0,0,0
tx_live_00003151,cust_006000,2064.91,18,groceries,US,0,604,900,2,9,3.92,1,0,95.72,6.0,0,0
tx_live_00003152,cust_002314,69.28,13,electronics,US,0,542,506,2,7,25.9,0,0,42.27,1.639,0,0
tx_live_00003153,cust_006864,79.13,19,fuel,DE,1,191,819,1,4,8.66,1,0,26.42,2.995,1,0
tx_live_00003154,cust_000015,1331.57,18,restaurants,US,0,197,1328,0,5,14.26,1,0,51.33,6.0,0,0
tx_live_00003155,cust_005956,1849.74,13,restaurants,US,0,364,1057,0,2,6.16,1,0,72.35,6.0,0,0
tx_live_00003156,cust_005319,92.44,13,restaurants,CA,1,183,2004,0,4,84.45,1,0,23.91,3.867,0,0
tx_live_00003157,cust_008065,1411.5,16,groceries,US,0,850,1984,1,3,2.66,1,0,25.22,6.0,0,0
tx_live_00003158,cust_002397,1995.91,18,online_retail,US,0,305,900,2,6,13.45,1,0,36.57,6.0,0,0
tx_live_00003159,cust_001856,69.05,10,restaurants,US,0,56,572,1,9,35.31,0,0,97.37,0.709,0,0
tx_live_00003160,cust_004344,82.97,1,groceries,US,0,187,1183,2,8,43.28,1,0,29.79,2.785,1,0
tx_live_00003161,cust_010668,17.15,5,groceries,US,0,814,1954,0,3,82.11,1,1,76.68,0.224,0,0
tx_live_00003162,cust_003306,137.4,19,groceries,US,0,723,621,3,12,12.35,1,0,19.1,7.193,0,0
tx_live_00003163,cust_010957,58.56,5,groceries,CA,1,298,1022,2,11,32.45,1,0,41.48,1.412,0,0
tx_live_00003164,cust_001854,121.12,16,restaurants,DE,1,619,865,3,9,30.61,1,0,68.9,1.758,0,0
tx_live_00003165,cust_006477,43.2,0,groceries,US,0,445,2252,0,8,31.02,1,1,116.45,0.371,0,0
tx_live_00003166,cust_000068,19.1,20,fuel,US,0,77,1619,2,10,25.19,1,0,59.83,0.319,0,0
tx_live_00003167,cust_011529,13.94,20,fuel,US,0,1124,714,3,6,22.77,0,0,53.26,0.262,1,0
tx_live_00003168,cust_004190,2789.33,11,electronics,US,0,420,900,1,6,9.72,1,0,39.34,6.0,0,0
tx_live_00003169,cust_003916,28.16,17,restaurants,US,0,307,623,0,6,37.96,0,0,86.98,0.324,0,0
tx_live_00003170,cust_008600,101.95,5,fuel,MX,1,195,710,1,11,29.87,1,0,19.52,5.223,0,0
tx_live_00003171,cust_007028,999.34,18,luxury,US,0,162,900,0,5,12.78,1,0,54.93,6.0,0,0
tx_live_00003172,cust_007595,58.01,7,luxury,US,0,305,1329,1,10,29.72,1,0,33.39,1.737,0,0
tx_live_00003173,cust_011285,1513.95,20,online_retail,US,0,682,1990,1,5,49.39,1,0,61.83,6.0,0,0
tx_live_00003174,cust_002015,657.5,18,restaurants,US,0,120,1671,1,9,40.77,1,0,18.22,6.0,0,0
tx_live_00003175,cust_000238,2553.22,12,electronics,US,0,290,1457,0,3,17.29,1,0,20.28,6.0,0,0
tx_live_00003176,cust_011745,1331.51,16,restaurants,US,0,494,900,0,2,24.78,1,0,136.88,6.0,0,0
tx_live_00003177,cust_003269,1253.69,11,groceries,US,0,190,1754,0,5,5.79,1,0,89.7,6.0,0,0
tx_live_00003178,cust_006828,80.73,11,groceries,MX,1,100,901,2,7,84.4,1,0,172.75,0.467,0,0
tx_live_00003179,cust_002967,34.27,14,restaurants,US,0,413,560,1,7,29.93,1,0,20.41,1.679,0,0
tx_live_00003180,cust_010134,1865.74,11,fuel,US,0,120,1305,1,6,4.99,1,0,24.2,6.0,0,0
tx_live_00003181,cust_006623,36.0,18,groceries,US,0,427,1072,0,6,34.21,1,0,79.63,0.452,0,0
tx_live_00003182,cust_000590,1602.18,16,fuel,US,0,243,967,2,7,6.26,1,0,61.54,6.0,0,0
tx_live_00003183,cust_005930,102.69,19,restaurants,FR,1,492,1715,1,7,17.74,1,0,18.79,5.464,0,0
tx_live_00003184,cust_009711,2002.92,11,restaurants,US,0,322,1926,0,3,14.37,1,0,23.08,6.0,0,0
tx_live_00003185,cust_002158,51.04,18,groceries,CA,1,555,1491,1,14,16.34,1,0,67.48,0.756,0,0
tx_live_00003186,cust_006544,989.47,20,fuel,US,0,581,1117,1,6,52.4,1,0,92.41,6.0,0,0
tx_live_00003187,cust_005405,1878.92,16,luxury,US,0,400,2127,0,3,27.44,1,0,30.7,6.0,0,0
tx_live_00003188,cust_002842,12.5,14,fuel,GB,1,133,772,2,10,28.95,1,0,64.42,0.194,0,0
tx_live_00003189,cust_011144,85.66,6,online_retail,CA,1,223,1400,2,11,52.21,0,1,30.88,2.774,0,0
tx_live_00003190,cust_001053,1590.58,15,fuel,US,0,234,1297,1,2,19.27,1,0,56.46,6.0,0,0
tx_live_00003191,cust_002376,1420.67,12,groceries,US,0,120,1531,0,6,33.43,1,0,26.23,6.0,0,0
tx_live_00003192,cust_000718,1150.01,19,travel,US,0,120,1721,0,6,11.34,1,0,47.46,6.0,0,0
tx_live_00003193,cust_010853,1015.79,7,electronics,US,0,316,916,2,8,32.23,0,1,56.25,18.059,0,0
tx_live_00003194,cust_010338,328.47,2,groceries,CA,1,515,759,2,4,81.03,0,3,154.32,2.128,0,1
tx_live_00003195,cust_004581,904.89,13,fuel,US,0,426,900,1,3,22.56,1,0,90.76,6.0,0,0
tx_live_00003196,cust_008099,120.28,4,travel,US,0,148,1127,2,4,92.82,0,0,55.22,2.178,0,0
tx_live_00003197,cust_000221,153.33,17,luxury,US,0,893,722,2,11,19.25,1,0,41.01,3.739,0,0
tx_live_00003198,cust_003577,1656.38,18,restaurants,US,0,328,900,1,3,8.36,1,0,44.73,6.0,0,0
tx_live_00003199,cust_005166,92.53,10,groceries,US,0,238,1036,0,9,35.31,1,0,53.32,1.735,0,0
tx_live_00003200,cust_007279,48.62,16,online_retail,GB,1,219,1891,0,5,79.77,1,0,12.38,3.926,0,0
tx_live_00003201,cust_006793,59.05,4,groceries,US,0,387,1923,2,6,58.21,0,0,32.09,1.84,0,0
tx_live_00003202,cust_000166,65.85,1,fuel,US,0,222,804,4,9,58.81,1,0,76.42,0.862,0,0
tx_live_00003203,cust_011350,1111.51,19,fuel,US,0,120,1277,2,6,7.1,1,0,114.26,6.0,0,0
tx_live_00003204,cust_010037,1650.07,15,travel,US,0,286,1138,0,3,17.37,1,0,46.07,6.0,0,0
tx_live_00003205,cust_010103,27.72,2,groceries,US,0,569,1558,3,15,32.59,1,0,31.8,0.872,0,0
tx_live_00003206,cust_006021,29.36,2,online_retail,US,0,16,1624,0,4,96.71,1,0,107.92,0.272,0,0
tx_live_00003207,cust_009705,187.13,14,groceries,US,0,113,1683,0,8,37.12,1,0,35.75,5.235,1,0
tx_live_00003208,cust_000630,47.14,15,restaurants,US,0,400,757,2,9,144.28,1,0,29.91,1.576,0,0
tx_live_00003209,cust_000055,27.14,18,fuel,DE,1,259,830,2,8,11.4,1,1,57.79,0.47,0,0
tx_live_00003210,cust_004699,198.04,2,travel,CA,1,239,2765,3,4,76.48,0,1,17.61,11.243,1,1
tx_live_00003211,cust_005041,1180.08,15,fuel,US,0,248,1796,1,2,40.06,1,0,68.05,6.0,0,0
tx_live_00003212,cust_008972,3135.39,18,luxury,US,0,544,2766,0,8,27.45,1,0,79.15,6.0,0,0
tx_live_00003213,cust_011059,77.76,11,groceries,US,0,261,1161,1,7,59.98,0,0,29.3,2.654,0,0
tx_live_00003214,cust_011943,12.38,22,groceries,US,0,256,466,1,5,28.13,1,0,82.7,0.15,0,0
tx_live_00003215,cust_001069,738.1,18,travel,US,0,371,1102,0,5,27.82,1,0,9.78,6.0,0,0
tx_live_00003216,cust_008752,20.18,1,online_retail,US,0,235,1629,1,9,86.99,0,0,143.36,0.141,1,0
tx_live_00003217,cust_001056,25.07,9,fuel,JP,1,435,1388,3,11,6.46,1,0,95.12,0.264,0,0
tx_live_00003218,cust_007259,83.43,7,electronics,US,0,617,1390,3,14,122.08,1,0,22.32,3.738,0,0
tx_live_00003219,cust_010690,672.17,13,restaurants,US,0,465,1527,1,7,4.1,1,0,37.8,6.0,0,0
tx_live_00003220,cust_008909,1151.71,11,fuel,US,0,213,1191,1,4,12.64,1,0,37.23,6.0,0,0
tx_live_00003221,cust_000900,2287.27,15,electronics,US,0,411,1598,3,3,21.6,1,0,117.97,6.0,0,0
tx_live_00003222,cust_003883,1899.37,13,groceries,US,0,272,3585,0,3,6.6,1,0,24.89,6.0,0,0
tx_live_00003223,cust_001991,197.05,20,online_retail,JP,1,702,1029,1,9,70.23,1,0,120.76,1.632,0,0
tx_live_00003224,cust_005932,1408.13,15,restaurants,US,0,154,1301,1,4,17.55,1,0,119.12,6.0,0,0
tx_live_00003225,cust_007233,24.22,14,groceries,US,0,373,1890,0,7,83.79,1,0,72.9,0.332,0,0
tx_live_00003226,cust_006593,1301.75,16,travel,US,0,313,1174,0,6,6.07,1,0,105.69,6.0,0,0
tx_live_00003227,cust_004933,141.86,8,electronics,CA,1,263,1217,0,8,21.42,1,0,64.58,2.197,0,0
tx_live_00003228,cust_007614,672.76,20,utilities,US,0,162,900,1,5,16.12,1,0,102.31,6.0,0,0
tx_live_00003229,cust_011360,1813.49,17,travel,US,0,383,2544,1,4,14.7,1,0,30.19,6.0,0,0
tx_live_00003230,cust_000591,60.43,8,electronics,FR,1,91,1129,1,7,77.65,1,0,44.03,1.372,0,0
tx_live_00003231,cust_010861,1440.9,10,groceries,US,0,613,1152,2,6,2.35,1,0,20.27,6.0,0,0
tx_live_00003232,cust_007331,35.01,0,groceries,US,0,178,989,0,2,85.3,1,0,16.33,2.144,0,0
tx_live_00003233,cust_010015,181.41,1,electronics,US,0,179,2058,1,7,80.12,0,0,27.21,6.667,0,0
tx_live_00003234,cust_003552,213.54,21,travel,GB,1,252,1932,1,7,39.0,1,0,86.13,2.479,0,0
tx_live_00003235,cust_001509,314.96,16,online_retail,US,0,414,472,1,6,23.21,1,2,41.48,7.593,0,0
tx_live_00003236,cust_011636,78.31,6,luxury,CA,1,576,1008,0,7,13.81,0,0,182.43,0.429,0,0
tx_live_00003237,cust_002990,462.61,15,restaurants,US,0,139,952,0,4,35.4,1,0,46.83,6.0,0,0
tx_live_00003238,cust_006994,1129.64,10,groceries,US,0,181,1646,1,3,4.63,1,0,39.18,6.0,0,0
tx_live_00003239,cust_007003,701.78,11,fuel,US,0,300,900,0,3,11.96,1,0,61.49,6.0,0,0
tx_live_00003240,cust_004808,2101.43,16,electronics,US,0,346,1151,0,5,5.62,1,0,22.62,6.0,0,0
tx_live_00003241,cust_008568,94.91,13,fuel,US,0,336,1015,2,10,93.88,0,0,34.76,2.731,0,0
tx_live_00003242,cust_005632,1190.82,16,luxury,US,0,444,914,0,1,42.73,1,0,18.92,6.0,0,0
tx_live_00003243,cust_000402,832.58,16,travel,US,0,342,900,0,4,27.86,1,0,46.89,6.0,0,0
tx_live_00003244,cust_005273,1037.67,9,online_retail,US,0,446,1309,2,5,6.49,1,0,14.3,6.0,0,0
tx_live_00003245,cust_002673,1447.03,15,groceries,US,0,498,1175,1,5,7.04,1,0,42.92,6.0,0,0
tx_live_00003246,cust_004722,77.81,23,groceries,CA,1,699,1752,1,5,11.39,0,0,45.15,1.723,1,0
tx_live_00003247,cust_002147,1750.15,15,online_retail,US,0,628,1445,1,3,30.73,1,0,79.02,6.0,0,0
tx_live_00003248,cust_008878,982.91,9,restaurants,US,0,248,1004,1,3,6.5,1,0,16.47,6.0,0,0
tx_live_00003249,cust_009637,65.88,17,restaurants,US,0,87,905,2,5,70.22,0,0,16.65,3.957,0,0
tx_live_00003250,cust_011631,1249.42,9,online_retail,US,0,158,900,1,6,40.15,1,0,15.07,6.0,0,0
tx_live_00003251,cust_001104,91.05,7,groceries,US,0,97,762,4,10,40.89,1,0,12.37,7.361,0,0
tx_live_00003252,cust_006225,37.42,11,groceries,US,0,278,1593,1,10,46.47,0,0,49.58,0.755,0,0
tx_live_00003253,cust_004945,1774.85,10,online_retail,US,0,120,900,3,4,14.22,1,0,29.98,6.0,0,0
tx_live_00003254,cust_007012,742.7,14,online_retail,US,0,526,1083,0,4,34.62,1,0,81.18,6.0,0,0
tx_live_00003255,cust_011382,3523.59,13,groceries,US,0,301,900,1,5,1.3,1,0,115.5,6.0,0,0
tx_live_00003256,cust_002227,253.62,5,online_retail,CA,1,275,658,0,7,60.65,0,1,38.05,6.665,0,1
tx_live_00003257,cust_004192,1309.62,9,groceries,US,0,682,2264,3,3,1.75,1,0,79.16,6.0,0,0
tx_live_00003258,cust_005696,1917.46,10,restaurants,US,0,933,900,0,5,8.53,1,0,76.43,6.0,0,0
tx_live_00003259,cust_002527,1696.32,13,restaurants,US,0,177,1267,0,5,2.28,1,0,32.16,6.0,0,0
tx_live_00003260,cust_008228,1225.64,13,online_retail,US,0,586,1406,1,4,17.84,1,0,32.96,6.0,0,0
tx_live_00003261,cust_004173,2653.73,14,fuel,US,0,120,900,2,5,30.95,1,0,15.14,6.0,0,0
tx_live_00003262,cust_001670,25.72,20,groceries,MX,1,189,360,0,8,22.6,1,0,41.42,0.621,0,0
tx_live_00003263,cust_003935,1867.89,16,restaurants,US,0,558,900,2,7,16.52,1,0,44.99,6.0,0,0
tx_live_00003264,cust_010092,94.19,14,fuel,US,0,119,1684,1,9,63.22,0,0,122.12,0.771,1,0
tx_live_00003265,cust_011483,56.7,14,online_retail,US,0,271,1300,3,8,108.07,1,0,75.37,0.752,0,0
tx_live_00003266,cust_011148,582.32,19,groceries,US,0,673,1113,0,0,23.79,1,0,46.64,6.0,0,0
tx_live_00003267,cust_011736,1829.32,15,online_retail,US,0,587,900,1,3,14.1,1,0,44.5,6.0,0,0
tx_live_00003268,cust_010649,12.92,12,travel,US,0,127,890,1,8,28.35,0,0,33.14,0.39,1,0
tx_live_00003269,cust_004163,2032.95,13,fuel,US,0,369,1453,1,6,40.89,1,0,32.02,6.0,0,0
tx_live_00003270,cust_005822,1590.84,10,restaurants,US,0,559,900,1,5,50.84,1,0,114.02,6.0,0,0
tx_live_00003271,cust_001178,2369.58,11,groceries,US,0,124,989,1,3,68.45,1,0,42.35,6.0,0,0
tx_live_00003272,cust_007181,1146.99,9,travel,US,0,147,1083,0,0,58.55,1,0,40.26,6.0,0,0
tx_live_00003273,cust_007204,27.35,15,travel,US,0,873,1457,0,6,5.57,0,0,98.09,0.279,0,0
tx_live_00003274,cust_010567,211.45,2,fuel,CA,1,399,926,2,6,39.23,1,0,25.33,8.347,0,0
tx_live_00003275,cust_009499,2604.64,11,restaurants,US,0,150,1313,1,4,8.92,1,0,131.0,6.0,0,0
tx_live_00003276,cust_010000,7.83,11,groceries,MX,1,198,1181,0,10,7.62,1,0,32.42,0.242,0,0
tx_live_00003277,cust_001730,1349.6,10,groceries,US,0,411,900,0,1,7.18,1,0,10.32,6.0,0,0
tx_live_00003278,cust_001786,45.53,14,groceries,US,0,247,618,3,11,52.65,1,0,57.48,0.792,0,0
tx_live_00003279,cust_007560,37.3,16,online_retail,US,0,592,1931,2,7,143.02,0,0,112.16,0.333,0,0
tx_live_00003280,cust_005905,1730.66,16,online_retail,US,0,239,1028,1,6,60.1,1,0,17.76,6.0,0,0
tx_live_00003281,cust_002796,177.61,12,electronics,MX,1,129,884,0,5,75.59,0,0,32.86,5.405,0,0
tx_live_00003282,cust_007486,1271.72,19,online_retail,US,0,234,900,0,4,21.72,1,0,170.82,6.0,0,0
tx_live_00003283,cust_006710,1257.26,15,fuel,US,0,158,900,1,6,19.24,1,0,28.86,6.0,0,0
tx_live_00003284,cust_010216,10.34,8,fuel,FR,1,267,861,1,6,14.47,1,0,60.75,0.17,0,0
tx_live_00003285,cust_002651,2548.28,15,online_retail,US,0,612,1124,2,5,84.06,1,0,113.08,6.0,0,0
tx_live_00003286,cust_005960,2385.87,16,fuel,US,0,964,900,0,4,8.0,1,0,40.86,6.0,0,0
tx_live_00003287,cust_009646,889.63,16,online_retail,US,0,717,1171,2,8,13.79,1,0,27.95,6.0,0,0
tx_live_00003288,cust_002588,1051.56,10,online_retail,US,0,649,1799,0,4,42.06,1,0,28.16,6.0,0,0
tx_live_00003289,cust_011743,1024.26,19,online_retail,US,0,189,1065,1,4,18.08,1,0,24.69,6.0,0,0
tx_live_00003290,cust_007398,202.05,15,travel,US,0,252,2836,0,6,53.85,1,1,98.59,2.049,0,0
tx_live_00003291,cust_009247,24.97,1,luxury,US,0,275,712,2,13,39.5,0,0,129.03,0.194,0,0
tx_live_00003292,cust_006955,1457.68,16,travel,US,0,450,1008,1,4,12.21,1,0,20.8,6.0,0,0
tx_live_00003293,cust_008946,136.89,1,groceries,CA,1,228,361,1,11,7.29,1,0,131.78,1.039,0,0
tx_live_00003294,cust_010196,32.82,22,luxury,US,0,110,792,0,9,25.33,1,0,179.91,0.182,0,0
tx_live_00003295,cust_004444,221.66,16,utilities,CA,1,464,680,2,11,6.06,1,0,19.97,11.097,0,0
tx_live_00003296,cust_007326,19.01,11,restaurants,US,0,297,675,3,5,91.49,1,0,58.85,0.323,0,0
tx_live_00003297,cust_009987,1718.86,10,online_retail,US,0,495,1725,1,4,3.47,1,0,30.71,6.0,0,0
tx_live_00003298,cust_009341,1755.78,12,electronics,US,0,246,1375,0,3,17.29,1,0,89.23,6.0,0,0
tx_live_00003299,cust_011503,4.69,9,utilities,US,0,384,907,2,7,27.57,0,1,34.37,0.136,0,0
tx_live_00003300,cust_000885,71.11,8,electronics,US,0,220,984,0,5,63.88,0,0,48.1,1.478,0,0
tx_live_00003301,cust_000868,2102.8,11,utilities,US,0,258,900,1,5,58.69,1,0,58.75,6.0,0,0
tx_live_00003302,cust_005874,761.08,19,electronics,US,0,261,1541,2,7,12.06,1,0,102.69,6.0,0,0
tx_live_00003303,cust_008660,561.74,20,utilities,US,0,120,1846,1,6,28.4,1,0,36.55,6.0,0,0
tx_live_00003304,cust_010573,1198.16,12,fuel,US,0,306,1888,0,5,19.24,1,0,36.68,6.0,0,0
tx_live_00003305,cust_002129,1496.45,14,restaurants,US,0,398,900,1,6,73.73,1,0,25.92,6.0,0,0
tx_live_00003306,cust_003008,997.48,19,groceries,US,0,606,1694,1,4,19.88,1,0,32.93,6.0,0,0
tx_live_00003307,cust_002749,3369.92,11,online_retail,US,0,168,1083,2,4,14.48,1,0,17.49,6.0,0,0
tx_live_00003308,cust_010566,897.95,11,groceries,US,0,207,1931,0,3,1.94,1,0,8.67,6.0,0,0
tx_live_00003309,cust_007000,73.3,1,restaurants,US,0,223,284,2,10,43.0,1,0,32.07,2.286,0,0
tx_live_00003310,cust_010090,1600.57,9,groceries,US,0,210,1604,0,2,75.73,1,0,35.13,6.0,0,0
tx_live_00003311,cust_001774,31.12,11,online_retail,US,0,254,774,3,9,17.56,1,0,60.78,0.512,0,0
tx_live_00003312,cust_000171,56.66,19,restaurants,US,0,575,1520,0,9,46.48,1,0,24.42,2.32,1,0
tx_live_00003313,cust_009102,973.33,12,luxury,US,0,189,900,0,3,18.76,1,0,50.2,6.0,0,0
tx_live_00003314,cust_003464,750.45,15,travel,US,0,120,2216,2,2,41.53,1,0,40.92,6.0,0,0
tx_live_00003315,cust_001456,1602.74,9,luxury,US,0,361,1045,3,5,19.32,1,0,23.34,6.0,0,0
tx_live_00003316,cust_004561,1061.37,16,groceries,US,0,120,1377,1,2,7.3,1,0,62.24,6.0,0,0
tx_live_00003317,cust_003031,119.98,22,fuel,US,0,538,1564,2,6,66.59,1,0,39.76,3.018,0,0
tx_live_00003318,cust_007188,1705.8,20,online_retail,US,0,360,900,3,5,17.31,1,0,56.84,6.0,0,0
tx_live_00003319,cust_010697,1561.39,13,groceries,US,0,247,923,0,3,3.27,1,0,181.15,6.0,0,0
tx_live_00003320,cust_007392,827.19,13,groceries,US,0,345,1989,1,4,13.81,1,0,92.06,6.0,0,0
tx_live_00003321,cust_009947,1833.52,16,online_retail,US,0,472,900,0,2,19.21,1,0,25.09,6.0,0,0
tx_live_00003322,cust_005135,940.94,11,groceries,US,0,393,1026,2,3,39.25,1,0,72.41,6.0,0,0
tx_live_00003323,cust_008880,111.38,10,fuel,US,0,305,948,1,10,68.57,0,0,22.17,5.023,1,0
tx_live_00003324,cust_010057,331.13,9,groceries,US,0,274,2189,1,5,9.44,1,0,15.86,20.872,0,0
tx_live_00003325,cust_001282,1586.83,15,travel,US,0,240,900,0,4,43.31,1,0,22.35,6.0,0,0
tx_live_00003326,cust_009802,1529.86,11,fuel,US,0,169,2554,0,2,30.51,1,0,41.12,6.0,0,0
tx_live_00003327,cust_010943,1130.43,16,groceries,US,0,280,1152,1,6,10.03,1,0,18.5,6.0,0,0
tx_live_00003328,cust_002667,1662.65,17,restaurants,US,0,263,2268,0,5,54.12,1,0,76.8,6.0,0,0
tx_live_00003329,cust_005003,2935.54,18,online_retail,US,0,136,991,0,2,2.09,1,0,168.82,6.0,0,0
tx_live_00003330,cust_006497,1345.43,10,fuel,US,0,251,900,1,8,88.64,1,0,19.04,6.0,0,0
tx_live_00003331,cust_009613,71.59,12,online_retail,US,0,786,1233,1,6,23.2,0,0,90.6,0.79,0,0
tx_live_00003332,cust_002854,746.92,16,travel,US,0,494,979,2,6,14.13,1,0,181.39,4.118,0,0
tx_live_00003333,cust_007127,1220.32,16,restaurants,US,0,653,1250,0,5,35.15,1,0,147.94,6.0,0,0
tx_live_00003334,cust_011546,1289.09,10,travel,US,0,814,1249,0,2,17.19,1,0,70.3,6.0,0,0
tx_live_00003335,cust_002725,69.59,5,restaurants,US,0,222,826,1,4,64.23,1,0,25.19,2.763,0,0
tx_live_00003336,cust_007524,1476.87,10,fuel,US,0,147,964,1,5,29.13,1,0,29.9,6.0,0,0
tx_live_00003337,cust_003035,3046.87,11,restaurants,US,0,177,1594,2,7,5.83,1,0,17.36,6.0,0,0
tx_live_00003338,cust_008062,164.31,12,utilities,US,0,54,810,1,5,26.95,0,1,52.72,3.117,0,0
tx_live_00003339,cust_005007,1694.32,15,online_retail,US,0,385,1546,1,4,17.3,1,0,19.05,6.0,0,0
tx_live_00003340,cust_002944,625.78,18,fuel,US,0,409,1887,1,5,5.24,1,0,30.52,6.0,0,0
tx_live_00003341,cust_007347,1679.76,17,electronics,US,0,132,1655,1,3,8.06,1,0,97.33,6.0,0,0
tx_live_00003342,cust_005271,56.8,6,groceries,CA,1,136,758,1,5,64.95,0,0,23.78,2.389,1,0
tx_live_00003343,cust_001458,13.25,20,travel,US,0,191,1735,4,7,28.65,1,1,66.66,0.199,0,0
tx_live_00003344,cust_004152,117.1,2,travel,MX,1,292,1216,0,4,78.27,1,1,47.64,2.458,0,0
tx_live_00003345,cust_009964,293.11,11,utilities,US,0,439,1904,3,8,32.02,1,0,78.23,3.747,0,0
tx_live_00003346,cust_004980,646.67,9,restaurants,US,0,654,1205,0,4,66.86,1,0,40.74,6.0,0,0
tx_live_00003347,cust_011211,1828.83,17,online_retail,US,0,356,1114,3,5,18.84,1,0,49.53,6.0,0,0
tx_live_00003348,cust_003973,50.92,1,online_retail,US,0,261,1268,3,8,51.11,1,0,75.1,0.678,1,0
tx_live_00003349,cust_008023,20.76,3,fuel,US,0,183,582,0,9,153.22,0,0,89.19,0.233,0,0
tx_live_00003350,cust_000603,734.41,12,electronics,US,0,248,900,2,5,10.67,1,0,53.57,6.0,0,0
tx_live_00003351,cust_004970,17.52,1,online_retail,US,0,298,1694,1,8,58.2,0,0,60.3,0.291,0,0
tx_live_00003352,cust_008739,5133.98,15,groceries,US,0,479,2215,2,5,13.7,1,0,52.9,6.0,0,0
tx_live_00003353,cust_002419,48.09,5,online_retail,JP,1,261,1268,0,11,44.0,0,0,235.31,0.204,0,0
tx_live_00003354,cust_002762,1261.74,17,fuel,US,0,163,2284,1,4,13.75,1,0,134.63,6.0,0,0
tx_live_00003355,cust_011550,339.49,21,travel,US,0,336,1572,1,7,58.55,0,0,62.8,5.406,0,0
tx_live_00003356,cust_011038,376.47,11,online_retail,US,0,174,590,0,5,20.15,1,0,165.97,2.268,0,0
tx_live_00003357,cust_000977,48.61,16,utilities,CA,1,609,1028,3,6,52.14,0,0,52.92,0.919,0,0
tx_live_00003358,cust_007298,261.25,16,online_retail,GB,1,424,1509,4,9,17.71,0,0,52.09,5.016,0,1
tx_live_00003359,cust_005771,91.76,13,electronics,DE,1,277,968,1,9,10.69,1,1,50.99,1.8,0,0
tx_live_00003360,cust_002210,778.66,20,online_retail,US,0,120,900,0,4,28.74,1,0,74.66,6.0,0,0
tx_live_00003361,cust_002874,132.18,3,fuel,US,0,574,1007,2,7,41.52,0,0,25.0,5.288,0,0
tx_live_00003362,cust_006727,1453.33,20,restaurants,US,0,418,2769,0,5,7.33,1,0,38.78,6.0,0,0
tx_live_00003363,cust_011335,108.43,22,restaurants,US,0,207,2495,4,10,130.15,1,0,34.43,3.149,1,0
tx_live_00003364,cust_007034,66.53,17,online_retail,US,0,379,409,4,7,21.6,1,1,114.72,0.58,0,0
tx_live_00003365,cust_000023,977.01,11,electronics,US,0,385,971,2,6,5.25,1,0,73.73,6.0,0,0
tx_live_00003366,cust_002737,1284.64,20,online_retail,US,0,188,900,2,3,10.32,1,0,38.78,6.0,0,0
tx_live_00003367,cust_000145,37.98,19,online_retail,CA,1,656,2058,0,6,6.36,0,0,44.57,0.852,0,0
tx_live_00003368,cust_000680,932.34,11,restaurants,US,0,126,1025,3,8,27.65,1,0,64.76,6.0,0,0
tx_live_00003369,cust_009820,44.37,20,online_retail,US,0,281,832,2,6,110.64,0,0,36.69,1.209,0,0
tx_live_00003370,cust_008286,9.8,15,groceries,US,0,433,1739,3,14,113.74,0,2,27.67,0.354,0,0
tx_live_00003371,cust_009989,981.99,20,luxury,US,0,195,1024,2,8,16.5,1,0,19.01,6.0,0,0
tx_live_00003372,cust_005823,2009.18,9,online_retail,US,0,165,1484,2,7,68.57,1,0,38.6,6.0,0,0
tx_live_00003373,cust_001307,238.44,21,restaurants,US,0,181,1466,3,6,61.22,0,0,129.06,1.847,0,0
tx_live_00003374,cust_001520,43.24,22,fuel,CA,1,343,896,0,2,91.28,1,1,31.05,1.393,0,0
tx_live_00003375,cust_002629,1549.06,12,travel,US,0,503,1438,0,3,16.37,1,0,23.31,6.0,0,0
tx_live_00003376,cust_011921,7.76,22,fuel,GB,1,379,1967,1,8,34.43,1,0,52.9,0.147,0,0
tx_live_00003377,cust_003948,1699.07,11,restaurants,US,0,684,900,0,7,16.12,1,0,6.54,6.0,0,0
tx_live_00003378,cust_003640,32.7,12,groceries,US,0,220,905,0,7,19.21,0,1,70.78,0.462,0,0
tx_live_00003379,cust_006798,52.98,15,electronics,US,0,188,962,0,10,28.47,1,0,11.7,4.527,0,0
tx_live_00003380,cust_006205,398.29,0,restaurants,CA,1,540,493,3,5,18.57,1,0,23.12,17.225,0,1
tx_live_00003381,cust_011097,1569.42,20,online_retail,US,0,359,1257,1,3,30.31,1,0,24.07,6.0,0,0
tx_live_00003382,cust_005997,1761.18,16,restaurants,US,0,301,1201,2,8,7.07,1,0,31.52,6.0,0,0
tx_live_00003383,cust_006460,66.6,19,online_retail,US,0,158,1038,1,7,34.32,0,1,84.65,0.787,0,0
tx_live_00003384,cust_006033,1687.81,10,fuel,US,0,469,2465,0,6,22.94,1,0,36.76,6.0,0,0
tx_live_00003385,cust_007530,548.39,15,fuel,US,0,246,1585,2,6,12.85,1,0,122.71,4.469,0,0
tx_live_00003386,cust_008412,2628.93,20,utilities,US,0,120,900,0,10,8.11,1,0,8.11,6.0,0,0
tx_live_00003387,cust_008936,2068.13,19,fuel,US,0,296,900,1,2,8.67,1,0,45.36,6.0,0,0
tx_live_00003388,cust_005776,662.16,18,electronics,US,0,341,1587,1,8,40.13,1,0,53.03,6.0,0,0
tx_live_00003389,cust_011275,119.92,5,restaurants,US,0,300,1847,1,4,62.27,0,1,89.08,1.346,0,0
tx_live_00003390,cust_007679,1136.79,12,travel,US,0,293,1170,1,3,28.17,1,0,220.52,5.155,0,0
tx_live_00003391,cust_008568,978.47,16,restaurants,US,0,272,1568,2,10,15.39,1,0,11.25,6.0,0,0
tx_live_00003392,cust_010006,95.08,3,fuel,US,0,78,2086,1,3,86.5,1,0,26.79,3.548,0,0
tx_live_00003393,cust_011524,45.58,9,travel,US,0,138,3612,2,8,144.09,1,0,59.0,0.773,0,0
tx_live_00003394,cust_005073,692.23,15,luxury,US,0,509,1124,1,8,57.5,1,0,5.0,6.0,0,0
tx_live_00003395,cust_011794,1011.84,18,electronics,US,0,353,900,2,4,8.09,1,0,67.67,6.0,0,0
tx_live_00003396,cust_011789,887.18,12,groceries,US,0,200,916,0,3,4.86,1,0,50.68,6.0,0,0
tx_live_00003397,cust_011616,992.3,10,fuel,US,0,447,2682,2,4,2.23,1,0,60.1,6.0,0,0
tx_live_00003398,cust_000214,31.63,14,groceries,US,0,197,841,2,11,57.29,1,1,48.96,0.646,0,0
tx_live_00003399,cust_009829,33.1,11,travel,CA,1,414,1234,2,12,19.62,1,0,10.02,3.304,0,0
tx_live_00003400,cust_004134,50.4,12,electronics,US,0,383,1031,2,6,43.27,1,0,19.43,2.594,0,0
tx_live_00003401,cust_011320,185.51,5,luxury,GB,1,568,2416,2,11,78.0,0,4,22.03,8.422,0,1
tx_live_00003402,cust_000679,284.12,18,fuel,US,0,442,1861,1,8,10.17,0,0,46.8,6.071,0,0
tx_live_00003403,cust_006071,3000.12,11,online_retail,US,0,120,900,2,5,23.04,1,0,65.01,6.0,0,0
tx_live_00003404,cust_001854,973.67,9,fuel,US,0,716,900,1,4,7.29,1,0,88.57,6.0,0,0
tx_live_00003405,cust_010656,200.98,11,travel,GB,1,512,1390,1,4,41.62,0,0,57.46,3.497,0,0
tx_live_00003406,cust_008090,1601.09,20,fuel,US,0,327,1733,1,5,19.23,1,0,33.0,6.0,0,0
tx_live_00003407,cust_003454,132.87,20,online_retail,JP,1,131,1068,3,7,40.53,1,1,32.66,4.068,0,1
tx_live_00003408,cust_000948,1681.8,11,online_retail,US,0,593,900,2,3,16.74,1,0,7.8,6.0,0,0
tx_live_00003409,cust_001746,54.57,1,online_retail,US,0,768,1161,1,11,6.61,1,1,57.48,0.949,0,0
tx_live_00003410,cust_001610,228.54,2,utilities,US,0,289,1886,1,9,56.75,0,0,146.42,1.561,0,0
tx_live_00003411,cust_003445,32.78,23,fuel,US,0,362,1684,0,5,88.79,1,0,24.84,1.32,1,0
tx_live_00003412,cust_010896,3479.98,18,groceries,US,0,153,1470,3,8,12.54,1,0,56.69,6.0,0,0
tx_live_00003413,cust_009459,1484.74,10,fuel,US,0,932,1243,0,5,19.6,1,0,49.06,6.0,0,0
tx_live_00003414,cust_004197,11.55,0,electronics,US,0,412,1449,1,7,74.62,1,0,9.08,1.271,0,0
tx_live_00003415,cust_009684,146.21,10,utilities,US,0,396,847,1,7,30.65,1,1,58.74,2.489,0,0
tx_live_00003416,cust_007402,31.28,15,electronics,FR,1,259,829,2,7,89.93,1,0,17.16,1.823,1,0
tx_live_00003417,cust_005275,2078.51,13,fuel,US,0,510,1073,1,7,3.0,1,0,43.3,6.0,0,0
tx_live_00003418,cust_003958,3257.8,17,groceries,US,0,155,900,1,7,12.61,1,0,92.98,6.0,0,0
tx_live_00003419,cust_007229,2506.26,12,groceries,US,0,615,2440,1,7,18.5,1,0,72.07,6.0,0,0
tx_live_00003420,cust_007675,227.82,19,fuel,US,0,373,1329,3,13,74.43,1,0,162.78,1.4,0,0
tx_live_00003421,cust_010973,26.98,23,travel,JP,1,465,740,0,7,84.42,1,1,75.53,0.357,0,0
tx_live_00003422,cust_005285,1397.58,14,electronics,US,0,120,3272,0,5,37.26,1,0,100.63,6.0,0,0
tx_live_00003423,cust_008633,15.99,17,electronics,US,0,131,814,0,7,17.45,0,0,69.71,0.229,0,0
tx_live_00003424,cust_003815,1362.31,13,online_retail,US,0,1035,900,1,3,2.01,1,0,25.24,6.0,0,0
tx_live_00003425,cust_002193,75.78,22,groceries,CA,1,1071,629,2,9,31.75,1,0,26.97,2.81,0,0
tx_live_00003426,cust_009218,3452.78,17,luxury,US,0,401,900,0,7,20.5,1,0,26.04,6.0,0,0
tx_live_00003427,cust_005907,60.78,11,online_retail,US,0,286,903,3,10,26.35,1,0,156.98,0.387,0,0
tx_live_00003428,cust_011871,72.47,6,groceries,US,0,436,1109,3,8,19.26,0,0,129.83,0.558,0,0
tx_live_00003429,cust_008918,1523.47,19,restaurants,US,0,163,900,1,7,9.45,1,0,73.06,6.0,0,0
tx_live_00003430,cust_005245,43.6,13,online_retail,US,0,407,1783,0,7,99.21,1,1,84.58,0.516,0,0
tx_live_00003431,cust_002434,1746.27,15,electronics,US,0,449,1157,1,5,14.57,1,0,39.1,6.0,0,0
tx_live_00003432,cust_000071,2135.66,12,fuel,US,0,836,960,1,7,21.02,1,0,41.92,6.0,0,0
tx_live_00003433,cust_003339,1170.77,19,luxury,US,0,138,1190,0,1,13.46,1,0,32.65,6.0,0,0
tx_live_00003434,cust_011049,94.41,18,travel,US,0,107,912,1,6,135.79,1,0,50.56,1.867,0,0
tx_live_00003435,cust_001464,1624.98,16,restaurants,US,0,257,1138,0,5,14.22,1,0,48.25,6.0,0,0
tx_live_00003436,cust_011237,160.2,4,online_retail,US,0,429,218,4,14,22.95,1,0,62.93,2.546,0,0
tx_live_00003437,cust_010743,31.64,3,online_retail,MX,1,252,961,3,9,7.16,1,0,39.25,0.806,0,0
tx_live_00003438,cust_006634,30.21,17,restaurants,US,0,556,3275,3,13,104.04,0,0,113.66,0.266,0,0
tx_live_00003439,cust_009503,21.54,6,online_retail,CA,1,236,1096,1,7,19.04,0,0,85.56,0.252,0,0
tx_live_00003440,cust_010922,32.87,18,restaurants,US,0,1036,682,1,12,27.26,1,0,40.07,0.82,0,0
tx_live_00003441,cust_003702,42.95,2,restaurants,US,0,433,1310,1,5,15.67,1,0,36.76,1.168,0,0
tx_live_00003442,cust_004654,946.07,13,travel,US,0,398,900,2,5,1.65,1,0,42.15,6.0,0,0
tx_live_00003443,cust_002034,1895.54,16,groceries,US,0,120,1264,1,9,53.61,1,0,56.71,6.0,0,0
tx_live_00003444,cust_007132,1068.76,14,fuel,US,0,487,1756,1,6,28.39,1,0,20.04,6.0,0,0
tx_live_00003445,cust_003841,35.39,11,restaurants,CA,1,293,328,2,8,104.72,1,0,33.49,1.057,0,0
tx_live_00003446,cust_007268,184.81,15,electronics,US,0,283,2624,1,8,47.25,1,0,51.6,3.581,0,0
tx_live_00003447,cust_004306,699.29,15,groceries,US,0,279,1991,0,7,30.56,1,0,87.61,6.0,0,0
tx_live_00003448,cust_010565,601.28,14,restaurants,US,0,179,1696,3,7,65.64,1,0,46.69,6.0,0,0
tx_live_00003449,cust_005024,43.07,23,electronics,US,0,94,984,1,4,129.37,1,0,139.21,0.309,0,0
tx_live_00003450,cust_009286,833.63,15,luxury,US,0,407,2175,1,1,10.67,1,0,35.52,6.0,0,0
tx_live_00003451,cust_001433,86.8,12,groceries,US,0,297,1650,1,7,94.28,1,1,137.46,0.631,0,0
tx_live_00003452,cust_011357,2045.32,20,restaurants,US,0,198,900,1,7,10.14,1,0,36.59,6.0,0,0
tx_live_00003453,cust_000995,26.8,5,fuel,US,0,334,1899,2,8,35.43,0,0,46.13,0.581,0,0
tx_live_00003454,cust_009353,68.35,23,online_retail,US,0,107,854,2,10,85.52,1,0,33.44,2.044,0,0
tx_live_00003455,cust_006757,1247.0,10,restaurants,US,0,120,1257,2,6,42.14,1,0,63.36,6.0,0,0
tx_live_00003456,cust_007460,169.04,1,online_retail,US,0,469,1123,3,7,58.89,1,0,13.59,12.44,0,0
tx_live_00003457,cust_003173,2055.66,18,travel,US,0,153,2289,0,1,9.7,1,0,60.98,6.0,0,0
tx_live_00003458,cust_000555,38.93,21,electronics,US,0,606,801,3,12,79.1,0,0,36.24,1.074,0,0
tx_live_00003459,cust_001533,33.85,19,fuel,FR,1,455,2325,0,6,150.31,0,0,72.62,0.466,0,0
tx_live_00003460,cust_001098,105.62,0,fuel,US,0,141,1433,2,5,60.55,1,0,27.74,3.807,0,0
tx_live_00003461,cust_009192,1193.11,11,electronics,US,0,195,900,2,6,10.97,1,0,121.31,6.0,0,0
tx_live_00003462,cust_010705,1356.58,12,restaurants,US,0,393,990,0,3,12.55,1,0,25.37,6.0,0,0
tx_live_00003463,cust_009889,1378.84,12,utilities,US,0,241,963,1,5,19.51,1,0,142.64,6.0,0,0
tx_live_00003464,cust_003614,46.56,9,online_retail,US,0,741,1298,0,9,35.65,1,0,11.78,3.951,0,0
tx_live_00003465,cust_000169,1413.04,11,luxury,US,0,377,942,3,8,25.52,1,0,55.84,6.0,0,0
tx_live_00003466,cust_002504,23.7,22,online_retail,US,0,225,855,2,10,63.59,0,1,24.83,0.955,0,0
tx_live_00003467,cust_007874,100.61,8,restaurants,US,0,330,1414,1,9,40.9,0,1,97.51,1.032,0,0
tx_live_00003468,cust_006106,985.23,16,online_retail,US,0,367,1155,1,5,21.75,1,0,38.66,6.0,0,0
tx_live_00003469,cust_007120,1710.94,13,electronics,US,0,399,2338,1,4,12.17,1,0,20.61,6.0,0,0
tx_live_00003470,cust_010951,1627.31,13,online_retail,US,0,345,1512,0,5,0.77,1,0,63.6,6.0,0,0
tx_live_00003471,cust_005245,29.68,17,online_retail,FR,1,282,1310,3,6,63.19,1,0,76.19,0.39,0,0
tx_live_00003472,cust_011777,1444.07,18,fuel,US,0,150,1415,1,5,5.46,1,0,9.56,6.0,0,0
tx_live_00003473,cust_010081,135.57,15,online_retail,DE,1,113,1512,3,6,7.16,1,0,41.55,3.263,0,0
tx_live_00003474,cust_004019,106.74,7,fuel,DE,1,207,1545,0,6,30.07,1,0,12.65,8.438,1,0
tx_live_00003475,cust_000926,939.71,15,groceries,US,0,780,1213,0,3,8.88,1,0,199.61,4.708,0,0
tx_live_00003476,cust_007635,75.03,10,groceries,US,0,287,703,0,5,77.95,1,0,122.6,0.612,1,0
tx_live_00003477,cust_005968,20.9,7,travel,US,0,401,923,2,11,67.76,1,0,27.17,0.769,0,0
tx_live_00003478,cust_001422,53.67,12,fuel,US,0,394,719,1,7,59.26,1,0,38.1,1.409,0,0
tx_live_00003479,cust_002391,15.7,4,fuel,US,0,176,920,2,13,58.09,0,2,18.74,0.838,0,0
tx_live_00003480,cust_004170,441.88,5,fuel,US,0,187,1202,2,5,100.76,0,0,43.79,10.092,0,0
tx_live_00003481,cust_003588,3441.88,12,online_retail,US,0,464,1053,0,8,6.48,1,0,46.49,6.0,0,0
tx_live_00003482,cust_000507,974.41,13,electronics,US,0,254,989,1,9,1.82,1,0,49.91,6.0,0,0
tx_live_00003483,cust_009669,1426.77,13,utilities,US,0,572,2140,1,5,38.4,1,0,39.9,6.0,0,0
tx_live_00003484,cust_002031,33.87,18,restaurants,US,0,124,1219,4,8,25.26,0,0,30.15,1.123,0,0
tx_live_00003485,cust_003018,996.98,18,fuel,US,0,275,1863,3,6,96.73,1,0,58.05,6.0,0,0
tx_live_00003486,cust_003281,682.03,18,restaurants,US,0,405,900,0,2,42.65,1,0,25.52,6.0,0,0
tx_live_00003487,cust_005573,37.99,14,restaurants,GB,1,220,1586,1,5,88.48,0,1,114.21,0.333,0,0
tx_live_00003488,cust_000414,237.44,21,groceries,US,0,242,2680,0,7,18.09,1,0,33.39,7.112,0,0
tx_live_00003489,cust_010086,12.28,2,groceries,US,0,200,1279,1,7,12.35,0,0,41.43,0.296,0,0
tx_live_00003490,cust_009179,1912.73,13,groceries,US,0,338,1222,3,7,3.63,1,0,133.61,6.0,0,0
tx_live_00003491,cust_001029,129.53,0,groceries,US,0,225,1437,1,11,43.19,1,0,47.24,2.742,0,0
tx_live_00003492,cust_010378,786.95,17,electronics,US,0,509,900,1,7,26.06,1,0,54.42,6.0,0,0
tx_live_00003493,cust_000240,103.4,19,online_retail,CA,1,207,649,0,10,60.44,0,0,110.98,0.932,1,0
tx_live_00003494,cust_002620,197.24,22,online_retail,US,0,121,1097,1,9,106.28,0,0,40.92,4.821,0,0
tx_live_00003495,cust_000883,1796.28,12,online_retail,US,0,449,900,1,8,15.2,1,0,86.22,6.0,0,0
tx_live_00003496,cust_004143,331.29,23,restaurants,US,0,346,981,2,4,43.51,1,0,26.1,12.692,0,0
tx_live_00003497,cust_005230,33.33,2,online_retail,US,0,220,1504,1,8,69.37,1,0,86.06,0.387,0,0
tx_live_00003498,cust_009010,17.14,7,groceries,US,0,249,1476,1,7,17.37,1,0,59.52,0.288,1,0
tx_live_00003499,cust_009377,3211.48,12,online_retail,US,0,130,900,1,5,27.78,1,0,40.61,6.0,0,0
tx_live_00003500,cust_003857,1554.69,15,online_retail,US,0,213,3075,0,1,1.96,1,0,41.43,6.0,0,0
tx_live_00003501,cust_002449,1432.74,19,groceries,US,0,463,1383,1,7,6.63,1,0,68.85,6.0,0,0
tx_live_00003502,cust_003930,210.35,14,restaurants,US,0,72,1060,1,3,65.42,0,0,28.89,7.281,0,0
tx_live_00003503,cust_002575,1114.48,14,fuel,US,0,221,1696,3,3,28.56,1,0,38.26,6.0,0,0
tx_live_00003504,cust_006187,89.7,2,online_retail,GB,1,321,1343,1,5,88.61,1,0,25.3,3.546,0,0
tx_live_00003505,cust_003095,1448.5,18,groceries,US,0,169,1955,1,3,18.68,1,0,67.91,6.0,0,0
tx_live_00003506,cust_003847,1621.19,19,groceries,US,0,268,1539,0,6,48.04,1,0,9.72,6.0,0,0
tx_live_00003507,cust_001074,265.9,16,fuel,US,0,351,3337,1,5,64.34,0,0,63.1,4.214,1,0
tx_live_00003508,cust_003180,2300.69,20,travel,US,0,450,1331,1,5,25.09,1,0,18.09,6.0,0,0
tx_live_00003509,cust_011169,886.57,19,restaurants,US,0,521,2220,0,2,29.82,1,0,17.97,6.0,0,0
tx_live_00003510,cust_010989,173.48,3,restaurants,US,0,236,2422,3,12,65.62,1,1,12.38,14.014,0,1
tx_live_00003511,cust_008846,75.12,19,fuel,CA,1,157,885,0,4,40.37,0,0,64.66,1.162,0,0
tx_live_00003512,cust_003905,3.45,5,travel,US,0,189,888,2,11,23.71,0,0,71.37,0.05,0,0
tx_live_00003513,cust_011903,79.98,14,fuel,US,0,519,993,3,16,52.2,0,0,23.39,3.419,0,0
tx_live_00003514,cust_000698,1401.12,20,groceries,US,0,322,1307,2,3,8.57,1,0,65.29,6.0,0,0
tx_live_00003515,cust_006961,12.8,22,groceries,US,0,18,1232,2,9,8.5,0,0,66.14,0.194,0,0
tx_live_00003516,cust_005233,60.53,9,electronics,US,0,107,1448,2,6,137.66,1,0,38.08,1.589,1,0
tx_live_00003517,cust_008159,1311.56,13,restaurants,US,0,640,1929,0,2,27.42,1,0,22.19,6.0,0,0
tx_live_00003518,cust_006002,16.24,15,groceries,US,0,230,703,0,4,24.56,0,1,89.27,0.182,0,0
tx_live_00003519,cust_003723,1231.46,14,groceries,US,0,407,1663,1,8,10.95,1,0,18.2,6.0,0,0
tx_live_00003520,cust_005291,19.19,0,electronics,US,0,227,697,4,10,8.76,1,0,43.54,0.441,0,0
tx_live_00003521,cust_009653,1740.98,12,online_retail,US,0,321,900,2,7,10.06,1,0,40.47,6.0,0,0
tx_live_00003522,cust_009620,591.26,11,restaurants,US,0,294,1573,0,4,2.03,1,0,34.03,6.0,0,0
tx_live_00003523,cust_004618,2935.13,20,online_retail,US,0,303,1724,0,6,18.09,1,0,53.95,6.0,0,0
tx_live_00003524,cust_000082,1411.75,13,electronics,US,0,516,1039,0,4,9.19,1,0,33.07,6.0,0,0
tx_live_00003525,cust_001195,215.2,19,luxury,US,0,459,558,1,9,26.67,1,0,31.73,6.782,0,0
tx_live_00003526,cust_011890,90.71,21,restaurants,CA,1,123,1757,0,4,54.4,1,0,101.16,0.897,0,0
tx_live_00003527,cust_000901,66.12,13,fuel,CA,1,207,795,1,11,96.54,1,0,125.68,0.526,0,0
tx_live_00003528,cust_008115,255.85,2,electronics,US,0,355,822,4,14,8.89,0,0,176.75,1.448,0,0
tx_live_00003529,cust_008231,102.27,3,travel,US,0,566,1036,1,9,50.21,1,1,22.9,4.465,0,0
tx_live_00003530,cust_008915,119.28,5,travel,US,0,121,488,2,8,131.59,0,1,60.85,1.96,0,0
tx_live_00003531,cust_001702,1151.42,19,groceries,US,0,499,900,1,5,23.8,1,0,72.64,6.0,0,0
tx_live_00003532,cust_011851,1090.75,15,utilities,US,0,348,2514,0,2,6.94,1,0,110.71,6.0,0,0
tx_live_00003533,cust_006108,30.86,8,travel,US,0,207,1600,1,7,5.8,1,0,42.17,0.732,0,0
tx_live_00003534,cust_003195,322.53,15,electronics,CA,1,199,569,0,2,59.72,1,1,16.99,18.987,0,1
tx_live_00003535,cust_009600,1267.17,13,electronics,US,0,275,900,1,4,6.63,1,0,105.42,6.0,0,0
tx_live_00003536,cust_004223,1333.01,11,travel,US,0,120,900,1,3,24.75,1,0,81.81,6.0,0,0
tx_live_00003537,cust_006173,34.69,17,groceries,CA,1,794,2186,1,5,23.4,1,0,15.0,2.313,0,0
tx_live_00003538,cust_008259,608.82,20,fuel,US,0,120,1816,0,6,78.07,1,0,47.44,6.0,0,0
tx_live_00003539,cust_008798,858.39,16,online_retail,US,0,287,1452,2,10,43.06,1,0,52.01,6.0,0,0
tx_live_00003540,cust_006866,22.11,12,luxury,US,0,119,2125,1,10,94.87,1,0,23.94,0.924,0,0
tx_live_00003541,cust_002858,65.11,21,groceries,CA,1,326,972,1,5,92.23,1,0,26.22,2.483,0,0
tx_live_00003542,cust_001078,80.41,19,restaurants,US,0,561,2052,2,7,71.24,1,0,28.79,2.793,0,0
tx_live_00003543,cust_002108,16.93,6,online_retail,US,0,131,897,0,6,42.73,0,0,60.02,0.282,0,0
tx_live_00003544,cust_006597,11.16,15,luxury,US,0,234,1025,1,7,29.58,1,0,64.14,0.174,0,0
tx_live_00003545,cust_002436,132.5,1,groceries,MX,1,585,1500,1,9,14.07,1,0,29.1,4.553,0,0
tx_live_00003546,cust_010246,127.74,2,electronics,US,0,194,1361,2,7,34.61,1,1,76.89,1.661,0,0
tx_live_00003547,cust_000448,806.85,19,groceries,US,0,201,1178,1,4,10.81,1,0,42.74,6.0,0,0
tx_live_00003548,cust_000347,1372.06,20,fuel,US,0,386,900,2,6,11.08,1,0,32.66,6.0,0,0
tx_live_00003549,cust_001653,204.3,20,travel,US,0,397,1295,2,14,34.51,0,0,24.44,8.36,0,0
tx_live_00003550,cust_000892,870.34,11,electronics,US,0,228,900,0,3,51.51,1,0,50.44,6.0,0,0
tx_live_00003551,cust_009274,148.76,3,fuel,CA,1,285,285,0,4,128.64,1,2,92.46,1.609,0,1
tx_live_00003552,cust_005436,67.82,0,fuel,MX,1,880,2829,3,11,112.77,1,0,120.89,0.561,0,0
tx_live_00003553,cust_009078,1118.86,13,online_retail,US,0,275,1097,1,6,9.85,1,0,16.4,6.0,0,0
tx_live_00003554,cust_001838,124.93,15,fuel,US,0,295,456,3,9,40.0,1,0,70.81,1.764,0,0
tx_live_00003555,cust_007634,174.67,18,restaurants,DE,1,637,1085,0,8,39.04,0,0,40.52,4.311,0,0
tx_live_00003556,cust_004296,1415.64,11,luxury,US,0,201,1437,0,3,56.22,1,0,45.39,6.0,0,0
tx_live_00003557,cust_009385,103.17,11,restaurants,MX,1,206,1814,3,11,32.31,1,0,62.95,1.639,0,0
tx_live_00003558,cust_003961,123.1,4,groceries,BR,1,401,1928,2,9,4.2,1,0,136.45,0.902,0,0
tx_live_00003559,cust_006099,1149.05,14,restaurants,US,0,225,1369,2,7,10.04,1,0,159.52,6.0,0,0
tx_live_00003560,cust_002805,91.17,1,restaurants,US,0,460,1175,2,8,108.74,1,0,32.29,2.824,0,0
tx_live_00003561,cust_004315,34.88,6,travel,CA,1,547,1390,2,8,108.78,0,0,26.16,1.334,0,0
tx_live_00003562,cust_001205,58.93,7,groceries,DE,1,83,809,2,7,12.83,0,0,25.51,2.31,0,0
tx_live_00003563,cust_006338,67.56,20,groceries,US,0,172,651,1,5,26.83,1,0,26.9,2.511,0,0
tx_live_00003564,cust_000591,945.95,15,groceries,US,0,305,2236,2,5,13.36,1,0,122.99,6.0,0,0
tx_live_00003565,cust_004386,26.69,4,electronics,US,0,907,1327,2,5,64.19,1,0,10.71,2.491,0,0
tx_live_00003566,cust_010889,542.24,17,restaurants,US,0,502,2533,1,7,45.17,1,0,73.97,6.0,0,0
tx_live_00003567,cust_006007,2425.43,16,utilities,US,0,439,2252,0,5,31.75,1,0,59.4,6.0,0,0
tx_live_00003568,cust_000225,2894.82,10,online_retail,US,0,390,900,0,7,35.26,1,0,41.03,6.0,0,0
tx_live_00003569,cust_000300,538.88,8,groceries,US,0,423,1207,1,5,51.01,0,1,16.4,32.861,0,0
tx_live_00003570,cust_004110,870.19,11,travel,US,0,120,963,2,10,22.01,1,0,23.79,6.0,0,0
tx_live_00003571,cust_002577,1297.64,16,groceries,US,0,365,900,1,4,30.37,1,0,17.72,6.0,0,0
tx_live_00003572,cust_009729,1146.53,17,travel,US,0,634,900,0,2,16.46,1,0,66.94,6.0,0,0
tx_live_00003573,cust_001984,30.23,19,electronics,US,0,483,1091,0,2,25.69,1,2,135.8,0.223,0,0
tx_live_00003574,cust_002260,1308.27,18,fuel,US,0,424,1468,2,5,17.73,1,0,17.41,6.0,0,0
tx_live_00003575,cust_004025,65.38,18,groceries,US,0,280,1163,1,7,12.99,1,1,57.01,1.147,0,0
tx_live_00003576,cust_009996,1430.93,13,luxury,US,0,120,900,0,3,23.74,1,0,32.15,6.0,0,0
tx_live_00003577,cust_001269,2311.39,19,groceries,US,0,387,1050,0,4,1.9,1,0,85.07,6.0,0,0
tx_live_00003578,cust_004750,7.4,16,online_retail,US,0,297,2286,2,3,11.25,1,0,38.61,0.192,0,0
tx_live_00003579,cust_003246,1076.71,20,online_retail,US,0,120,900,3,8,13.65,1,0,72.02,6.0,0,0
tx_live_00003580,cust_009968,206.56,21,travel,US,0,422,451,2,8,32.16,0,0,58.18,3.55,0,0
tx_live_00003581,cust_000318,3919.5,9,groceries,US,0,391,1970,1,4,14.04,1,0,241.08,6.0,0,0
tx_live_00003582,cust_007105,36.35,13,restaurants,CA,1,706,510,2,7,36.78,1,0,104.14,0.349,1,0
tx_live_00003583,cust_008283,38.01,16,electronics,US,0,352,408,1,7,69.63,0,0,75.82,0.501,0,0
tx_live_00003584,cust_001481,1566.93,17,fuel,US,0,570,1321,1,3,57.28,1,0,183.79,6.0,0,0
tx_live_00003585,cust_002639,54.37,20,utilities,US,0,233,810,0,14,42.4,1,0,62.66,0.868,0,0
tx_live_00003586,cust_001677,1056.5,19,fuel,US,0,404,900,1,4,1.75,1,0,39.82,6.0,0,0
tx_live_00003587,cust_009633,1530.46,15,travel,US,0,120,900,1,4,37.87,1,0,176.54,6.0,0,0
tx_live_00003588,cust_009338,1243.62,17,electronics,US,0,279,900,1,2,18.27,1,0,118.32,6.0,0,0
tx_live_00003589,cust_009558,108.94,2,fuel,US,0,235,640,0,4,19.31,1,0,25.08,4.344,1,0
tx_live_00003590,cust_004782,529.92,18,restaurants,US,0,635,3723,1,10,18.58,1,0,26.34,20.116,0,0
tx_live_00003591,cust_003957,328.86,18,restaurants,MX,1,170,258,2,12,31.89,0,1,24.2,13.588,0,1
tx_live_00003592,cust_006456,636.58,15,groceries,US,0,120,1785,0,6,39.35,1,0,76.85,6.0,0,0
tx_live_00003593,cust_002200,96.91,7,groceries,DE,1,403,481,1,8,170.02,0,0,48.42,2.002,0,0
tx_live_00003594,cust_001096,625.19,11,groceries,US,0,483,900,1,5,9.47,1,0,13.62,6.0,0,0
tx_live_00003595,cust_008994,131.85,3,utilities,US,0,497,2383,3,10,12.35,0,0,85.01,1.551,0,0
tx_live_00003596,cust_003263,1330.61,20,electronics,US,0,261,900,1,4,3.56,1,0,81.46,6.0,0,0
tx_live_00003597,cust_009133,1950.65,10,restaurants,US,0,350,3335,1,5,3.82,1,0,19.3,6.0,0,0
tx_live_00003598,cust_008581,193.42,9,groceries,US,0,228,1241,2,12,19.81,0,0,42.75,4.525,0,0
tx_live_00003599,cust_005920,1571.59,18,fuel,US,0,135,1257,0,6,37.32,1,0,21.27,6.0,0,0
tx_live_00003600,cust_008348,186.49,2,online_retail,US,0,206,3155,4,12,120.83,0,0,34.9,5.343,0,1
tx_live_00003601,cust_011218,51.42,15,online_retail,US,0,76,1040,2,4,152.17,0,1,39.47,1.303,0,0
tx_live_00003602,cust_004261,81.71,23,online_retail,US,0,115,1494,1,8,106.13,1,0,5.52,14.794,0,0
tx_live_00003603,cust_003491,1121.48,14,fuel,US,0,216,900,0,8,31.77,1,0,33.44,6.0,0,0
tx_live_00003604,cust_005071,1840.1,9,restaurants,US,0,309,900,1,7,31.66,1,0,35.56,6.0,0,0
tx_live_00003605,cust_002432,1784.9,20,groceries,US,0,120,1057,0,1,33.06,1,0,57.35,6.0,0,0
tx_live_00003606,cust_011401,340.55,2,travel,CA,1,259,1368,2,7,49.18,1,1,89.29,3.814,0,0
tx_live_00003607,cust_011180,5.8,7,travel,US,0,340,923,0,8,148.42,1,0,38.07,0.152,0,0
tx_live_00003608,cust_000063,1222.65,14,electronics,US,0,120,1747,0,2,9.25,1,0,44.73,6.0,0,0
tx_live_00003609,cust_011200,1287.54,10,utilities,US,0,405,900,0,7,11.42,1,0,22.45,6.0,0,0
tx_live_00003610,cust_010972,1935.27,18,fuel,US,0,283,900,1,3,17.64,1,0,37.96,6.0,0,0
tx_live_00003611,cust_002580,1548.86,18,online_retail,US,0,369,900,1,8,1.28,1,0,95.74,6.0,0,0
tx_live_00003612,cust_002135,437.23,10,online_retail,US,0,352,1881,0,4,4.75,1,0,17.51,6.0,0,0
tx_live_00003613,cust_010016,296.64,7,fuel,US,0,201,1374,2,8,98.37,1,0,92.33,3.213,0,0
tx_live_00003614,cust_006461,2193.1,10,online_retail,US,0,599,900,2,3,13.76,1,0,59.23,6.0,0,0
tx_live_00003615,cust_008853,922.86,16,groceries,US,0,738,900,3,6,20.79,1,0,51.15,6.0,0,0
tx_live_00003616,cust_008203,38.76,4,restaurants,US,0,332,1019,0,7,45.3,0,0,35.69,1.086,0,0
tx_live_00003617,cust_003600,1102.24,16,online_retail,US,0,507,1015,1,4,41.81,1,0,48.05,6.0,0,0
tx_live_00003618,cust_005999,560.09,23,fuel,US,0,329,602,1,10,34.68,1,0,31.64,17.702,0,0
tx_live_00003619,cust_010471,36.35,9,fuel,US,0,71,1136,2,9,17.25,1,0,37.67,0.965,0,0
tx_live_00003620,cust_008966,13.99,16,restaurants,US,0,75,972,0,6,87.03,1,0,45.11,0.31,0,0
tx_live_00003621,cust_005292,1613.69,9,restaurants,US,0,227,1368,2,7,22.47,1,0,65.54,6.0,0,0
tx_live_00003622,cust_003322,1486.06,19,online_retail,US,0,120,900,1,8,7.03,1,0,113.76,6.0,0,0
tx_live_00003623,cust_001219,1846.91,11,electronics,US,0,357,1687,1,5,16.65,1,0,15.49,6.0,0,0
tx_live_00003624,cust_011400,10.58,11,electronics,US,0,643,819,1,6,11.47,1,0,32.46,0.326,0,0
tx_live_00003625,cust_000431,1636.3,12,groceries,US,0,140,1309,0,1,19.9,1,0,41.79,6.0,0,0
tx_live_00003626,cust_007749,80.46,10,groceries,US,0,188,1254,2,7,130.13,0,1,38.51,2.089,0,0
tx_live_00003627,cust_000664,13.55,1,groceries,CA,1,132,831,2,4,21.41,1,0,52.16,0.26,0,0
tx_live_00003628,cust_007582,123.23,23,electronics,JP,1,456,2009,0,5,19.85,1,0,25.77,4.783,1,1
tx_live_00003629,cust_000354,1326.15,18,electronics,US,0,145,1146,1,2,47.61,1,0,45.49,6.0,0,0
tx_live_00003630,cust_001519,110.17,1,restaurants,US,0,838,979,0,6,30.56,0,0,32.52,3.388,0,0
tx_live_00003631,cust_008824,15.86,15,electronics,US,0,410,2306,2,7,67.4,0,0,29.89,0.531,1,0
tx_live_00003632,cust_010714,1610.39,10,travel,US,0,271,1112,0,5,24.62,1,0,49.18,6.0,0,0
tx_live_00003633,cust_010819,60.85,12,electronics,JP,1,313,1763,0,3,18.37,1,0,200.18,0.304,1,0
tx_live_00003634,cust_000803,321.08,0,restaurants,US,0,69,967,0,6,43.93,0,0,47.99,6.691,0,0
tx_live_00003635,cust_011502,91.45,3,restaurants,MX,1,382,594,0,5,4.6,1,0,19.32,4.734,0,0
tx_live_00003636,cust_002310,1079.26,9,restaurants,US,0,120,1239,0,4,6.05,1,0,48.2,6.0,0,0
tx_live_00003637,cust_004205,2907.0,15,restaurants,US,0,666,900,2,10,15.5,1,0,52.92,6.0,0,0
tx_live_00003638,cust_001756,1769.15,13,travel,US,0,120,900,1,4,22.14,1,0,32.36,6.0,0,0
tx_live_00003639,cust_008783,1276.64,11,travel,US,0,213,1336,0,7,13.52,1,0,47.35,6.0,0,0
tx_live_00003640,cust_001373,35.64,3,electronics,CA,1,766,1184,5,14,65.62,1,0,133.72,0.267,0,0
tx_live_00003641,cust_002615,1542.12,13,fuel,US,0,810,1764,2,6,0.09,1,0,70.67,6.0,0,0
tx_live_00003642,cust_005219,999.32,10,restaurants,US,0,421,1874,2,7,37.89,1,0,65.38,6.0,0,0
tx_live_00003643,cust_005316,1495.58,10,luxury,US,0,336,900,0,3,15.29,1,0,187.3,6.0,0,0
tx_live_00003644,cust_007340,95.55,13,groceries,US,0,268,1744,2,7,27.46,0,1,254.56,0.375,0,0
tx_live_00003645,cust_004070,1312.99,18,restaurants,US,0,694,2057,0,1,18.84,1,0,53.87,6.0,0,0
tx_live_00003646,cust_011540,9.18,14,fuel,US,0,274,1448,0,4,27.17,0,0,36.15,0.254,0,0
tx_live_00003647,cust_006243,1912.59,12,restaurants,US,0,320,1005,2,4,41.43,1,0,43.71,6.0,0,0
tx_live_00003648,cust_010542,125.62,0,electronics,CA,1,1078,1931,1,9,102.1,1,0,62.04,2.025,1,0
tx_live_00003649,cust_006665,941.99,12,restaurants,US,0,231,1946,1,5,12.4,1,0,11.42,6.0,0,0
tx_live_00003650,cust_005507,629.83,14,fuel,US,0,391,1736,0,4,23.42,1,0,49.45,6.0,0,0
tx_live_00003651,cust_006727,45.97,0,groceries,FR,1,222,379,1,15,48.13,1,1,27.02,1.701,0,0
tx_live_00003652,cust_007014,109.33,6,restaurants,US,0,75,2550,1,6,49.91,1,0,29.59,3.695,0,0
tx_live_00003653,cust_003072,1906.37,15,groceries,US,0,537,1284,0,3,36.75,1,0,31.25,6.0,0,0
tx_live_00003654,cust_002436,18.08,11,luxury,JP,1,354,862,0,5,3.51,1,0,45.43,0.398,0,0
tx_live_00003655,cust_010102,97.22,13,utilities,CA,1,416,1496,0,8,47.64,0,0,59.91,1.623,0,0
tx_live_00003656,cust_001655,54.25,3,fuel,US,0,320,2072,1,7,36.11,1,1,30.42,1.783,0,0
tx_live_00003657,cust_006473,107.06,16,travel,US,0,318,498,0,10,94.47,1,0,11.65,9.193,0,0
tx_live_00003658,cust_000855,1345.2,17,fuel,US,0,355,2946,2,8,13.11,1,0,14.15,6.0,0,0
tx_live_00003659,cust_004614,1252.43,18,utilities,US,0,221,900,0,2,25.02,1,0,43.28,6.0,0,0
tx_live_00003660,cust_008922,1986.82,14,fuel,US,0,134,987,2,5,39.88,1,0,14.06,6.0,0,0
tx_live_00003661,cust_006616,303.59,17,fuel,US,0,447,904,0,1,101.38,1,1,44.37,6.842,0,0
tx_live_00003662,cust_007333,95.82,18,restaurants,US,0,234,395,0,6,62.51,1,0,12.27,7.806,0,0
tx_live_00003663,cust_008441,407.19,12,fuel,US,0,216,1611,2,8,7.5,0,0,20.59,19.775,0,0
tx_live_00003664,cust_008005,1249.95,13,electronics,US,0,454,1501,2,5,44.92,1,0,43.58,6.0,0,0
tx_live_00003665,cust_011947,857.54,17,groceries,US,0,183,900,1,6,47.14,1,0,24.04,6.0,0,0
tx_live_00003666,cust_011799,2092.65,13,groceries,US,0,474,1630,0,4,40.41,1,0,11.65,6.0,0,0
tx_live_00003667,cust_005534,113.65,15,electronics,US,0,553,706,2,10,70.47,1,0,70.39,1.614,0,0
tx_live_00003668,cust_000929,38.59,11,utilities,CA,1,195,1331,1,3,49.2,1,0,53.91,0.716,0,0
tx_live_00003669,cust_011147,220.05,3,restaurants,US,0,61,2545,0,9,66.7,0,0,30.17,7.295,0,0
tx_live_00003670,cust_002498,1642.74,10,fuel,US,0,241,1529,0,7,10.03,1,0,21.87,6.0,0,0
tx_live_00003671,cust_011991,7.04,21,restaurants,CA,1,824,815,1,10,58.66,0,0,98.06,0.072,0,0
tx_live_00003672,cust_002125,1511.38,15,restaurants,US,0,273,1532,2,6,59.72,1,0,29.78,6.0,0,0
tx_live_00003673,cust_000777,191.11,12,groceries,US,0,353,1657,0,8,33.35,1,0,14.17,13.487,0,0
tx_live_00003674,cust_002470,1418.83,12,online_retail,US,0,575,995,1,4,9.74,1,0,104.42,6.0,0,0
tx_live_00003675,cust_002621,79.12,17,electronics,JP,1,643,608,3,6,84.71,1,0,193.57,0.409,1,0
tx_live_00003676,cust_003198,57.04,19,fuel,US,0,643,640,1,6,33.86,1,0,26.06,2.189,1,0
tx_live_00003677,cust_002635,198.39,3,fuel,US,0,259,1901,0,7,25.24,1,0,41.69,4.759,0,0
tx_live_00003678,cust_008784,1346.84,20,electronics,US,0,198,1925,1,3,17.46,1,0,31.43,6.0,0,0
tx_live_00003679,cust_009271,1143.55,11,fuel,US,0,425,900,2,7,31.47,1,0,96.98,6.0,0,0
tx_live_00003680,cust_003723,53.65,22,groceries,FR,1,143,671,1,8,103.2,1,1,40.24,1.333,1,0
tx_live_00003681,cust_009399,2606.45,11,groceries,US,0,488,1621,0,2,5.32,1,0,12.81,6.0,0,0
tx_live_00003682,cust_002463,42.24,3,groceries,US,0,111,823,3,10,60.3,1,0,40.42,1.045,0,0
tx_live_00003683,cust_003812,777.5,20,restaurants,US,0,120,901,0,3,1.51,1,0,89.34,6.0,0,0
tx_live_00003684,cust_010650,3721.0,10,online_retail,US,0,513,900,0,4,13.52,1,0,61.98,6.0,0,0
tx_live_00003685,cust_004675,1005.22,12,groceries,US,0,395,1550,2,8,6.22,1,0,13.31,6.0,0,0
tx_live_00003686,cust_001002,48.01,8,groceries,US,0,308,601,2,13,37.63,1,0,56.81,0.845,0,0
tx_live_00003687,cust_002928,888.01,15,groceries,US,0,528,1415,2,7,3.93,1,0,38.27,6.0,0,0
tx_live_00003688,cust_004587,883.34,17,electronics,US,0,715,2164,0,2,16.99,1,0,75.63,6.0,0,0
tx_live_00003689,cust_000963,18.17,17,groceries,US,0,225,1457,3,9,199.48,0,0,66.51,0.273,1,0
tx_live_00003690,cust_002044,45.17,20,travel,US,0,193,3269,0,9,20.45,1,0,61.76,0.731,0,0
tx_live_00003691,cust_002241,1523.22,20,fuel,US,0,153,900,0,4,25.09,1,0,44.7,6.0,0,0
tx_live_00003692,cust_001834,1216.1,10,restaurants,US,0,273,1179,3,5,4.53,1,0,27.08,6.0,0,0
tx_live_00003693,cust_002915,41.18,18,restaurants,US,0,293,973,0,4,44.81,1,1,22.7,1.814,0,0
tx_live_00003694,cust_011315,9.19,14,fuel,CA,1,97,1116,0,5,55.39,1,0,28.61,0.321,0,0
tx_live_00003695,cust_004546,1795.18,9,electronics,US,0,299,900,0,6,44.67,1,0,54.58,6.0,0,0
tx_live_00003696,cust_009061,390.68,22,restaurants,US,0,378,596,1,8,101.62,0,0,49.52,7.889,0,0
tx_live_00003697,cust_003306,2099.52,17,utilities,US,0,179,1112,0,3,7.2,1,0,58.6,6.0,0,0
tx_live_00003698,cust_010406,1965.73,12,utilities,US,0,390,1385,0,8,23.07,1,0,50.2,6.0,0,0
tx_live_00003699,cust_006378,782.98,20,groceries,US,0,120,900,3,5,2.78,1,0,7.31,6.0,0,0
tx_live_00003700,cust_010838,44.22,10,travel,US,0,249,533,1,7,13.05,1,0,34.58,1.279,0,0
tx_live_00003701,cust_009182,2481.25,19,groceries,US,0,263,1419,0,5,15.04,1,0,7.8,6.0,0,0
tx_live_00003702,cust_009432,60.69,4,utilities,US,0,125,815,2,8,121.72,0,0,54.84,1.107,0,0
tx_live_00003703,cust_007468,135.05,18,restaurants,CA,1,155,1069,0,9,33.46,1,0,34.09,3.962,1,0
tx_live_00003704,cust_009957,105.42,23,groceries,CA,1,441,516,1,10,34.42,0,1,135.43,0.778,0,0
tx_live_00003705,cust_011975,1366.61,15,restaurants,US,0,178,900,0,5,37.08,1,0,114.55,6.0,0,0
tx_live_00003706,cust_010092,526.51,12,fuel,US,0,738,900,1,2,20.04,1,0,131.98,3.989,0,0
tx_live_00003707,cust_004203,1122.87,18,electronics,US,0,431,1926,0,5,0.44,1,0,35.45,6.0,0,0
tx_live_00003708,cust_002570,1755.37,17,groceries,US,0,120,900,1,5,25.19,1,0,33.39,6.0,0,0
tx_live_00003709,cust_000497,45.12,15,groceries,US,0,182,1911,2,6,47.8,0,0,74.71,0.604,0,0
tx_live_00003710,cust_007033,24.8,10,groceries,US,0,688,909,1,6,76.85,1,0,37.9,0.654,0,0
tx_live_00003711,cust_000383,124.44,16,online_retail,DE,1,240,1720,1,8,37.27,1,0,54.13,2.299,0,0
tx_live_00003712,cust_000045,139.75,8,restaurants,CA,1,323,1009,0,8,60.59,1,0,43.63,3.203,0,0
tx_live_00003713,cust_011620,1781.87,18,travel,US,0,605,900,0,5,47.56,1,0,34.84,6.0,0,0
tx_live_00003714,cust_011485,740.29,20,utilities,US,0,175,900,0,7,23.95,1,0,143.75,5.15,0,0
tx_live_00003715,cust_004077,940.73,17,luxury,US,0,449,1363,1,3,52.59,1,0,187.23,5.024,0,0
tx_live_00003716,cust_005370,129.13,12,restaurants,US,0,267,1512,2,7,13.08,1,0,13.38,9.651,0,0
tx_live_00003717,cust_002251,1657.87,17,online_retail,US,0,188,2659,2,4,3.59,1,0,43.34,6.0,0,0
tx_live_00003718,cust_010448,139.85,14,fuel,US,0,678,706,3,8,15.37,1,0,149.58,0.935,0,0
tx_live_00003719,cust_004517,65.16,8,restaurants,US,0,645,992,0,7,59.5,0,0,19.39,3.361,0,0
tx_live_00003720,cust_003855,141.92,21,restaurants,GB,1,78,1485,1,17,76.27,1,0,104.03,1.364,1,0
tx_live_00003721,cust_011485,1873.92,19,restaurants,US,0,535,1194,0,7,21.04,1,0,26.29,6.0,0,0
tx_live_00003722,cust_001337,781.82,12,fuel,US,0,201,900,2,9,21.68,1,0,71.56,6.0,0,0
tx_live_00003723,cust_004942,43.01,3,electronics,US,0,300,1459,2,13,183.21,1,0,62.03,0.693,0,0
tx_live_00003724,cust_006744,1487.81,17,electronics,US,0,512,1113,2,4,14.47,1,0,19.6,6.0,0,0
tx_live_00003725,cust_010539,28.81,13,groceries,US,0,384,1405,1,10,113.01,1,0,42.4,0.68,0,0
tx_live_00003726,cust_011534,30.27,0,fuel,US,0,394,2558,1,11,8.43,1,1,59.33,0.51,0,0
tx_live_00003727,cust_006687,420.5,11,online_retail,US,0,313,900,1,3,35.74,1,0,77.61,5.418,0,0
tx_live_00003728,cust_005664,1719.75,18,online_retail,US,0,173,900,1,10,13.46,1,0,18.7,6.0,0,0
tx_live_00003729,cust_004989,1943.41,10,electronics,US,0,203,1194,1,2,10.47,1,0,78.3,6.0,0,0
tx_live_00003730,cust_003104,55.36,14,groceries,CA,1,139,503,2,7,147.27,1,1,34.35,1.612,0,0
tx_live_00003731,cust_004813,1362.67,9,luxury,US,0,561,1350,1,3,15.6,1,0,17.55,6.0,0,0
tx_live_00003732,cust_007877,1047.52,14,groceries,US,0,404,1200,0,3,12.9,1,0,67.2,6.0,0,0
tx_live_00003733,cust_008409,180.38,16,online_retail,CA,1,121,729,3,7,22.74,0,0,98.75,1.827,0,0
tx_live_00003734,cust_011670,1305.99,18,travel,US,0,146,2072,2,7,6.95,1,0,62.46,6.0,0,0
tx_live_00003735,cust_006664,2024.95,16,electronics,US,0,351,1133,0,4,20.75,1,0,6.87,6.0,0,0
tx_live_00003736,cust_004793,54.98,21,fuel,GB,1,490,435,4,15,55.54,1,0,57.27,0.96,1,0
tx_live_00003737,cust_005317,681.85,14,restaurants,US,0,137,1161,3,4,19.8,1,0,175.04,3.895,0,0
tx_live_00003738,cust_002315,939.74,19,electronics,US,0,377,900,3,5,48.8,1,0,62.83,6.0,0,0
tx_live_00003739,cust_000529,28.96,6,restaurants,US,0,97,503,1,8,28.82,1,2,147.78,0.196,0,0
tx_live_00003740,cust_004728,93.58,14,restaurants,US,0,586,1009,3,9,24.95,0,0,35.71,2.62,0,0
tx_live_00003741,cust_009718,16.11,12,luxury,US,0,123,886,2,13,13.12,1,0,98.31,0.164,0,0
tx_live_00003742,cust_008854,976.83,13,groceries,US,0,601,1289,1,9,16.76,1,0,15.03,6.0,0,0
tx_live_00003743,cust_007504,1024.84,17,electronics,US,0,482,2486,0,5,9.45,1,0,12.81,6.0,0,0
tx_live_00003744,cust_007961,1126.56,13,utilities,US,0,621,907,1,3,16.64,1,0,134.09,6.0,0,0
tx_live_00003745,cust_004027,1104.66,14,groceries,US,0,239,1425,0,3,100.0,1,0,96.55,6.0,0,0
tx_live_00003746,cust_000847,38.55,22,groceries,US,0,178,1201,1,13,72.81,0,0,35.41,1.089,1,0
tx_live_00003747,cust_002060,1078.33,20,groceries,US,0,156,1469,0,4,20.6,1,0,86.9,6.0,0,0
tx_live_00003748,cust_002379,2254.92,12,restaurants,US,0,296,1562,1,6,14.35,1,0,96.44,6.0,0,0
tx_live_00003749,cust_003881,160.72,16,restaurants,US,0,92,808,0,11,50.75,0,1,32.96,4.877,0,0
tx_live_00003750,cust_011749,1991.32,10,electronics,US,0,216,900,0,3,4.93,1,0,43.97,6.0,0,0
tx_live_00003751,cust_000083,101.32,10,online_retail,US,0,365,450,0,9,31.86,1,0,17.58,5.762,0,0
tx_live_00003752,cust_011482,88.94,22,travel,US,0,218,1991,1,6,46.92,0,0,16.35,5.438,0,0
tx_live_00003753,cust_006179,1336.71,9,groceries,US,0,194,1742,1,6,19.68,1,0,39.7,6.0,0,0
tx_live_00003754,cust_008003,1203.33,14,electronics,US,0,411,900,1,4,19.91,1,0,22.93,6.0,0,0
tx_live_00003755,cust_002932,784.92,12,online_retail,US,0,574,995,1,5,10.91,1,0,94.94,6.0,0,0
tx_live_00003756,cust_000299,2229.68,16,electronics,US,0,287,1913,1,10,45.43,1,0,31.77,6.0,0,0
tx_live_00003757,cust_003365,2172.5,11,groceries,US,0,142,1033,0,2,24.96,1,0,19.7,6.0,0,0
tx_live_00003758,cust_009246,1379.13,17,electronics,US,0,209,1882,1,4,5.27,1,0,33.16,6.0,0,0
tx_live_00003759,cust_010463,2317.69,13,restaurants,US,0,376,2278,1,5,13.09,1,0,19.83,6.0,0,0
tx_live_00003760,cust_011079,251.99,16,restaurants,US,0,556,1552,3,9,0.61,1,0,24.0,10.497,0,0
tx_live_00003761,cust_005343,1127.07,18,electronics,US,0,120,1496,0,3,24.07,1,0,13.59,6.0,0,0
tx_live_00003762,cust_005413,30.5,21,groceries,US,0,447,2148,1,10,28.6,0,0,37.76,0.808,1,0
tx_live_00003763,cust_008171,1451.81,20,electronics,US,0,639,1391,2,2,32.5,1,0,26.7,6.0,0,0
tx_live_00003764,cust_011722,1378.01,14,electronics,US,0,214,1514,1,10,8.14,1,0,13.12,6.0,0,0
tx_live_00003765,cust_010662,1130.31,17,groceries,US,0,142,1020,1,2,33.08,1,0,19.18,6.0,0,0
tx_live_00003766,cust_004912,2019.42,11,electronics,US,0,175,900,2,8,11.09,1,0,25.33,6.0,0,0
tx_live_00003767,cust_000074,1023.07,19,restaurants,US,0,175,1156,1,5,28.37,1,0,63.96,6.0,0,0
tx_live_00003768,cust_004220,455.49,16,groceries,US,0,221,1912,0,3,41.03,1,0,71.46,6.0,0,0
tx_live_00003769,cust_004268,1901.74,14,luxury,US,0,461,900,0,3,10.33,1,0,39.73,6.0,0,0
tx_live_00003770,cust_007223,1087.87,15,online_retail,US,0,301,968,3,6,75.01,1,0,41.96,6.0,0,0
tx_live_00003771,cust_001977,892.04,17,travel,US,0,161,900,1,4,6.73,1,0,33.06,6.0,0,0
tx_live_00003772,cust_001088,2827.78,18,groceries,US,0,335,900,1,1,19.2,1,0,49.51,6.0,0,0
tx_live_00003773,cust_011634,980.0,12,utilities,US,0,375,900,1,10,31.81,1,0,17.7,6.0,0,0
tx_live_00003774,cust_009632,13.48,1,groceries,US,0,156,552,0,7,18.94,1,0,191.48,0.07,0,0
tx_live_00003775,cust_007284,1218.34,14,fuel,US,0,364,2286,2,7,1.77,1,0,138.4,6.0,0,0
tx_live_00003776,cust_007503,77.44,21,online_retail,US,0,633,1666,0,6,76.66,1,0,35.59,2.176,0,0
tx_live_00003777,cust_000505,1147.38,17,online_retail,US,0,265,1456,0,4,9.65,1,0,56.32,6.0,0,0
tx_live_00003778,cust_009768,707.82,14,restaurants,US,0,202,900,2,3,26.92,1,0,33.36,6.0,0,0
tx_live_00003779,cust_008474,484.35,12,electronics,US,0,494,2317,0,4,36.56,1,0,90.35,5.361,0,0
tx_live_00003780,cust_008322,39.24,23,travel,US,0,372,505,0,5,10.29,0,0,55.32,0.709,0,0
tx_live_00003781,cust_008770,1329.42,19,fuel,US,0,411,3239,2,5,35.55,1,0,48.46,6.0,0,0
tx_live_00003782,cust_011309,29.76,20,fuel,US,0,452,880,3,12,28.01,0,0,17.2,1.73,0,0
tx_live_00003783,cust_010701,40.49,12,online_retail,US,0,302,758,0,6,26.94,0,1,84.7,0.478,0,0
tx_live_00003784,cust_009451,2317.3,18,travel,US,0,204,937,2,5,21.02,1,0,28.19,6.0,0,0
tx_live_00003785,cust_005212,1987.06,12,electronics,US,0,156,900,0,6,26.56,1,0,92.17,6.0,0,0
tx_live_00003786,cust_011586,1419.15,14,online_retail,US,0,250,1912,0,3,19.75,1,0,33.18,6.0,0,0
tx_live_00003787,cust_002359,830.47,16,fuel,US,0,304,900,1,8,15.05,1,0,51.49,6.0,0,0
tx_live_00003788,cust_006240,2023.32,12,groceries,US,0,339,900,3,9,18.08,1,0,20.52,6.0,0,0
tx_live_00003789,cust_007226,152.01,13,online_retail,US,0,135,1977,3,6,27.15,0,1,70.41,2.159,1,0
tx_live_00003790,cust_004177,64.68,8,online_retail,MX,1,175,1201,1,10,198.48,1,0,161.14,0.401,0,0
tx_live_00003791,cust_009684,2730.95,16,restaurants,US,0,373,900,2,5,53.88,1,0,34.89,6.0,0,0
tx_live_00003792,cust_001296,899.81,11,restaurants,US,0,272,900,1,6,41.57,1,0,79.39,6.0,0,0
tx_live_00003793,cust_002244,1161.69,11,fuel,US,0,120,900,1,2,11.67,1,0,232.6,4.994,0,0
tx_live_00003794,cust_009102,1100.02,19,online_retail,US,0,383,2092,0,4,74.32,1,0,44.57,6.0,0,0
tx_live_00003795,cust_000051,51.68,23,fuel,CA,1,161,646,0,6,14.35,0,0,20.17,2.563,0,0
tx_live_00003796,cust_008004,2033.94,15,electronics,US,0,530,1255,0,3,15.02,1,0,39.5,6.0,0,0
tx_live_00003797,cust_003137,1273.5,11,restaurants,US,0,167,1839,0,2,13.89,1,0,22.84,6.0,0,0
tx_live_00003798,cust_004575,87.46,15,fuel,US,0,445,1221,1,10,28.95,1,0,48.63,1.798,0,0
tx_live_00003799,cust_002737,773.31,14,fuel,US,0,274,1884,2,3,14.3,1,0,19.33,6.0,0,0
tx_live_00003800,cust_001532,616.26,20,restaurants,US,0,120,2025,2,5,10.39,1,0,26.78,6.0,0,0
tx_live_00003801,cust_005760,1259.64,11,restaurants,US,0,496,962,0,5,47.29,1,0,115.87,6.0,0,0
tx_live_00003802,cust_002961,23.0,5,restaurants,US,0,115,1696,2,4,49.82,0,0,31.09,0.74,0,0
tx_live_00003803,cust_000710,1538.57,11,electronics,US,0,321,2652,1,7,23.94,1,0,17.61,6.0,0,0
tx_live_00003804,cust_008615,59.67,23,groceries,US,0,346,739,0,1,24.85,0,1,32.45,1.839,0,0
tx_live_00003805,cust_007674,1042.75,16,restaurants,US,0,120,1104,1,5,4.52,1,0,50.75,6.0,0,0
tx_live_00003806,cust_009413,58.48,3,online_retail,CA,1,106,1452,2,8,47.55,1,0,17.78,3.289,0,0
tx_live_00003807,cust_002565,1124.55,12,restaurants,US,0,247,1266,1,3,15.55,1,0,216.54,5.193,0,0
tx_live_00003808,cust_000721,767.4,17,groceries,US,0,530,900,0,2,16.63,1,0,19.23,6.0,0,0
tx_live_00003809,cust_007018,1734.82,16,restaurants,US,0,559,900,1,4,70.94,1,0,16.08,6.0,0,0
tx_live_00003810,cust_005248,58.95,13,fuel,CA,1,229,1967,0,8,43.75,1,0,42.21,1.397,1,0
tx_live_00003811,cust_001361,68.02,0,electronics,CA,1,665,1682,1,7,31.21,1,3,44.91,1.515,0,1
tx_live_00003812,cust_001412,887.76,14,restaurants,US,0,466,2178,1,5,17.88,1,0,47.46,6.0,0,0
tx_live_00003813,cust_003834,1364.87,19,electronics,US,0,221,900,0,2,37.08,1,0,40.91,6.0,0,0
tx_live_00003814,cust_003947,1845.92,17,online_retail,US,0,479,1537,0,7,3.61,1,0,34.12,6.0,0,0
tx_live_00003815,cust_011853,67.04,16,electronics,US,0,140,1047,0,3,25.76,1,0,120.29,0.557,0,0
tx_live_00003816,cust_002364,1800.73,11,travel,US,0,333,2326,0,4,32.38,1,0,24.1,6.0,0,0
tx_live_00003817,cust_004641,1767.79,11,electronics,US,0,322,900,0,7,7.48,1,0,89.69,6.0,0,0
tx_live_00003818,cust_000792,39.38,13,travel,US,0,204,2085,1,16,79.1,1,0,152.03,0.259,0,0
tx_live_00003819,cust_011374,939.17,12,restaurants,US,0,266,2291,1,3,13.76,1,0,70.37,6.0,0,0
tx_live_00003820,cust_006663,1078.56,13,luxury,US,0,257,1026,0,3,10.75,1,0,19.48,6.0,0,0
tx_live_00003821,cust_003588,21.93,22,electronics,US,0,364,837,0,7,64.47,1,0,58.56,0.375,0,0
tx_live_00003822,cust_008734,1684.83,10,groceries,US,0,414,1540,0,4,9.64,1,0,117.11,6.0,0,0
tx_live_00003823,cust_006704,1221.65,20,fuel,US,0,582,1581,1,5,69.12,1,0,93.35,6.0,0,0
tx_live_00003824,cust_001893,974.85,9,electronics,US,0,120,1043,1,1,26.59,1,0,87.64,6.0,0,0
tx_live_00003825,cust_005100,27.02,11,luxury,DE,1,368,1117,4,9,69.12,1,0,36.44,0.742,0,0
tx_live_00003826,cust_006375,1722.46,9,online_retail,US,0,259,900,1,2,22.85,1,0,158.35,6.0,0,0
tx_live_00003827,cust_003661,105.64,15,luxury,US,0,411,654,1,14,9.08,1,0,22.39,4.717,1,1
tx_live_00003828,cust_003616,1055.82,11,electronics,US,0,820,900,2,8,26.51,1,0,73.84,6.0,0,0
tx_live_00003829,cust_000799,151.73,2,travel,US,0,353,701,2,3,33.35,1,1,29.12,5.211,1,0
tx_live_00003830,cust_010548,779.7,16,electronics,US,0,137,900,2,7,0.87,1,0,11.81,6.0,0,0
tx_live_00003831,cust_002730,808.86,20,fuel,US,0,120,1101,0,3,39.56,1,0,40.27,6.0,0,0
tx_live_00003832,cust_004602,235.11,17,groceries,CA,1,99,533,0,5,46.72,0,0,62.53,3.76,1,0
tx_live_00003833,cust_008894,1328.62,14,fuel,US,0,389,2539,2,4,6.77,1,0,24.73,6.0,0,0
tx_live_00003834,cust_010565,70.06,4,online_retail,US,0,174,1498,2,8,8.85,0,1,23.6,2.968,0,0
tx_live_00003835,cust_004368,911.42,11,groceries,US,0,140,900,0,7,74.29,1,0,20.5,6.0,0,0
tx_live_00003836,cust_009237,90.72,15,groceries,US,0,215,1794,0,8,8.18,0,0,183.6,0.494,0,0
tx_live_00003837,cust_007847,137.78,20,fuel,US,0,280,524,1,6,47.84,1,1,33.83,4.073,0,0
tx_live_00003838,cust_007414,25.65,15,restaurants,GB,1,59,1596,0,5,41.95,1,0,35.08,0.731,0,0
tx_live_00003839,cust_001020,926.27,14,luxury,US,0,120,942,3,7,30.19,1,0,193.91,4.777,0,0
tx_live_00003840,cust_004321,1070.57,20,fuel,US,0,474,2160,1,3,13.96,1,0,22.85,6.0,0,0
tx_live_00003841,cust_007060,22.95,12,online_retail,US,0,199,1419,0,10,16.47,0,0,198.89,0.115,0,0
tx_live_00003842,cust_001527,71.79,21,restaurants,US,0,127,691,1,6,16.7,0,0,32.4,2.216,0,0
tx_live_00003843,cust_001715,1183.61,19,online_retail,US,0,192,1098,2,7,37.29,1,0,26.87,6.0,0,0
tx_live_00003844,cust_009284,792.71,13,electronics,US,0,845,900,1,5,27.03,1,0,77.23,6.0,0,0
tx_live_00003845,cust_010624,1227.91,11,utilities,US,0,235,900,0,5,29.11,1,0,41.5,6.0,0,0
tx_live_00003846,cust_008622,1515.58,14,fuel,US,0,230,900,1,6,4.94,1,0,41.89,6.0,0,0
tx_live_00003847,cust_008141,1619.03,13,groceries,US,0,295,900,1,2,17.83,1,0,80.4,6.0,0,0
tx_live_00003848,cust_002999,84.75,11,online_retail,US,0,38,790,0,7,25.52,1,0,11.97,7.078,0,0
tx_live_00003849,cust_011784,65.2,11,online_retail,CA,1,390,458,2,5,132.82,0,0,32.53,2.005,0,0
tx_live_00003850,cust_007294,1349.88,12,groceries,US,0,357,1262,1,7,28.58,1,0,23.89,6.0,0,0
tx_live_00003851,cust_002821,31.6,8,online_retail,US,0,367,773,0,8,21.37,0,0,100.98,0.313,0,0
tx_live_00003852,cust_011914,1252.07,12,groceries,US,0,177,1404,0,5,13.99,1,0,40.52,6.0,0,0
tx_live_00003853,cust_010031,1112.22,10,travel,US,0,120,2725,2,3,16.6,1,0,49.2,6.0,0,0
tx_live_00003854,cust_002348,142.79,4,utilities,CA,1,155,2743,0,6,30.7,0,0,18.33,7.79,0,0
tx_live_00003855,cust_000195,903.13,19,restaurants,US,0,120,952,1,6,12.69,1,0,33.03,6.0,0,0
tx_live_00003856,cust_002203,67.06,4,travel,US,0,199,1550,2,11,82.08,1,0,144.52,0.464,0,0
tx_live_00003857,cust_002676,1620.93,19,restaurants,US,0,231,1821,3,6,32.33,1,0,69.16,6.0,0,0
tx_live_00003858,cust_011058,82.91,1,restaurants,US,0,847,894,3,10,4.72,1,0,84.85,0.977,0,0
tx_live_00003859,cust_010003,1499.6,9,groceries,US,0,120,1601,1,3,11.95,1,0,101.96,6.0,0,0
tx_live_00003860,cust_005545,33.2,17,online_retail,MX,1,214,444,4,11,51.86,1,0,47.67,0.696,0,0
tx_live_00003861,cust_002989,32.44,16,groceries,US,0,374,2033,1,10,61.04,1,0,50.22,0.646,0,0
tx_live_00003862,cust_004610,37.68,13,groceries,FR,1,379,1876,0,6,1.02,0,1,87.2,0.432,0,0
tx_live_00003863,cust_005364,18.24,1,fuel,CA,1,400,1007,1,13,15.97,1,0,52.43,0.348,0,0
tx_live_00003864,cust_000068,97.75,1,groceries,US,0,284,482,1,10,92.77,1,0,32.11,3.044,0,0
tx_live_00003865,cust_009658,79.92,0,fuel,US,0,156,1200,0,6,66.55,1,0,39.62,2.017,0,0
tx_live_00003866,cust_007799,1672.77,17,fuel,US,0,276,1286,0,5,13.55,1,0,272.03,6.0,0,0
tx_live_00003867,cust_007075,254.89,3,online_retail,CA,1,377,1079,0,10,5.69,0,1,14.79,17.237,0,1
tx_live_00003868,cust_003323,1620.78,10,utilities,US,0,126,928,2,7,12.35,1,0,31.27,6.0,0,0
tx_live_00003869,cust_004123,310.65,2,fuel,CA,1,323,1274,0,5,36.78,1,0,46.79,6.64,0,0
tx_live_00003870,cust_006641,127.65,0,fuel,US,0,119,2101,0,10,19.89,0,0,93.42,1.366,0,0
tx_live_00003871,cust_007817,61.27,14,restaurants,US,0,427,1276,1,8,42.41,1,0,303.17,0.202,0,0
tx_live_00003872,cust_002051,1265.61,19,travel,US,0,597,952,0,0,5.4,1,0,95.19,6.0,0,0
tx_live_00003873,cust_000898,647.93,16,groceries,US,0,502,900,1,6,8.67,1,0,54.47,6.0,0,0
tx_live_00003874,cust_011908,60.29,8,restaurants,US,0,443,705,3,10,22.32,1,0,49.51,1.218,1,0
tx_live_00003875,cust_001023,578.59,18,restaurants,US,0,627,742,1,5,72.62,1,1,7.26,50.0,1,0
tx_live_00003876,cust_011522,1061.29,15,groceries,US,0,393,932,1,6,21.33,1,0,121.26,6.0,0,0
tx_live_00003877,cust_006464,1294.38,19,fuel,US,0,238,1543,2,7,68.67,1,0,13.33,6.0,0,0
tx_live_00003878,cust_006550,1108.18,10,online_retail,US,0,232,900,1,5,1.11,1,0,10.24,6.0,0,0
tx_live_00003879,cust_003247,623.66,13,restaurants,US,0,222,1125,0,2,22.51,1,0,30.65,6.0,0,0
tx_live_00003880,cust_005016,246.05,21,electronics,CA,1,127,1575,1,7,30.59,1,1,34.06,7.224,0,1
tx_live_00003881,cust_005396,2540.39,16,restaurants,US,0,535,900,1,5,41.43,1,0,65.12,6.0,0,0
tx_live_00003882,cust_003244,805.25,16,luxury,US,0,308,900,2,5,5.28,1,0,86.87,6.0,0,0
tx_live_00003883,cust_000110,1234.91,11,online_retail,US,0,262,900,2,4,76.44,1,0,87.33,6.0,0,0
tx_live_00003884,cust_003156,73.23,5,fuel,US,0,94,664,1,5,61.96,1,1,31.05,2.358,1,0
tx_live_00003885,cust_000614,955.87,10,electronics,US,0,120,1146,1,5,6.36,1,0,50.76,6.0,0,0
tx_live_00003886,cust_001688,3514.33,14,electronics,US,0,279,900,1,6,22.8,1,0,48.0,6.0,0,0
tx_live_00003887,cust_001451,1372.39,20,online_retail,US,0,363,1906,2,6,2.82,1,0,33.47,6.0,0,0
tx_live_00003888,cust_005875,1226.65,10,groceries,US,0,170,1910,0,2,43.71,1,0,45.0,6.0,0,0
tx_live_00003889,cust_007093,1600.06,12,groceries,US,0,217,900,1,2,6.29,1,0,158.14,6.0,0,0
tx_live_00003890,cust_002314,1432.78,10,groceries,US,0,491,900,0,3,5.37,1,0,45.23,6.0,0,0
tx_live_00003891,cust_009730,25.89,11,utilities,CA,1,363,802,0,9,48.96,1,0,19.92,1.3,0,0
tx_live_00003892,cust_002378,1147.65,17,fuel,US,0,669,1212,2,3,17.16,1,0,67.92,6.0,0,0
tx_live_00003893,cust_011045,1044.99,20,travel,US,0,258,1078,2,6,7.38,1,0,37.29,6.0,0,0
tx_live_00003894,cust_000194,1494.89,15,luxury,US,0,361,900,0,3,47.22,1,0,186.55,6.0,0,0
tx_live_00003895,cust_007122,1960.78,11,groceries,US,0,260,900,2,3,4.03,1,0,39.5,6.0,0,0
tx_live_00003896,cust_008085,46.89,6,fuel,US,0,376,1280,4,11,28.95,1,0,14.35,3.268,0,0
tx_live_00003897,cust_002401,1202.31,17,fuel,US,0,214,1281,1,8,7.35,1,0,71.61,6.0,0,0
tx_live_00003898,cust_001947,100.14,3,travel,MX,1,151,2434,3,7,4.13,0,0,53.31,1.878,1,0
tx_live_00003899,cust_008174,35.46,7,groceries,US,0,394,1944,0,6,30.34,1,0,80.8,0.439,0,0
tx_live_00003900,cust_007276,14.16,21,groceries,CA,1,427,1344,4,10,24.06,1,0,96.37,0.147,0,0
tx_live_00003901,cust_008207,2211.32,13,groceries,US,0,631,2480,3,6,3.4,1,0,22.16,6.0,0,0
tx_live_00003902,cust_007112,1110.62,19,restaurants,US,0,143,900,1,1,14.3,1,0,19.93,6.0,0,0
tx_live_00003903,cust_004918,1530.15,9,restaurants,US,0,160,1636,2,5,72.51,1,0,15.68,6.0,0,0
tx_live_00003904,cust_001695,1279.23,15,online_retail,US,0,294,900,1,4,30.36,1,0,39.41,6.0,0,0
tx_live_00003905,cust_007308,1181.82,11,utilities,US,0,323,1922,1,4,15.62,1,0,101.78,6.0,0,0
tx_live_00003906,cust_001767,705.64,16,utilities,US,0,120,1107,0,1,11.76,1,0,70.19,6.0,0,0
tx_live_00003907,cust_006160,160.79,8,groceries,US,0,118,1247,1,7,92.81,1,0,9.17,17.533,0,0
tx_live_00003908,cust_008104,1259.86,13,travel,US,0,222,1608,2,4,16.98,1,0,74.31,6.0,0,0
tx_live_00003909,cust_001766,1939.42,20,electronics,US,0,341,1019,2,3,8.66,1,0,24.61,6.0,0,0
tx_live_00003910,cust_000264,853.96,18,restaurants,US,0,129,1096,3,10,100.0,1,0,25.05,6.0,0,0
tx_live_00003911,cust_009031,803.28,19,fuel,US,0,130,926,2,7,24.43,1,0,64.48,6.0,0,0
tx_live_00003912,cust_002623,1037.97,17,groceries,US,0,495,900,0,3,17.46,1,0,80.19,6.0,0,0
tx_live_00003913,cust_006127,1192.18,20,online_retail,US,0,593,1476,2,5,12.21,1,0,17.73,6.0,0,0
tx_live_00003914,cust_000276,1830.02,18,luxury,US,0,232,900,2,4,26.57,1,0,13.15,6.0,0,0
tx_live_00003915,cust_008498,47.23,19,restaurants,US,0,158,1684,2,8,71.6,0,0,15.99,2.953,0,0
tx_live_00003916,cust_011358,45.95,6,groceries,CA,1,330,1251,2,8,30.3,1,1,39.01,1.178,0,0
tx_live_00003917,cust_005525,10.44,10,fuel,BR,1,455,991,2,6,103.13,1,0,31.64,0.33,0,0
tx_live_00003918,cust_000703,118.71,12,fuel,US,0,164,1982,1,8,80.34,1,0,28.78,4.124,0,0
tx_live_00003919,cust_009108,1085.46,11,luxury,US,0,333,1848,1,7,26.25,1,0,34.37,6.0,0,0
tx_live_00003920,cust_011696,89.72,21,electronics,US,0,357,683,1,5,24.77,0,1,17.52,5.122,0,0
tx_live_00003921,cust_000161,850.8,11,groceries,US,0,163,1862,0,3,13.76,1,0,30.87,6.0,0,0
tx_live_00003922,cust_006921,1548.16,18,restaurants,US,0,343,900,1,3,41.21,1,0,12.68,6.0,0,0
tx_live_00003923,cust_003124,1394.0,15,restaurants,US,0,120,900,1,6,40.83,1,0,50.55,6.0,0,0
tx_live_00003924,cust_010868,2168.91,18,restaurants,US,0,285,900,0,1,6.19,1,0,130.67,6.0,0,0
tx_live_00003925,cust_005396,1130.76,11,utilities,US,0,373,1613,2,8,8.86,1,0,61.26,6.0,0,0
tx_live_00003926,cust_010985,171.57,5,online_retail,US,0,427,1151,1,6,35.45,1,1,44.3,3.873,1,0
tx_live_00003927,cust_010247,1350.66,10,fuel,US,0,124,900,1,3,1.21,1,0,45.53,6.0,0,0
tx_live_00003928,cust_004056,1661.79,18,groceries,US,0,399,1126,1,3,12.21,1,0,94.41,6.0,0,0
tx_live_00003929,cust_007009,146.06,1,restaurants,US,0,371,1783,0,5,17.72,0,0,39.77,3.673,0,0
tx_live_00003930,cust_005073,24.11,20,electronics,US,0,224,324,3,10,113.55,0,0,39.2,0.615,1,0
tx_live_00003931,cust_010391,848.96,19,utilities,US,0,339,1474,1,6,22.83,1,0,18.07,6.0,0,0
tx_live_00003932,cust_003706,1561.24,17,electronics,US,0,340,926,0,0,16.69,1,0,64.64,6.0,0,0
tx_live_00003933,cust_001775,83.35,4,travel,US,0,206,806,1,8,60.18,1,0,83.17,1.002,0,0
tx_live_00003934,cust_001115,44.59,0,restaurants,US,0,266,958,0,6,46.44,1,1,53.72,0.83,0,0
tx_live_00003935,cust_005886,19.12,21,online_retail,US,0,387,576,1,6,60.51,0,1,107.4,0.178,1,0
tx_live_00003936,cust_009687,65.15,13,groceries,US,0,208,2274,0,5,90.12,0,0,49.26,1.323,0,0
tx_live_00003937,cust_000088,786.05,19,groceries,US,0,248,991,0,5,29.01,1,0,20.66,6.0,0,0
tx_live_00003938,cust_008023,1059.62,11,restaurants,US,0,223,900,3,9,59.11,1,0,71.21,6.0,0,0
tx_live_00003939,cust_008705,27.54,6,utilities,MX,1,819,1262,1,11,12.68,0,1,44.49,0.619,0,0
tx_live_00003940,cust_011092,45.25,5,groceries,US,0,322,1192,2,9,34.06,1,1,20.2,2.24,0,0
tx_live_00003941,cust_003769,64.54,3,restaurants,US,0,59,1985,1,6,23.42,1,0,189.95,0.34,0,0
tx_live_00003942,cust_007604,1524.42,12,online_retail,US,0,120,1630,0,4,22.24,1,0,108.17,6.0,0,0
tx_live_00003943,cust_007873,32.0,6,fuel,US,0,151,898,2,10,59.56,1,1,23.09,1.386,1,0
tx_live_00003944,cust_001528,1617.84,17,online_retail,US,0,193,1437,3,10,4.21,1,0,71.69,6.0,0,0
tx_live_00003945,cust_002529,209.76,2,restaurants,US,0,19,1937,1,6,35.61,0,0,53.82,3.898,0,0
tx_live_00003946,cust_010468,989.34,14,groceries,US,0,452,900,0,5,26.92,1,0,13.03,6.0,0,0
tx_live_00003947,cust_004499,2061.11,19,online_retail,US,0,163,900,1,4,34.58,1,0,109.09,6.0,0,0
tx_live_00003948,cust_000985,61.45,23,restaurants,US,0,327,722,0,7,33.96,1,0,37.44,1.641,0,0
tx_live_00003949,cust_010964,1267.33,12,electronics,US,0,175,1692,1,4,6.24,1,0,54.75,6.0,0,0
tx_live_00003950,cust_006245,3441.5,13,online_retail,US,0,223,1232,0,4,8.76,1,0,30.89,6.0,0,0
tx_live_00003951,cust_008051,1696.27,14,restaurants,US,0,264,1086,2,5,12.67,1,0,64.62,6.0,0,0
tx_live_00003952,cust_000936,807.86,12,travel,US,0,159,900,0,6,9.17,1,0,44.81,6.0,0,0
tx_live_00003953,cust_006869,60.22,23,restaurants,US,0,169,1330,0,3,14.17,1,0,22.76,2.646,0,0
tx_live_00003954,cust_007637,161.13,21,groceries,US,0,510,2260,1,15,10.68,0,0,21.36,7.545,0,0
tx_live_00003955,cust_004576,1101.79,18,online_retail,US,0,120,1775,2,4,17.43,1,0,54.8,6.0,0,0
tx_live_00003956,cust_002084,1743.26,11,fuel,US,0,120,2389,0,4,30.1,1,0,36.78,6.0,0,0
tx_live_00003957,cust_000161,1652.15,16,travel,US,0,150,1191,1,3,6.47,1,0,160.08,6.0,0,0
tx_live_00003958,cust_001716,1921.35,19,restaurants,US,0,246,1311,1,4,13.49,1,0,10.45,6.0,0,0
tx_live_00003959,cust_009898,1855.35,9,utilities,US,0,350,1455,1,7,60.85,1,0,24.65,6.0,0,0
tx_live_00003960,cust_008277,113.83,23,utilities,US,0,320,705,1,8,35.8,0,0,32.4,3.513,0,0
tx_live_00003961,cust_000909,1815.51,18,fuel,US,0,206,1129,1,3,4.61,1,0,38.52,6.0,0,0
tx_live_00003962,cust_006705,902.38,16,restaurants,US,0,266,900,1,7,10.43,1,0,79.24,6.0,0,0
tx_live_00003963,cust_007918,2104.95,13,groceries,US,0,416,2540,3,7,15.89,1,0,42.61,6.0,0,0
tx_live_00003964,cust_007658,53.8,7,groceries,US,0,557,387,0,5,5.31,1,0,38.17,1.409,0,0
tx_live_00003965,cust_008391,20.25,20,electronics,US,0,391,2223,1,11,64.07,1,0,90.84,0.223,0,0
tx_live_00003966,cust_001494,2621.25,19,groceries,US,0,295,900,0,6,37.98,1,0,27.54,6.0,0,0
tx_live_00003967,cust_011751,31.47,10,restaurants,CA,1,330,894,4,17,39.35,1,0,31.74,0.991,0,0
tx_live_00003968,cust_005533,486.29,6,groceries,US,0,160,213,4,9,67.45,0,0,21.46,22.664,0,0
tx_live_00003969,cust_001611,122.29,1,fuel,US,0,816,1764,1,10,30.93,1,0,40.27,3.037,0,0
tx_live_00003970,cust_006877,49.08,9,groceries,FR,1,186,831,1,13,12.79,1,0,53.52,0.917,0,0
tx_live_00003971,cust_004808,1197.49,15,travel,US,0,569,1196,1,7,11.02,1,0,84.74,6.0,0,0
tx_live_00003972,cust_008507,153.33,11,groceries,US,0,130,312,3,11,15.35,0,0,43.86,3.496,0,0
tx_live_00003973,cust_003168,1369.91,9,electronics,US,0,342,1563,2,9,23.29,1,0,128.22,6.0,0,0
tx_live_00003974,cust_001130,155.8,18,groceries,US,0,526,868,4,13,76.34,1,1,42.22,3.69,0,0
tx_live_00003975,cust_009804,44.28,10,online_retail,US,0,734,1491,4,8,30.73,1,1,59.75,0.741,1,0
tx_live_00003976,cust_000419,12.34,21,fuel,US,0,407,1560,0,8,36.87,1,0,45.31,0.272,1,0
tx_live_00003977,cust_005280,1261.88,20,restaurants,US,0,628,900,3,7,10.74,1,0,84.25,6.0,0,0
tx_live_00003978,cust_002326,129.96,6,travel,FR,1,405,951,0,6,43.25,1,0,12.37,10.509,1,0
tx_live_00003979,cust_008558,408.11,19,groceries,US,0,510,1707,0,9,21.27,0,0,38.03,10.731,1,0
tx_live_00003980,cust_003953,11.22,14,groceries,US,0,370,483,1,6,34.31,0,0,42.45,0.264,0,0
tx_live_00003981,cust_008747,10.36,5,groceries,CA,1,81,670,1,7,21.95,1,0,78.13,0.133,0,0
tx_live_00003982,cust_009724,15.72,21,electronics,DE,1,284,2762,0,8,142.99,0,0,19.24,0.817,0,0
tx_live_00003983,cust_009226,37.76,14,groceries,US,0,458,1151,2,6,52.53,0,0,56.24,0.671,0,0
tx_live_00003984,cust_002967,2067.88,9,utilities,US,0,443,900,1,4,12.08,1,0,157.4,6.0,0,0
tx_live_00003985,cust_002480,962.54,11,restaurants,US,0,279,1931,0,5,14.11,1,0,40.8,6.0,0,0
tx_live_00003986,cust_008688,1258.13,20,fuel,US,0,200,1406,1,2,18.76,1,0,103.69,6.0,0,0
tx_live_00003987,cust_002255,1752.61,10,luxury,US,0,508,1731,1,4,7.94,1,0,96.72,6.0,0,0
tx_live_00003988,cust_010101,23.14,18,fuel,US,0,236,1275,1,3,26.12,1,0,47.58,0.486,0,0
tx_live_00003989,cust_008179,1839.81,16,electronics,US,0,149,2527,3,5,54.27,1,0,82.85,6.0,0,0
tx_live_00003990,cust_000300,54.96,20,groceries,US,0,104,1842,5,17,27.54,1,0,33.39,1.646,0,0
tx_live_00003991,cust_003826,101.29,9,online_retail,US,0,34,1400,1,5,57.45,0,0,105.75,0.958,0,0
tx_live_00003992,cust_008174,35.69,10,electronics,CA,1,168,1586,3,14,19.47,1,0,143.55,0.249,0,0
tx_live_00003993,cust_003324,1006.65,14,utilities,US,0,194,1420,1,4,7.36,1,0,27.0,6.0,0,0
tx_live_00003994,cust_004690,28.69,23,groceries,DE,1,465,668,0,8,70.82,1,0,59.82,0.48,0,0
tx_live_00003995,cust_009887,1032.31,9,online_retail,US,0,417,1140,0,7,7.72,1,0,64.33,6.0,0,0
tx_live_00003996,cust_001661,1925.01,18,fuel,US,0,387,904,1,1,23.19,1,0,37.68,6.0,0,0
tx_live_00003997,cust_003453,2185.49,19,restaurants,US,0,520,900,0,4,50.34,1,0,74.41,6.0,0,0
tx_live_00003998,cust_002438,34.57,23,restaurants,US,0,707,1440,1,6,42.31,0,0,35.09,0.985,1,0
tx_live_00003999,cust_006019,1721.08,12,fuel,US,0,436,900,0,6,12.11,1,0,59.52,6.0,0,0
tx_live_00004000,cust_000967,1052.17,18,online_retail,US,0,124,900,0,5,56.77,1,0,39.1,6.0,0,0
tx_live_00004001,cust_004386,79.63,10,travel,BR,1,441,1049,0,6,42.24,1,0,60.29,1.321,0,0
tx_live_00004002,cust_006653,1930.4,17,online_retail,US,0,270,1698,1,5,7.77,1,0,48.24,6.0,0,0
tx_live_00004003,cust_001983,1568.64,13,electronics,US,0,468,1279,0,0,12.3,1,0,40.76,6.0,0,0
tx_live_00004004,cust_003363,1080.33,20,groceries,US,0,313,900,1,3,21.81,1,0,104.5,6.0,0,0
tx_live_00004005,cust_005679,592.67,16,travel,US,0,120,1562,1,5,5.27,1,0,43.57,6.0,0,0
tx_live_00004006,cust_006399,1514.28,13,groceries,US,0,230,900,2,7,5.31,1,0,107.01,6.0,0,0
tx_live_00004007,cust_010397,1883.76,17,online_retail,US,0,120,1071,0,1,49.3,1,0,109.44,6.0,0,0
tx_live_00004008,cust_010415,1537.32,15,electronics,US,0,1226,900,1,1,6.02,1,0,43.98,6.0,0,0
tx_live_00004009,cust_002068,1837.86,18,groceries,US,0,339,900,0,7,14.12,1,0,15.42,6.0,0,0
tx_live_00004010,cust_009639,1681.64,15,online_retail,US,0,255,1007,1,5,6.84,1,0,49.39,6.0,0,0
tx_live_00004011,cust_002023,1803.43,17,electronics,US,0,191,1790,0,2,14.25,1,0,43.7,6.0,0,0
tx_live_00004012,cust_002564,680.26,11,fuel,US,0,370,877,1,11,70.21,1,1,61.71,11.023,0,0
tx_live_00004013,cust_006795,1037.72,20,groceries,US,0,391,912,0,3,29.2,1,0,52.44,6.0,0,0
tx_live_00004014,cust_007267,23.08,1,restaurants,DE,1,566,777,1,8,85.8,1,0,16.43,1.405,0,0
tx_live_00004015,cust_001295,1441.35,14,online_retail,US,0,320,900,0,3,49.27,1,0,34.17,6.0,0,0
tx_live_00004016,cust_004442,1447.25,10,travel,US,0,431,3067,0,3,6.22,1,0,120.08,6.0,0,0
tx_live_00004017,cust_003725,2771.1,12,groceries,US,0,293,1331,0,2,10.59,1,0,23.68,6.0,0,0
tx_live_00004018,cust_010395,14.12,6,online_retail,US,0,164,995,3,10,145.59,1,1,16.7,0.846,0,0
tx_live_00004019,cust_005575,1575.25,16,restaurants,US,0,262,900,1,6,13.66,1,0,39.51,6.0,0,0
tx_live_00004020,cust_006042,1527.19,15,travel,US,0,517,917,1,6,24.28,1,0,49.05,6.0,0,0
tx_live_00004021,cust_004315,998.88,20,fuel,US,0,154,1955,1,4,75.75,1,0,81.89,6.0,0,0
tx_live_00004022,cust_005306,1882.06,17,restaurants,US,0,120,1208,0,5,8.94,1,0,78.18,6.0,0,0
tx_live_00004023,cust_000425,1549.73,13,fuel,US,0,516,900,0,6,8.15,1,0,132.44,6.0,0,0
tx_live_00004024,cust_006103,20.33,10,restaurants,US,0,94,1778,2,8,32.29,1,3,16.55,1.228,1,0
tx_live_00004025,cust_004550,511.86,9,luxury,US,0,222,1371,3,10,19.9,1,0,37.27,6.0,0,0
tx_live_00004026,cust_011094,604.58,14,restaurants,US,0,463,2886,0,3,25.86,1,0,55.38,6.0,0,0
tx_live_00004027,cust_009657,112.46,22,utilities,US,0,331,2631,1,12,51.93,1,0,52.54,2.141,0,0
tx_live_00004028,cust_001510,1050.73,13,fuel,US,0,251,1708,2,5,64.77,1,0,17.62,6.0,0,0
tx_live_00004029,cust_006212,1246.61,18,utilities,US,0,300,958,2,2,20.34,1,0,32.94,6.0,0,0
tx_live_00004030,cust_005023,1071.68,7,restaurants,US,0,482,1116,1,4,63.33,0,2,94.54,11.336,0,0
tx_live_00004031,cust_007980,751.88,12,fuel,US,0,503,1069,0,7,20.54,1,1,44.03,17.076,0,0
tx_live_00004032,cust_003853,2143.02,14,groceries,US,0,176,900,0,5,16.31,1,0,49.7,6.0,0,0
tx_live_00004033,cust_001863,1788.53,17,restaurants,US,0,229,1028,0,5,15.47,1,0,97.15,6.0,0,0
tx_live_00004034,cust_010483,667.71,12,online_retail,US,0,948,900,1,5,2.39,1,0,46.27,6.0,0,0
tx_live_00004035,cust_007314,2142.03,13,travel,US,0,207,1365,3,6,13.17,1,0,31.1,6.0,0,0
tx_live_00004036,cust_009334,1590.0,19,groceries,US,0,302,1340,2,6,3.0,1,0,105.13,6.0,0,0
tx_live_00004037,cust_004191,1379.44,13,restaurants,US,0,425,1238,0,4,27.7,1,0,55.72,6.0,0,0
tx_live_00004038,cust_003213,94.56,6,restaurants,FR,1,357,672,2,5,13.47,1,0,50.98,1.855,0,0
tx_live_00004039,cust_011576,8.59,23,groceries,CA,1,501,1061,1,4,90.3,1,1,54.32,0.158,0,0
tx_live_00004040,cust_000188,1851.67,13,groceries,US,0,258,900,2,5,18.37,1,0,67.1,6.0,0,0
tx_live_00004041,cust_001215,1014.29,13,online_retail,US,0,546,1000,0,2,56.52,1,0,7.98,6.0,0,0
tx_live_00004042,cust_006466,821.75,20,electronics,US,0,428,1317,0,6,32.08,1,0,36.53,6.0,0,0
tx_live_00004043,cust_009299,629.18,20,restaurants,US,0,352,1049,1,4,20.73,1,0,68.2,6.0,0,0
tx_live_00004044,cust_000667,27.71,23,fuel,CA,1,430,1662,0,5,42.34,1,0,77.46,0.358,0,0
tx_live_00004045,cust_001438,870.58,12,electronics,US,0,167,900,1,6,7.38,1,0,221.72,3.926,0,0
tx_live_00004046,cust_000750,91.8,22,groceries,US,0,334,574,1,9,87.46,1,1,79.74,1.151,0,0
tx_live_00004047,cust_005011,23.24,20,fuel,US,0,298,600,1,7,105.35,1,0,12.35,1.882,0,0
tx_live_00004048,cust_010351,788.78,19,fuel,US,0,227,1181,3,6,77.77,1,0,48.34,6.0,0,0
tx_live_00004049,cust_000852,81.19,11,travel,US,0,265,1459,3,12,32.51,0,2,42.68,1.902,0,0
tx_live_00004050,cust_010886,1425.83,11,fuel,US,0,249,1286,2,6,7.16,1,0,251.04,5.68,0,0
tx_live_00004051,cust_001992,58.51,4,travel,US,0,331,704,1,6,24.67,0,1,64.15,0.912,0,0
tx_live_00004052,cust_005399,109.03,4,luxury,US,0,255,1651,2,6,53.2,0,0,45.63,2.389,0,0
tx_live_00004053,cust_002640,43.99,4,groceries,US,0,316,836,2,8,31.19,1,0,24.83,1.772,0,0
tx_live_00004054,cust_007299,823.73,15,groceries,US,0,790,1522,3,6,4.29,1,0,43.13,6.0,0,0
tx_live_00004055,cust_000518,1275.08,18,travel,US,0,569,900,1,4,6.13,1,0,44.41,6.0,0,0
tx_live_00004056,cust_005960,1024.68,12,online_retail,US,0,120,1460,0,4,80.09,1,0,63.25,6.0,0,0
tx_live_00004057,cust_008836,206.2,7,groceries,US,0,197,1397,0,3,37.22,0,0,24.67,8.359,0,0
tx_live_00004058,cust_011559,263.76,7,online_retail,US,0,129,626,0,7,29.08,1,0,21.1,12.498,0,0
tx_live_00004059,cust_007869,17.08,16,luxury,GB,1,203,933,3,11,20.76,1,0,17.37,0.984,0,0
tx_live_00004060,cust_005791,2399.15,13,fuel,US,0,393,900,1,4,56.88,1,0,21.52,6.0,0,0
tx_live_00004061,cust_010261,915.78,9,luxury,US,0,792,900,1,5,28.12,1,0,90.4,6.0,0,0
tx_live_00004062,cust_006265,1231.45,19,groceries,US,0,205,1375,1,6,8.29,1,0,68.84,6.0,0,0
tx_live_00004063,cust_011017,1782.38,16,travel,US,0,331,1193,2,8,22.23,1,0,89.97,6.0,0,0
tx_live_00004064,cust_009954,1207.37,14,travel,US,0,315,1860,0,4,18.09,1,0,82.84,6.0,0,0
tx_live_00004065,cust_001637,1418.5,10,electronics,US,0,332,900,0,2,36.19,1,0,175.02,6.0,0,0
tx_live_00004066,cust_001778,1061.55,18,groceries,US,0,200,1317,0,8,11.58,1,0,28.86,6.0,0,0
tx_live_00004067,cust_011285,189.15,12,electronics,US,0,244,810,2,8,17.17,1,0,18.2,10.393,0,0
tx_live_00004068,cust_004115,107.34,2,groceries,US,0,144,1667,1,7,105.72,0,0,59.19,1.814,0,0
tx_live_00004069,cust_011114,181.19,16,groceries,CA,1,142,906,1,7,140.81,0,0,20.14,8.996,0,1
tx_live_00004070,cust_009186,829.17,20,electronics,US,0,532,1375,2,7,31.95,1,0,28.23,6.0,0,0
tx_live_00004071,cust_006583,1603.67,18,groceries,US,0,131,900,2,6,59.73,1,0,161.78,6.0,0,0
tx_live_00004072,cust_003669,1731.48,10,electronics,US,0,269,1912,1,6,69.39,1,0,37.44,6.0,0,0
tx_live_00004073,cust_002306,1608.47,9,electronics,US,0,190,900,1,5,41.49,1,0,28.2,6.0,0,0
tx_live_00004074,cust_000548,1930.86,10,restaurants,US,0,542,900,0,7,37.74,1,0,72.13,6.0,0,0
tx_live_00004075,cust_000803,2034.89,10,electronics,US,0,533,1925,0,8,17.83,1,0,9.68,6.0,0,0
tx_live_00004076,cust_001979,1354.56,17,electronics,US,0,255,900,2,6,11.7,1,0,40.02,6.0,0,0
tx_live_00004077,cust_002906,1019.69,20,groceries,US,0,624,2220,1,10,30.08,1,0,64.37,6.0,0,0
tx_live_00004078,cust_000745,1996.48,9,online_retail,US,0,397,900,0,1,37.1,1,0,101.94,6.0,0,0
tx_live_00004079,cust_011303,55.88,18,travel,US,0,1497,1145,1,6,58.31,1,0,89.74,0.623,0,0
tx_live_00004080,cust_011700,1200.15,13,electronics,US,0,472,1456,0,2,76.06,1,0,82.72,6.0,0,0
tx_live_00004081,cust_011729,1364.22,17,utilities,US,0,150,1096,1,3,59.92,1,0,198.95,6.0,0,0
tx_live_00004082,cust_008046,1233.98,16,groceries,US,0,120,900,1,3,1.02,1,0,166.38,6.0,0,0
tx_live_00004083,cust_006248,1341.66,9,fuel,US,0,276,1034,3,6,7.06,1,0,24.16,6.0,0,0
tx_live_00004084,cust_009117,44.05,2,fuel,US,0,298,335,1,9,35.08,1,0,26.83,1.642,0,0
tx_live_00004085,cust_011185,1005.44,17,electronics,US,0,331,1141,0,5,25.25,1,0,18.6,6.0,0,0
tx_live_00004086,cust_010692,165.9,22,electronics,CA,1,251,1890,0,9,27.06,0,0,47.23,3.513,0,0
tx_live_00004087,cust_009172,69.39,10,electronics,US,0,153,1689,1,7,59.67,1,0,42.74,1.623,0,0
tx_live_00004088,cust_005789,382.37,14,online_retail,FR,1,784,1099,2,8,22.48,1,0,92.46,4.136,0,0
tx_live_00004089,cust_004585,9.78,4,groceries,US,0,127,835,1,5,28.94,0,1,18.06,0.542,0,0
tx_live_00004090,cust_002832,949.09,15,groceries,US,0,322,1396,0,4,26.46,1,0,25.32,6.0,0,0
tx_live_00004091,cust_006160,972.04,18,electronics,US,0,263,900,2,5,8.51,1,0,47.83,6.0,0,0
tx_live_00004092,cust_004808,1293.45,17,restaurants,US,0,225,2417,1,2,24.59,1,0,132.55,6.0,0,0
tx_live_00004093,cust_006613,1896.64,11,utilities,US,0,521,1641,0,3,11.33,1,0,109.77,6.0,0,0
tx_live_00004094,cust_002559,698.29,14,restaurants,US,0,175,1654,1,6,20.45,1,0,56.29,6.0,0,0
tx_live_00004095,cust_001626,733.23,18,fuel,US,0,508,1839,0,5,77.92,1,0,46.91,6.0,0,0
tx_live_00004096,cust_004408,65.38,9,online_retail,FR,1,817,1442,3,10,21.06,0,1,40.4,1.618,0,0
tx_live_00004097,cust_005339,1164.47,12,restaurants,US,0,144,1543,1,7,4.9,1,0,44.28,6.0,0,0
tx_live_00004098,cust_005066,811.6,9,restaurants,US,0,396,900,0,6,47.51,1,0,137.99,5.882,0,0
tx_live_00004099,cust_006017,1450.94,15,utilities,US,0,333,1198,3,4,12.57,1,0,55.75,6.0,0,0
tx_live_00004100,cust_002940,183.89,15,luxury,DE,1,142,852,1,6,170.63,1,0,81.28,2.262,0,0
tx_live_00004101,cust_002354,836.76,9,groceries,US,0,258,1850,1,3,40.07,1,0,13.32,6.0,0,0
tx_live_00004102,cust_005878,1506.01,9,electronics,US,0,808,900,1,7,64.02,1,0,32.75,6.0,0,0
tx_live_00004103,cust_007749,1317.94,18,luxury,US,0,120,900,2,8,37.65,1,0,102.0,6.0,0,0
tx_live_00004104,cust_002015,269.19,12,fuel,US,0,690,433,2,7,43.54,0,0,128.83,2.089,0,0
tx_live_00004105,cust_007953,40.27,0,groceries,CA,1,199,623,0,4,74.55,1,0,87.83,0.458,0,0
tx_live_00004106,cust_003642,41.04,22,online_retail,US,0,486,2673,0,8,30.73,1,0,60.23,0.681,0,0
tx_live_00004107,cust_011207,1082.64,20,fuel,US,0,508,900,1,9,40.4,1,0,16.45,6.0,0,0
tx_live_00004108,cust_003305,139.24,13,online_retail,US,0,512,400,2,11,32.74,1,0,33.67,4.135,0,0
tx_live_00004109,cust_011943,976.37,19,online_retail,US,0,131,981,1,4,28.19,1,0,28.39,6.0,0,0
tx_live_00004110,cust_011737,2987.88,16,utilities,US,0,724,900,0,6,22.96,1,0,77.86,6.0,0,0
tx_live_00004111,cust_006565,97.06,8,electronics,US,0,139,1328,2,8,64.28,1,1,15.36,6.319,1,0
tx_live_00004112,cust_001613,55.35,6,groceries,US,0,470,403,1,5,40.79,0,0,52.21,1.06,0,0
tx_live_00004113,cust_010158,21.97,4,fuel,US,0,459,1359,2,8,34.09,1,0,5.28,4.157,0,0
tx_live_00004114,cust_002794,36.99,13,fuel,US,0,929,1160,1,4,48.0,1,1,40.36,0.917,0,0
tx_live_00004115,cust_000279,1138.65,15,fuel,US,0,229,1681,0,2,56.65,1,0,18.24,6.0,0,0
tx_live_00004116,cust_007084,81.58,11,electronics,CA,1,305,2268,3,7,43.87,1,0,6.39,12.772,0,0
tx_live_00004117,cust_008071,113.47,21,electronics,US,0,179,1610,2,7,21.25,0,1,14.85,7.64,1,1
tx_live_00004118,cust_002198,1955.59,17,online_retail,US,0,227,900,1,2,16.69,1,0,28.73,6.0,0,0
tx_live_00004119,cust_000714,27.37,1,electronics,US,0,403,551,1,7,47.35,0,0,61.99,0.442,0,0
tx_live_00004120,cust_000412,82.37,20,travel,CA,1,380,904,1,16,11.2,1,0,29.64,2.779,0,0
tx_live_00004121,cust_004766,902.63,10,online_retail,US,0,466,1596,1,6,47.39,1,0,68.28,6.0,0,0
tx_live_00004122,cust_011607,1243.43,18,electronics,US,0,363,1793,1,5,45.48,1,0,20.13,6.0,0,0
tx_live_00004123,cust_009299,656.6,5,online_retail,US,0,214,707,1,6,11.39,0,0,23.99,27.366,0,0
tx_live_00004124,cust_005885,1999.0,19,electronics,US,0,264,900,0,3,1.35,1,0,128.85,6.0,0,0
tx_live_00004125,cust_010133,1497.05,14,groceries,US,0,446,1118,0,4,0.2,1,0,38.83,6.0,0,0
tx_live_00004126,cust_000827,922.7,17,online_retail,US,0,120,900,0,3,13.9,1,0,74.73,6.0,0,0
tx_live_00004127,cust_010172,1411.4,11,restaurants,US,0,352,900,1,4,32.94,1,0,78.57,6.0,0,0
tx_live_00004128,cust_000672,1596.27,10,travel,US,0,134,2158,2,5,18.68,1,0,52.26,6.0,0,0
tx_live_00004129,cust_006843,1379.41,11,restaurants,US,0,401,900,2,3,30.49,1,0,27.11,6.0,0,0
tx_live_00004130,cust_009942,629.53,14,groceries,US,0,133,900,1,4,20.79,1,0,44.91,6.0,0,0
tx_live_00004131,cust_004763,1264.65,15,electronics,US,0,127,900,0,7,17.13,1,0,77.01,6.0,0,0
tx_live_00004132,cust_004936,1232.96,17,restaurants,US,0,197,900,2,3,26.43,1,0,37.79,6.0,0,0
tx_live_00004133,cust_004716,1638.3,12,electronics,US,0,328,1318,2,5,23.13,1,0,57.2,6.0,0,0
tx_live_00004134,cust_000751,2258.92,9,restaurants,US,0,397,2069,0,4,14.19,1,0,18.75,6.0,0,0
tx_live_00004135,cust_010296,10.52,18,fuel,BR,1,198,962,2,8,128.78,1,0,25.23,0.417,1,0
tx_live_00004136,cust_011179,118.83,23,groceries,US,0,367,1091,1,7,48.4,1,1,109.69,1.083,0,0
tx_live_00004137,cust_003921,1913.55,10,fuel,US,0,202,1308,0,2,9.45,1,0,16.55,6.0,0,0
tx_live_00004138,cust_000124,1236.49,17,luxury,US,0,120,900,1,8,11.09,1,0,86.86,6.0,0,0
tx_live_00004139,cust_005441,1285.45,15,online_retail,US,0,447,900,0,4,5.33,1,0,13.84,6.0,0,0
tx_live_00004140,cust_002448,1247.82,9,luxury,US,0,551,1560,1,10,30.56,1,0,39.42,6.0,0,0
tx_live_00004141,cust_000991,1252.73,13,utilities,US,0,500,900,0,3,3.64,1,0,21.68,6.0,0,0
tx_live_00004142,cust_008161,1546.53,20,travel,US,0,889,900,0,7,18.55,1,0,15.5,6.0,0,0
tx_live_00004143,cust_000577,1341.75,19,travel,US,0,280,3619,0,9,7.94,1,0,103.04,6.0,0,0
tx_live_00004144,cust_006881,46.12,23,groceries,US,0,511,1093,0,4,48.67,0,0,134.79,0.342,1,0
tx_live_00004145,cust_004813,32.78,14,online_retail,US,0,256,1108,3,7,99.23,1,0,14.85,2.207,0,0
tx_live_00004146,cust_004394,270.78,0,fuel,US,0,140,783,1,9,65.42,0,0,38.51,7.032,1,0
tx_live_00004147,cust_002376,973.6,11,fuel,US,0,905,900,2,6,33.94,1,0,64.31,6.0,0,0
tx_live_00004148,cust_002920,1390.51,9,groceries,US,0,1161,900,2,10,11.57,1,0,15.15,6.0,0,0
tx_live_00004149,cust_010889,1446.27,15,electronics,US,0,147,900,0,5,7.43,1,0,51.99,6.0,0,0
tx_live_00004150,cust_002632,46.55,1,groceries,CA,1,350,1041,0,3,9.8,1,0,66.48,0.7,0,0
tx_live_00004151,cust_003459,1744.07,10,groceries,US,0,870,900,1,5,10.52,1,0,28.53,6.0,0,0
tx_live_00004152,cust_000595,1448.04,20,groceries,US,0,331,1301,2,8,66.38,1,0,81.87,6.0,0,0
tx_live_00004153,cust_009674,74.77,2,restaurants,US,0,93,757,1,11,91.82,1,0,50.11,1.492,0,0
tx_live_00004154,cust_002703,52.61,12,restaurants,US,0,301,1916,2,12,4.74,1,0,42.8,1.229,0,0
tx_live_00004155,cust_005721,881.5,15,groceries,US,0,520,1117,0,3,8.98,1,0,131.97,6.0,0,0
tx_live_00004156,cust_011535,1075.06,16,travel,US,0,490,1110,0,8,91.11,1,0,81.1,6.0,0,0
tx_live_00004157,cust_008439,1663.35,18,online_retail,US,0,297,1443,0,2,42.86,1,0,40.53,6.0,0,0
tx_live_00004158,cust_006069,1695.84,15,online_retail,US,0,503,900,1,2,37.28,1,0,104.66,6.0,0,0
tx_live_00004159,cust_011562,64.71,12,electronics,CA,1,229,1525,0,8,80.93,1,0,55.06,1.175,1,0
tx_live_00004160,cust_004409,119.07,16,restaurants,FR,1,236,1192,0,6,12.1,1,0,119.63,0.995,0,0
tx_live_00004161,cust_006604,203.32,15,restaurants,GB,1,304,410,2,3,7.99,1,0,73.01,2.785,0,0
tx_live_00004162,cust_003790,150.99,23,travel,US,0,328,3881,2,6,37.06,0,1,18.34,8.233,0,0
tx_live_00004163,cust_010095,1184.25,14,groceries,US,0,509,900,0,2,47.63,1,0,74.8,6.0,0,0
tx_live_00004164,cust_008594,2272.44,9,groceries,US,0,508,1498,0,5,20.39,1,0,169.6,6.0,0,0
tx_live_00004165,cust_010789,19.97,15,electronics,CA,1,453,1076,1,11,194.31,1,1,17.3,1.154,0,0
tx_live_00004166,cust_001883,2752.66,18,restaurants,US,0,390,900,2,7,14.38,1,0,37.71,6.0,0,0
tx_live_00004167,cust_007383,2687.66,10,restaurants,US,0,690,900,0,1,14.99,1,0,27.47,6.0,0,0
tx_live_00004168,cust_009182,1523.66,11,fuel,US,0,396,1617,2,8,71.56,1,0,28.69,6.0,0,0
tx_live_00004169,cust_007746,45.54,17,fuel,DE,1,329,1841,1,4,92.32,0,0,25.77,1.767,0,0
tx_live_00004170,cust_008005,239.24,18,utilities,US,0,129,701,1,8,70.61,0,0,48.61,4.922,0,0
tx_live_00004171,cust_002577,66.97,18,utilities,US,0,324,999,3,5,74.16,1,1,73.51,0.911,0,0
tx_live_00004172,cust_003076,966.24,13,groceries,US,0,276,1076,0,4,8.58,1,0,43.8,6.0,0,0
tx_live_00004173,cust_006151,709.7,18,electronics,US,0,223,1935,0,5,4.57,1,0,104.86,6.0,0,0
tx_live_00004174,cust_004866,912.1,17,restaurants,US,0,139,1427,1,5,19.86,1,0,36.39,6.0,0,0
tx_live_00004175,cust_011389,26.46,5,luxury,GB,1,544,1837,1,8,26.5,1,0,45.37,0.583,0,0
tx_live_00004176,cust_003953,847.44,19,online_retail,US,0,472,1269,1,5,26.31,0,0,26.79,31.63,0,0
tx_live_00004177,cust_011730,1317.24,17,online_retail,US,0,120,900,0,5,13.27,1,0,108.97,6.0,0,0
tx_live_00004178,cust_003094,1711.5,14,electronics,US,0,319,1323,1,4,7.67,1,0,57.19,6.0,0,0
tx_live_00004179,cust_008415,1793.15,17,electronics,US,0,120,1225,1,2,14.51,1,0,57.0,6.0,0,0
tx_live_00004180,cust_003479,1306.22,17,electronics,US,0,394,1056,1,3,18.61,1,0,51.86,6.0,0,0
tx_live_00004181,cust_010158,24.86,21,groceries,US,0,292,2046,0,3,11.41,0,0,33.7,0.738,0,0
tx_live_00004182,cust_002963,136.54,2,online_retail,US,0,420,1123,1,9,47.47,1,0,45.17,3.022,0,0
tx_live_00004183,cust_007783,1308.67,18,electronics,US,0,625,1560,2,5,28.89,1,0,36.96,6.0,0,0
tx_live_00004184,cust_003496,728.79,11,fuel,US,0,222,1502,1,4,4.91,1,0,27.61,6.0,0,0
tx_live_00004185,cust_004335,36.69,12,fuel,US,0,258,1111,0,11,37.64,0,0,41.86,0.876,0,0
tx_live_00004186,cust_002838,2567.75,17,travel,US,0,422,1954,0,5,12.96,1,0,99.0,6.0,0,0
tx_live_00004187,cust_005591,1139.97,13,online_retail,US,0,120,1208,1,7,8.66,1,0,261.25,4.363,0,0
tx_live_00004188,cust_008111,853.65,14,online_retail,US,0,214,900,3,7,22.6,1,0,88.06,6.0,0,0
tx_live_00004189,cust_002580,1800.93,19,online_retail,US,0,411,1065,1,5,23.85,1,0,104.47,6.0,0,0
tx_live_00004190,cust_002602,1580.87,14,groceries,US,0,301,2090,0,1,12.6,1,0,72.06,6.0,0,0
tx_live_00004191,cust_009895,17.02,2,online_retail,MX,1,117,506,1,12,50.21,1,0,30.21,0.563,0,0
tx_live_00004192,cust_000856,2224.06,13,groceries,US,0,404,1639,2,6,29.75,1,0,105.1,6.0,0,0
tx_live_00004193,cust_000299,101.98,9,groceries,US,0,172,1484,1,6,237.94,0,0,36.68,2.78,0,0
tx_live_00004194,cust_008215,1375.35,13,online_retail,US,0,176,900,0,4,11.39,1,0,73.62,6.0,0,0
tx_live_00004195,cust_002700,1869.45,17,restaurants,US,0,414,900,1,6,23.56,1,0,77.25,6.0,0,0
tx_live_00004196,cust_011440,966.2,14,luxury,US,0,332,900,0,3,7.01,1,0,100.42,6.0,0,0
tx_live_00004197,cust_003195,365.01,14,restaurants,US,0,1021,2393,0,9,121.2,1,0,79.91,4.568,0,0
tx_live_00004198,cust_003454,1272.74,11,restaurants,US,0,556,1579,1,4,33.96,1,0,43.92,6.0,0,0
tx_live_00004199,cust_002631,106.35,10,groceries,DE,1,38,559,1,9,57.45,0,0,7.65,13.899,0,1
tx_live_00004200,cust_003423,30.77,6,electronics,US,0,105,1067,1,9,39.2,1,0,43.7,0.704,0,0
tx_live_00004201,cust_000786,927.89,19,utilities,US,0,981,900,0,5,2.28,1,0,63.83,6.0,0,0
tx_live_00004202,cust_002102,1253.87,11,luxury,US,0,192,2115,0,6,15.04,1,0,33.56,6.0,0,0
tx_live_00004203,cust_004270,845.14,9,groceries,US,0,223,900,0,3,54.86,1,0,101.58,6.0,0,0
tx_live_00004204,cust_008198,1408.49,20,groceries,US,0,120,1345,2,6,6.14,1,0,48.02,6.0,0,0
tx_live_00004205,cust_011278,1126.97,16,online_retail,US,0,804,1724,2,7,40.99,1,0,84.06,6.0,0,0
tx_live_00004206,cust_001802,3127.2,19,restaurants,US,0,338,1821,2,5,5.65,1,0,48.42,6.0,0,0
tx_live_00004207,cust_004980,73.98,17,restaurants,CA,1,80,1445,1,6,15.85,1,0,16.6,4.456,0,0
tx_live_00004208,cust_011250,1708.92,14,restaurants,US,0,220,1485,1,5,31.56,1,0,16.85,6.0,0,0
tx_live_00004209,cust_011323,33.92,21,groceries,CA,1,939,972,1,5,90.58,1,0,21.86,1.552,0,0
tx_live_00004210,cust_011664,1326.78,19,groceries,US,0,662,2359,0,1,31.61,1,0,51.74,6.0,0,0
tx_live_00004211,cust_000442,183.17,14,luxury,US,0,434,821,1,7,30.44,0,0,46.24,3.962,0,0
tx_live_00004212,cust_011493,1298.59,20,electronics,US,0,412,1655,0,5,13.77,1,0,23.68,6.0,0,0
tx_live_00004213,cust_003911,164.36,18,travel,CA,1,292,1591,0,7,25.27,1,0,48.85,3.365,0,0
tx_live_00004214,cust_005853,32.55,9,online_retail,CA,1,400,1514,2,8,72.1,0,0,127.39,0.256,1,0
tx_live_00004215,cust_010909,2002.18,11,online_retail,US,0,241,900,2,7,8.66,1,0,39.17,6.0,0,0
tx_live_00004216,cust_006153,1689.93,20,restaurants,US,0,241,1926,2,3,7.34,1,0,19.04,6.0,0,0
tx_live_00004217,cust_007693,81.64,6,online_retail,US,0,390,315,0,6,52.94,1,0,117.85,0.693,0,0
tx_live_00004218,cust_001158,130.19,15,groceries,US,0,54,1261,1,7,75.52,1,0,52.34,2.487,0,0
tx_live_00004219,cust_005384,1756.13,16,electronics,US,0,237,2573,0,7,14.25,1,0,69.7,6.0,0,0
tx_live_00004220,cust_011222,1265.82,19,groceries,US,0,129,900,1,9,29.19,1,0,139.06,6.0,0,0
tx_live_00004221,cust_006081,1347.65,16,groceries,US,0,463,1449,3,10,30.98,1,0,20.87,6.0,0,0
tx_live_00004222,cust_001137,1576.61,12,online_retail,US,0,864,1223,1,3,17.5,1,0,39.23,6.0,0,0
tx_live_00004223,cust_000840,1702.44,20,online_retail,US,0,319,949,1,3,8.48,1,0,11.18,6.0,0,0
tx_live_00004224,cust_002845,1263.46,9,restaurants,US,0,150,1008,1,6,6.98,1,0,33.19,6.0,0,0
tx_live_00004225,cust_002790,878.94,20,restaurants,US,0,201,2589,1,4,5.8,1,0,18.46,6.0,0,0
tx_live_00004226,cust_005546,1934.53,11,fuel,US,0,120,900,0,4,8.34,1,0,37.39,6.0,0,0
tx_live_00004227,cust_007046,995.25,17,fuel,US,0,184,900,3,7,4.28,1,0,25.92,6.0,0,0
tx_live_00004228,cust_011299,100.71,22,restaurants,US,0,161,1917,1,6,70.04,1,0,30.91,3.258,0,0
tx_live_00004229,cust_005233,19.73,1,restaurants,US,0,98,478,0,13,116.53,1,0,100.24,0.197,0,0
tx_live_00004230,cust_000559,131.23,3,restaurants,US,0,326,737,1,9,107.26,0,0,18.13,7.24,0,0
tx_live_00004231,cust_010245,71.44,4,online_retail,US,0,261,2104,0,4,72.49,1,0,24.94,2.865,0,0
tx_live_00004232,cust_011293,908.35,14,restaurants,US,0,420,972,2,10,7.8,1,0,128.8,6.0,0,0
tx_live_00004233,cust_007485,1075.09,9,online_retail,US,0,510,900,0,2,22.11,1,0,79.81,6.0,0,0
tx_live_00004234,cust_011081,2138.78,11,groceries,US,0,244,1001,1,6,22.8,1,0,63.92,6.0,0,0
tx_live_00004235,cust_005188,105.42,3,travel,US,0,400,1536,2,7,89.69,1,0,28.91,3.647,0,0
tx_live_00004236,cust_008735,215.71,9,utilities,CA,1,302,483,0,4,7.94,1,0,115.23,1.872,0,0
tx_live_00004237,cust_003536,62.25,7,restaurants,US,0,335,1278,0,5,32.03,1,0,26.85,2.318,0,0
tx_live_00004238,cust_002157,1236.31,19,online_retail,US,0,182,1405,2,7,40.81,1,0,35.55,6.0,0,0
tx_live_00004239,cust_001386,1155.32,10,travel,US,0,408,1092,1,3,20.96,1,0,49.0,6.0,0,0
tx_live_00004240,cust_011622,225.82,3,utilities,US,0,412,503,1,8,107.15,1,0,71.04,3.179,0,0
tx_live_00004241,cust_011659,1173.4,9,travel,US,0,243,900,1,4,63.03,1,0,59.67,6.0,0,0
tx_live_00004242,cust_009994,2418.37,16,electronics,US,0,120,2107,1,7,6.68,1,0,38.19,6.0,0,0
tx_live_00004243,cust_006816,1170.33,11,groceries,US,0,144,900,0,1,3.86,1,0,121.17,6.0,0,0
tx_live_00004244,cust_004616,1116.36,9,fuel,US,0,164,2122,0,3,12.77,1,0,63.26,6.0,0,0
tx_live_00004245,cust_005879,1324.27,12,groceries,US,0,356,900,0,1,69.69,1,0,19.03,6.0,0,0
tx_live_00004246,cust_010471,22.62,3,groceries,US,0,329,962,1,8,43.25,1,0,24.36,0.928,0,0
tx_live_00004247,cust_004021,2.51,20,groceries,US,0,163,1186,1,8,15.89,1,0,83.66,0.05,0,0
tx_live_00004248,cust_002235,1343.12,10,restaurants,US,0,180,1146,2,4,11.3,1,0,87.22,6.0,0,0
tx_live_00004249,cust_002262,13.94,1,restaurants,GB,1,212,585,1,10,75.26,1,0,77.51,0.18,0,0
tx_live_00004250,cust_006359,13.53,18,travel,CA,1,656,1912,0,8,5.78,1,0,12.73,1.063,0,0
tx_live_00004251,cust_000440,533.87,15,groceries,US,0,174,900,0,5,37.34,1,0,52.02,6.0,0,0
tx_live_00004252,cust_005959,2608.43,15,fuel,US,0,240,900,1,3,37.05,1,0,104.42,6.0,0,0
tx_live_00004253,cust_008506,13.06,12,fuel,CA,1,377,384,0,3,18.21,1,0,36.17,0.361,0,0
tx_live_00004254,cust_008701,1084.8,13,groceries,US,0,494,1536,2,7,36.27,1,0,20.77,6.0,0,0
tx_live_00004255,cust_011027,33.03,20,travel,US,0,316,1208,1,8,116.88,1,0,95.86,0.345,0,0
tx_live_00004256,cust_009634,1481.54,11,restaurants,US,0,685,900,1,6,14.07,1,0,63.6,6.0,0,0
tx_live_00004257,cust_006854,1519.71,17,groceries,US,0,453,900,0,4,28.49,1,0,83.87,6.0,0,0
tx_live_00004258,cust_007367,1734.84,18,restaurants,US,0,409,1066,0,5,15.66,1,0,28.23,6.0,0,0
tx_live_00004259,cust_005656,211.84,10,groceries,US,0,245,570,4,12,70.52,1,0,91.89,2.305,0,0
tx_live_00004260,cust_008789,1724.63,14,restaurants,US,0,120,900,1,8,37.72,1,0,71.86,6.0,0,0
tx_live_00004261,cust_008580,184.12,11,fuel,US,0,281,1642,0,9,99.42,0,0,151.37,1.216,0,0
tx_live_00004262,cust_011055,1363.06,10,fuel,US,0,512,1255,0,5,68.2,1,0,49.36,6.0,0,0
tx_live_00004263,cust_011937,1899.25,19,online_retail,US,0,403,1979,0,7,2.22,1,0,15.94,6.0,0,0
tx_live_00004264,cust_004177,29.84,14,online_retail,US,0,90,1511,2,14,1.84,0,0,39.81,0.75,0,0
tx_live_00004265,cust_002207,1779.75,16,travel,US,0,260,1346,2,5,18.87,1,0,19.54,6.0,0,0
tx_live_00004266,cust_003893,49.2,15,groceries,CA,1,350,1041,2,13,58.4,0,0,66.36,0.741,0,0
tx_live_00004267,cust_004403,1116.42,9,groceries,US,0,205,1192,0,5,5.05,1,0,20.51,6.0,0,0
tx_live_00004268,cust_000990,51.9,8,electronics,US,0,270,932,1,6,89.34,0,0,98.38,0.528,0,0
tx_live_00004269,cust_003775,1694.43,13,fuel,US,0,512,1404,0,5,7.12,1,0,51.3,6.0,0,0
tx_live_00004270,cust_010534,1373.57,16,electronics,US,0,368,993,2,8,29.57,1,0,163.98,6.0,0,0
tx_live_00004271,cust_001770,90.84,18,luxury,CA,1,737,734,1,7,74.95,0,0,38.19,2.379,0,0
tx_live_00004272,cust_006955,24.42,17,fuel,US,0,23,1779,0,4,26.88,0,0,100.0,0.244,0,0
tx_live_00004273,cust_003053,976.36,14,groceries,US,0,417,1541,0,6,12.21,1,0,21.39,6.0,0,0
tx_live_00004274,cust_008612,2618.42,20,groceries,US,0,120,900,0,5,42.45,1,0,40.9,6.0,0,0
tx_live_00004275,cust_001383,1583.19,12,restaurants,US,0,135,900,0,5,7.95,1,0,30.1,6.0,0,0
tx_live_00004276,cust_003315,840.82,10,luxury,US,0,1087,900,0,4,23.47,1,0,102.87,6.0,0,0
tx_live_00004277,cust_005594,85.46,10,luxury,GB,1,56,2073,3,10,147.67,1,0,69.44,1.231,0,0
tx_live_00004278,cust_004332,1792.87,11,electronics,US,0,120,1051,0,4,18.18,1,0,31.99,6.0,0,0
tx_live_00004279,cust_005604,13.57,3,groceries,US,0,385,708,1,7,59.06,0,0,81.31,0.167,1,0
tx_live_00004280,cust_008340,1133.1,20,luxury,US,0,239,1344,0,5,13.61,1,0,72.47,6.0,0,0
tx_live_00004281,cust_007224,1070.82,14,groceries,US,0,497,900,1,7,3.67,1,0,210.03,5.098,0,0
tx_live_00004282,cust_001739,1188.23,12,restaurants,US,0,246,2026,1,2,0.49,1,0,73.82,6.0,0,0
tx_live_00004283,cust_006339,1165.36,11,travel,US,0,198,1858,0,10,20.7,1,0,258.31,4.511,0,0
tx_live_00004284,cust_001730,1120.77,17,groceries,US,0,290,900,1,4,38.41,1,0,65.21,6.0,0,0
tx_live_00004285,cust_009386,2393.55,9,restaurants,US,0,1195,1490,2,6,2.18,1,0,32.33,6.0,0,0
tx_live_00004286,cust_008091,1700.39,16,groceries,US,0,301,900,2,6,14.33,1,0,43.01,6.0,0,0
tx_live_00004287,cust_001305,1128.72,20,fuel,US,0,503,1664,1,2,6.25,1,0,84.21,6.0,0,0
tx_live_00004288,cust_001357,143.43,5,restaurants,FR,1,123,3061,0,8,9.33,1,1,34.6,4.145,0,0
tx_live_00004289,cust_000132,2742.75,19,luxury,US,0,686,1239,0,2,15.45,1,0,53.25,6.0,0,0
tx_live_00004290,cust_011595,597.2,9,electronics,US,0,303,1129,2,5,22.25,1,0,53.04,6.0,0,0
tx_live_00004291,cust_008867,1075.53,11,restaurants,US,0,302,1833,2,2,36.63,1,0,44.81,6.0,0,0
tx_live_00004292,cust_007119,552.33,13,luxury,US,0,455,1468,3,10,36.39,1,0,32.52,6.0,0,0
tx_live_00004293,cust_005780,27.49,11,restaurants,CA,1,748,1735,3,8,34.74,1,1,82.29,0.334,0,0
tx_live_00004294,cust_001819,42.19,16,groceries,MX,1,361,471,4,9,113.05,1,0,53.3,0.792,0,0
tx_live_00004295,cust_006641,367.11,14,restaurants,US,0,492,1026,3,8,59.12,1,0,97.89,3.75,0,0
tx_live_00004296,cust_002889,1111.73,12,fuel,US,0,431,1100,0,2,52.29,1,0,24.29,6.0,0,0
tx_live_00004297,cust_005728,1378.67,18,restaurants,US,0,407,2015,2,4,42.71,1,0,34.37,6.0,0,0
tx_live_00004298,cust_000965,1412.76,9,restaurants,US,0,152,1601,0,2,13.09,1,0,78.65,6.0,0,0
tx_live_00004299,cust_004216,441.49,4,electronics,US,0,145,1077,1,7,26.22,0,0,83.89,5.263,0,0
tx_live_00004300,cust_006872,2271.12,9,online_retail,US,0,442,900,0,6,10.86,1,0,51.32,6.0,0,0
tx_live_00004301,cust_010789,968.53,15,restaurants,US,0,120,1408,2,2,3.98,1,0,31.41,6.0,0,0
tx_live_00004302,cust_011938,1263.19,18,fuel,US,0,474,1444,0,5,36.85,1,0,44.34,6.0,0,0
tx_live_00004303,cust_003218,680.82,9,electronics,US,0,708,1029,2,4,2.76,1,0,59.51,6.0,0,0
tx_live_00004304,cust_000925,25.47,0,electronics,US,0,236,1568,1,10,58.9,1,2,37.43,0.68,0,0
tx_live_00004305,cust_001756,52.96,6,online_retail,US,0,483,1320,2,10,21.73,1,2,110.24,0.48,0,0
tx_live_00004306,cust_006336,2251.84,17,fuel,US,0,142,1625,1,5,26.65,1,0,66.06,6.0,0,0
tx_live_00004307,cust_002725,7.32,12,groceries,JP,1,701,1189,1,7,5.56,1,0,51.72,0.142,0,0
tx_live_00004308,cust_004148,282.9,3,fuel,CA,1,69,449,1,7,10.84,1,1,39.31,7.197,0,1
tx_live_00004309,cust_004886,55.83,11,utilities,US,0,271,433,2,12,68.78,1,0,80.2,0.696,0,0
tx_live_00004310,cust_009873,50.71,11,electronics,US,0,117,1864,1,10,51.43,1,0,35.31,1.436,0,0
tx_live_00004311,cust_006145,988.36,15,luxury,US,0,427,900,2,6,29.07,1,0,27.71,6.0,0,0
tx_live_00004312,cust_009197,1307.01,18,luxury,US,0,198,1545,1,5,15.49,1,0,52.93,6.0,0,0
tx_live_00004313,cust_006416,1320.19,19,restaurants,US,0,120,1024,1,3,31.29,1,0,102.36,6.0,0,0
tx_live_00004314,cust_009955,66.95,7,groceries,US,0,72,409,1,6,7.57,0,0,33.46,2.001,0,0
tx_live_00004315,cust_004056,1267.79,18,electronics,US,0,120,900,1,6,11.96,1,0,51.1,6.0,0,0
tx_live_00004316,cust_000114,1017.1,10,online_retail,US,0,146,1358,1,5,16.17,1,0,86.86,6.0,0,0
tx_live_00004317,cust_001435,1347.87,19,electronics,US,0,422,900,1,5,37.56,1,0,21.76,6.0,0,0
tx_live_00004318,cust_002875,7.41,21,groceries,US,0,805,2614,3,4,55.51,1,0,31.57,0.235,0,0
tx_live_00004319,cust_010631,1080.0,15,restaurants,US,0,427,900,2,7,4.37,1,0,22.58,6.0,0,0
tx_live_00004320,cust_006260,106.73,6,restaurants,US,0,257,741,0,3,84.53,0,0,153.79,0.694,0,0
tx_live_00004321,cust_000476,1236.06,20,restaurants,US,0,215,2153,2,8,37.88,1,0,17.25,6.0,0,0
tx_live_00004322,cust_005097,1516.55,10,restaurants,US,0,247,1452,1,5,24.36,1,0,63.18,6.0,0,0
tx_live_00004323,cust_006008,1502.65,18,restaurants,US,0,576,1155,3,10,25.65,1,0,22.71,6.0,0,0
tx_live_00004324,cust_004496,2181.12,17,fuel,US,0,483,2242,0,1,43.71,1,0,33.85,6.0,0,0
tx_live_00004325,cust_008479,2025.46,11,restaurants,US,0,206,900,0,4,25.12,1,0,11.11,6.0,0,0
tx_live_00004326,cust_009457,169.08,8,groceries,JP,1,405,249,2,6,50.05,1,1,11.98,14.113,0,0
tx_live_00004327,cust_010507,1245.66,18,travel,US,0,656,1243,1,4,35.09,1,0,31.46,6.0,0,0
tx_live_00004328,cust_009641,2805.36,10,restaurants,US,0,131,1066,1,5,10.42,1,0,46.28,6.0,0,0
tx_live_00004329,cust_001485,1086.32,9,groceries,US,0,244,1340,0,2,31.95,1,0,58.88,6.0,0,0
tx_live_00004330,cust_001633,157.34,2,groceries,US,0,256,833,0,5,36.92,0,1,62.16,2.531,0,0
tx_live_00004331,cust_000025,788.34,20,travel,US,0,687,1519,1,5,19.07,1,0,19.12,6.0,0,0
tx_live_00004332,cust_000282,819.15,19,online_retail,US,0,377,900,2,3,13.51,1,0,39.29,6.0,0,0
tx_live_00004333,cust_008902,1418.12,12,utilities,US,0,445,900,2,6,49.54,1,0,49.12,6.0,0,0
tx_live_00004334,cust_008967,709.01,17,online_retail,US,0,872,1996,1,5,31.74,1,0,28.57,6.0,0,0
tx_live_00004335,cust_004989,1319.69,19,groceries,US,0,219,1555,2,3,31.23,1,0,14.98,6.0,0,0
tx_live_00004336,cust_001071,164.74,19,electronics,US,0,494,2061,2,8,76.44,0,0,32.13,5.127,0,0
tx_live_00004337,cust_000229,1075.4,12,online_retail,US,0,378,1484,0,2,15.78,1,0,16.6,6.0,0,0
tx_live_00004338,cust_006748,1279.25,10,groceries,US,0,455,1177,1,4,13.1,1,0,21.59,6.0,0,0
tx_live_00004339,cust_005401,1836.04,14,luxury,US,0,306,1241,3,5,53.8,1,0,88.27,6.0,0,0
tx_live_00004340,cust_010786,175.36,11,groceries,US,0,327,859,1,10,28.38,1,0,56.29,3.116,0,0
tx_live_00004341,cust_011082,1545.13,11,groceries,US,0,595,1088,0,4,8.7,1,0,112.51,6.0,0,0
tx_live_00004342,cust_010265,1230.47,11,utilities,US,0,1755,1762,1,7,47.85,1,0,9.02,6.0,0,0
tx_live_00004343,cust_010351,1923.13,18,groceries,US,0,280,1652,2,5,59.59,1,0,54.71,6.0,0,0
tx_live_00004344,cust_010446,740.62,20,groceries,US,0,205,1864,0,7,25.85,0,0,117.64,6.295,0,0
tx_live_00004345,cust_004218,2726.55,10,electronics,US,0,382,1157,1,2,3.14,1,0,60.25,6.0,0,0
tx_live_00004346,cust_010122,75.54,15,online_retail,MX,1,800,595,0,8,30.3,0,1,19.55,3.863,0,0
tx_live_00004347,cust_006821,1626.44,15,luxury,US,0,622,900,2,3,27.27,1,0,149.03,6.0,0,0
tx_live_00004348,cust_010736,49.36,0,fuel,CA,1,26,1844,1,8,82.02,0,0,75.26,0.656,0,0
tx_live_00004349,cust_003215,1482.64,14,online_retail,US,0,180,1569,1,5,13.76,1,0,63.5,6.0,0,0
tx_live_00004350,cust_008229,3361.01,17,online_retail,US,0,390,2186,1,6,6.6,1,0,85.6,6.0,0,0
tx_live_00004351,cust_000872,2966.59,13,restaurants,US,0,120,905,0,7,9.38,1,0,138.67,6.0,0,0
tx_live_00004352,cust_004687,1741.14,15,fuel,US,0,709,900,0,0,4.9,1,0,16.44,6.0,0,0
tx_live_00004353,cust_005511,49.84,19,restaurants,US,0,415,819,1,9,61.05,0,0,63.18,0.789,0,0
tx_live_00004354,cust_008248,2710.94,12,groceries,US,0,252,900,0,2,5.47,1,0,16.87,6.0,0,0
tx_live_00004355,cust_008634,1081.2,18,online_retail,US,0,411,1165,1,4,26.55,1,0,71.68,6.0,0,0
tx_live_00004356,cust_009832,2901.14,16,travel,US,0,145,900,1,3,1.02,1,0,12.99,6.0,0,0
tx_live_00004357,cust_009353,3189.57,20,utilities,US,0,334,900,1,6,27.52,1,0,9.78,6.0,0,0
tx_live_00004358,cust_011414,910.19,15,travel,US,0,301,900,3,4,17.52,1,0,49.15,6.0,0,0
tx_live_00004359,cust_004093,2140.81,20,restaurants,US,0,764,2776,1,2,24.3,1,0,53.33,6.0,0,0
tx_live_00004360,cust_004721,1917.7,19,electronics,US,0,550,1214,1,10,18.27,1,0,37.92,6.0,0,0
tx_live_00004361,cust_008788,52.61,3,electronics,US,0,275,1496,1,7,71.82,1,1,60.01,0.877,0,0
tx_live_00004362,cust_000175,1277.16,12,groceries,US,0,308,900,0,6,75.89,1,0,84.71,6.0,0,0
tx_live_00004363,cust_011663,68.87,1,restaurants,US,0,200,1476,0,4,99.69,0,1,39.36,1.75,0,0
tx_live_00004364,cust_010881,204.35,0,fuel,US,0,293,1104,2,9,50.94,1,0,155.19,1.317,0,0
tx_live_00004365,cust_011745,1458.18,13,online_retail,US,0,304,1116,2,8,38.41,1,0,56.28,6.0,0,0
tx_live_00004366,cust_005849,408.64,15,fuel,US,0,292,1200,1,3,14.81,1,0,22.97,17.792,0,0
tx_live_00004367,cust_000837,1789.31,11,online_retail,US,0,207,941,1,3,18.59,1,0,21.09,6.0,0,0
tx_live_00004368,cust_005989,1767.88,18,groceries,US,0,223,1246,1,5,9.05,1,0,87.41,6.0,0,0
tx_live_00004369,cust_001336,3539.7,14,restaurants,US,0,453,900,0,2,10.68,1,0,54.59,6.0,0,0
tx_live_00004370,cust_003151,27.05,0,travel,CA,1,194,1553,1,12,55.36,1,1,38.6,0.701,0,0
tx_live_00004371,cust_005883,1433.21,18,online_retail,US,0,401,900,0,5,5.69,1,0,39.43,6.0,0,0
tx_live_00004372,cust_000863,106.2,16,travel,GB,1,252,1819,2,8,60.65,0,0,39.73,2.673,0,0
tx_live_00004373,cust_001490,1136.57,18,electronics,US,0,383,1047,3,7,35.79,1,0,70.99,6.0,0,0
tx_live_00004374,cust_008137,1192.08,15,groceries,US,0,149,2070,2,5,27.99,1,0,58.57,6.0,0,0
tx_live_00004375,cust_009077,948.39,20,electronics,US,0,251,2474,1,6,15.64,1,0,39.48,6.0,0,0
tx_live_00004376,cust_007160,1052.71,10,restaurants,US,0,296,1608,0,4,98.39,1,0,24.12,6.0,0,0
tx_live_00004377,cust_010822,1854.89,10,electronics,US,0,214,972,0,6,13.86,1,0,78.27,6.0,0,0
tx_live_00004378,cust_004753,917.91,18,fuel,US,0,221,1383,0,5,28.71,1,0,27.02,6.0,0,0
tx_live_00004379,cust_008294,1068.22,9,groceries,US,0,313,1102,2,5,5.22,1,0,28.68,6.0,0,0
tx_live_00004380,cust_008705,67.58,23,fuel,US,0,316,894,0,7,40.33,0,0,35.35,1.912,0,0
tx_live_00004381,cust_011298,1186.45,14,restaurants,US,0,334,2248,2,6,11.53,1,0,23.77,6.0,0,0
tx_live_00004382,cust_004161,2336.66,9,electronics,US,0,611,924,1,5,5.36,1,0,45.98,6.0,0,0
tx_live_00004383,cust_000409,1170.91,16,fuel,US,0,161,900,0,3,3.39,1,0,13.99,6.0,0,0
tx_live_00004384,cust_001125,1618.53,19,restaurants,US,0,255,1039,2,4,6.25,1,0,56.88,6.0,0,0
tx_live_00004385,cust_004178,1130.38,9,fuel,US,0,400,1038,0,5,4.47,1,0,39.36,6.0,0,0
tx_live_00004386,cust_002454,127.51,23,fuel,US,0,335,815,2,10,133.75,1,0,32.79,3.889,0,0
tx_live_00004387,cust_009182,1363.41,14,groceries,US,0,196,900,0,4,27.41,1,0,30.37,6.0,0,0
tx_live_00004388,cust_000098,1953.24,10,fuel,US,0,147,2624,0,2,18.39,1,0,43.93,6.0,0,0
tx_live_00004389,cust_008015,43.9,12,electronics,US,0,375,627,0,1,141.4,1,0,37.79,1.162,0,0
tx_live_00004390,cust_009257,1154.32,19,travel,US,0,340,900,1,4,7.52,1,0,66.69,6.0,0,0
tx_live_00004391,cust_006118,1311.83,19,restaurants,US,0,120,900,2,7,62.27,1,0,27.88,6.0,0,0
tx_live_00004392,cust_003379,636.85,14,online_retail,US,0,169,900,0,3,98.17,1,0,27.23,6.0,0,0
tx_live_00004393,cust_001448,1284.25,20,travel,US,0,371,3536,0,2,27.33,1,0,37.08,6.0,0,0
tx_live_00004394,cust_000468,1026.26,17,online_retail,US,0,348,2794,2,6,39.25,1,0,59.5,6.0,0,0
tx_live_00004395,cust_009961,2116.8,15,fuel,US,0,180,900,1,5,6.46,1,0,40.7,6.0,0,0
tx_live_00004396,cust_000574,75.17,20,electronics,US,0,418,1952,0,2,76.5,1,1,42.21,1.781,0,0
tx_live_00004397,cust_002746,1718.4,11,luxury,US,0,363,900,0,7,72.53,1,0,29.89,6.0,0,0
tx_live_00004398,cust_010023,947.08,13,restaurants,US,0,429,920,0,6,9.68,1,0,26.84,6.0,0,0
tx_live_00004399,cust_000090,1083.31,20,online_retail,US,0,284,1557,1,6,19.7,1,0,28.64,6.0,0,0
tx_live_00004400,cust_005191,1086.91,19,fuel,US,0,805,1119,1,1,7.0,1,0,124.46,6.0,0,0
tx_live_00004401,cust_010877,1941.65,14,restaurants,US,0,331,900,0,3,4.41,1,0,28.71,6.0,0,0
tx_live_00004402,cust_006156,901.15,17,utilities,US,0,247,1820,3,5,10.22,1,0,8.67,6.0,0,0
tx_live_00004403,cust_004242,1025.45,16,groceries,US,0,223,900,0,2,5.98,1,0,38.02,6.0,0,0
tx_live_00004404,cust_007524,1071.74,20,luxury,US,0,221,900,2,8,12.61,1,0,76.78,6.0,0,0
tx_live_00004405,cust_009357,1027.71,15,travel,US,0,759,900,1,3,13.27,1,0,35.56,6.0,0,0
tx_live_00004406,cust_008146,2947.88,9,luxury,US,0,426,1590,0,2,13.31,1,0,65.87,6.0,0,0
tx_live_00004407,cust_002390,1142.49,17,restaurants,US,0,159,1216,2,6,14.53,1,0,51.51,6.0,0,0
tx_live_00004408,cust_004155,697.48,9,fuel,US,0,120,900,2,3,3.17,1,0,43.07,6.0,0,0
tx_live_00004409,cust_001244,1198.54,13,fuel,US,0,123,2293,1,4,34.4,1,0,55.98,6.0,0,0
tx_live_00004410,cust_003898,1272.35,9,restaurants,US,0,136,900,0,5,5.54,1,0,40.24,6.0,0,0
tx_live_00004411,cust_001021,131.59,22,utilities,CA,1,308,1372,2,10,16.16,0,1,34.46,3.818,0,0
tx_live_00004412,cust_011714,1149.29,9,online_retail,US,0,382,1021,1,8,46.49,1,0,118.64,6.0,0,0
tx_live_00004413,cust_011497,30.14,21,restaurants,US,0,212,781,4,9,20.1,1,0,69.58,0.433,0,0
tx_live_00004414,cust_003752,994.4,17,fuel,US,0,181,1780,1,3,31.24,1,0,92.79,6.0,0,0
tx_live_00004415,cust_009279,44.28,16,groceries,US,0,62,325,2,7,42.02,1,0,151.25,0.293,0,0
tx_live_00004416,cust_001425,2440.38,14,electronics,US,0,132,1377,0,5,1.1,1,0,80.86,6.0,0,0
tx_live_00004417,cust_006171,1573.18,11,electronics,US,0,132,915,0,6,29.7,1,0,18.69,6.0,0,0
tx_live_00004418,cust_000373,1011.85,19,restaurants,US,0,120,1447,0,3,34.91,1,0,19.97,6.0,0,0
tx_live_00004419,cust_002160,1783.43,17,electronics,US,0,256,1023,0,6,31.33,1,0,65.13,6.0,0,0
tx_live_00004420,cust_005093,914.02,11,electronics,US,0,180,1472,1,5,35.56,1,0,105.4,6.0,0,0
tx_live_00004421,cust_010363,1883.9,14,online_retail,US,0,227,900,0,6,7.56,1,0,7.31,6.0,0,0
tx_live_00004422,cust_004358,1495.14,16,restaurants,US,0,466,1049,1,7,13.3,1,0,28.76,6.0,0,0
tx_live_00004423,cust_010714,158.0,18,groceries,US,0,138,856,0,9,20.03,1,0,109.54,1.442,0,0
tx_live_00004424,cust_005951,1322.01,12,restaurants,US,0,139,1591,1,4,29.76,1,0,79.21,6.0,0,0
tx_live_00004425,cust_008355,514.36,16,electronics,JP,1,393,828,3,13,27.99,1,0,33.17,15.508,0,1
tx_live_00004426,cust_004134,131.68,1,groceries,GB,1,281,969,0,9,8.26,1,0,56.15,2.345,1,0
tx_live_00004427,cust_008032,171.35,4,groceries,US,0,1097,1186,2,10,15.21,1,0,162.99,1.051,1,0
tx_live_00004428,cust_011921,1628.09,12,fuel,US,0,346,1152,0,4,17.87,1,0,34.34,6.0,0,0
tx_live_00004429,cust_009896,30.62,19,online_retail,US,0,264,862,0,9,25.23,0,1,139.12,0.22,0,0
tx_live_00004430,cust_009793,1004.97,20,fuel,US,0,615,1689,1,2,26.89,1,0,68.24,6.0,0,0
tx_live_00004431,cust_005179,2106.9,15,fuel,US,0,247,1236,1,6,35.9,1,0,52.63,6.0,0,0
tx_live_00004432,cust_001914,643.92,14,groceries,US,0,186,900,1,3,29.63,1,0,97.17,6.0,0,0
tx_live_00004433,cust_006894,400.0,13,electronics,US,0,316,1649,0,4,12.3,1,0,40.56,6.0,0,0
tx_live_00004434,cust_001760,1173.42,17,groceries,US,0,174,900,2,7,2.03,1,0,18.82,6.0,0,0
tx_live_00004435,cust_004969,1793.61,19,travel,US,0,446,900,0,2,39.02,1,0,45.47,6.0,0,0
tx_live_00004436,cust_007856,978.38,10,online_retail,US,0,253,1119,2,6,4.72,1,0,50.24,6.0,0,0
tx_live_00004437,cust_000184,1036.77,10,online_retail,US,0,657,1174,3,8,41.28,1,0,311.4,3.329,0,0
tx_live_00004438,cust_009807,1389.27,11,groceries,US,0,226,900,0,4,33.3,1,0,69.89,6.0,0,0
tx_live_00004439,cust_002056,2418.72,10,travel,US,0,168,1659,2,4,19.52,1,0,88.57,6.0,0,0
tx_live_00004440,cust_008475,30.74,22,travel,US,0,411,880,0,6,58.81,1,0,77.49,0.397,0,0
tx_live_00004441,cust_002949,45.16,2,fuel,US,0,455,853,0,9,79.82,1,1,75.76,0.596,0,0
tx_live_00004442,cust_000675,954.66,9,restaurants,US,0,318,1250,1,4,2.38,1,0,14.52,6.0,0,0
tx_live_00004443,cust_007276,1183.24,13,restaurants,US,0,120,1638,0,5,10.04,1,0,39.54,6.0,0,0
tx_live_00004444,cust_003438,1111.43,15,fuel,US,0,437,2711,0,2,15.29,1,0,16.64,6.0,0,0
tx_live_00004445,cust_009191,2465.41,13,electronics,US,0,276,900,2,2,23.37,1,0,16.25,6.0,0,0
tx_live_00004446,cust_009205,190.56,10,restaurants,US,0,470,1566,0,8,69.11,1,0,23.28,8.185,0,0
tx_live_00004447,cust_004172,77.13,12,utilities,US,0,182,1155,1,11,39.57,1,0,25.93,2.975,0,0
tx_live_00004448,cust_007281,130.19,3,groceries,US,0,349,301,1,6,43.79,1,0,112.53,1.157,0,0
tx_live_00004449,cust_007372,761.18,14,online_retail,US,0,182,3410,0,5,29.27,1,0,33.66,6.0,0,0
tx_live_00004450,cust_005977,2473.43,16,groceries,US,0,287,900,3,8,41.9,1,0,68.38,6.0,0,0
tx_live_00004451,cust_000247,1074.62,10,utilities,US,0,120,1479,0,4,25.69,1,0,67.53,6.0,0,0
tx_live_00004452,cust_007440,930.53,19,electronics,US,0,136,1241,1,3,7.04,1,0,79.72,6.0,0,0
tx_live_00004453,cust_004995,1057.28,18,groceries,US,0,370,954,1,1,3.85,1,0,10.04,6.0,0,0
tx_live_00004454,cust_007991,1428.8,13,fuel,US,0,337,962,1,4,61.91,1,0,77.46,6.0,0,0
tx_live_00004455,cust_002870,3322.87,19,restaurants,US,0,825,2297,0,4,9.43,1,0,28.92,6.0,0,0
tx_live_00004456,cust_001979,86.15,21,groceries,US,0,161,1626,2,4,4.81,1,0,44.97,1.916,0,0
tx_live_00004457,cust_009257,1579.74,13,travel,US,0,280,1129,1,3,3.3,1,0,42.66,6.0,0,0
tx_live_00004458,cust_009296,1804.65,12,utilities,US,0,571,1217,1,2,7.58,1,0,34.02,6.0,0,0
tx_live_00004459,cust_005860,1147.3,12,groceries,US,0,252,1207,0,5,7.65,1,0,10.45,6.0,0,0
tx_live_00004460,cust_000874,687.98,16,electronics,US,0,385,1603,3,4,55.56,1,0,22.59,6.0,0,0
tx_live_00004461,cust_000456,1411.92,11,restaurants,US,0,369,900,1,7,21.05,1,0,38.03,6.0,0,0
tx_live_00004462,cust_007789,2198.0,14,travel,US,0,384,919,2,8,21.9,1,0,36.84,6.0,0,0
tx_live_00004463,cust_010109,1312.9,18,utilities,US,0,146,964,2,4,31.5,1,0,70.33,6.0,0,0
tx_live_00004464,cust_001380,2379.61,9,restaurants,US,0,326,1847,1,6,5.73,1,0,17.7,6.0,0,0
tx_live_00004465,cust_006260,2499.07,12,fuel,US,0,460,1551,1,6,8.96,1,0,16.31,6.0,0,0
tx_live_00004466,cust_011920,625.99,20,travel,US,0,354,900,1,6,14.49,1,0,51.61,6.0,0,0
tx_live_00004467,cust_001682,36.0,15,fuel,GB,1,836,374,0,5,48.37,1,0,19.8,1.818,0,0
tx_live_00004468,cust_000879,1885.75,14,groceries,US,0,220,1723,2,3,99.03,1,0,23.93,6.0,0,0
tx_live_00004469,cust_000695,1471.36,14,fuel,US,0,192,900,1,5,5.33,1,0,68.32,6.0,0,0
tx_live_00004470,cust_010083,951.7,15,luxury,US,0,328,1179,0,3,3.95,1,0,25.82,6.0,0,0
tx_live_00004471,cust_008836,252.04,1,travel,US,0,293,921,0,4,53.47,1,0,103.41,2.437,0,0
tx_live_00004472,cust_001054,1419.04,13,groceries,US,0,297,900,3,6,5.31,1,0,73.31,6.0,0,0
tx_live_00004473,cust_011947,1081.24,16,fuel,US,0,120,918,1,3,28.23,1,0,26.86,6.0,0,0
tx_live_00004474,cust_005480,204.05,22,groceries,US,0,563,719,2,6,12.25,1,0,43.47,4.694,0,0
tx_live_00004475,cust_011920,145.12,19,online_retail,FR,1,367,519,0,9,70.42,1,0,49.28,2.945,0,0
tx_live_00004476,cust_005125,1056.0,9,fuel,US,0,777,1377,3,8,34.12,1,0,101.97,6.0,0,0
tx_live_00004477,cust_002831,1410.03,15,travel,US,0,424,2445,2,2,11.41,1,0,144.3,6.0,0,0
tx_live_00004478,cust_011802,1481.16,14,online_retail,US,0,350,900,1,5,28.91,1,0,23.48,6.0,0,0
tx_live_00004479,cust_001361,1430.85,11,restaurants,US,0,120,900,0,2,11.15,1,0,122.62,6.0,0,0
tx_live_00004480,cust_007590,2049.89,12,groceries,US,0,690,900,2,3,3.0,1,0,20.64,6.0,0,0
tx_live_00004481,cust_010334,532.01,19,groceries,US,0,120,2165,2,9,35.2,1,0,64.54,6.0,0,0
tx_live_00004482,cust_005805,199.48,12,electronics,US,0,105,936,2,6,59.31,1,0,29.02,6.874,0,0
tx_live_00004483,cust_010817,866.82,18,restaurants,US,0,167,1605,0,3,13.95,1,0,24.36,6.0,0,0
tx_live_00004484,cust_002001,1895.24,13,groceries,US,0,524,1551,1,2,19.39,1,0,125.22,6.0,0,0
tx_live_00004485,cust_001852,993.77,15,groceries,US,0,237,1597,2,4,14.32,1,0,31.16,6.0,0,0
tx_live_00004486,cust_000378,1112.79,9,electronics,US,0,231,2105,3,4,55.28,1,0,39.1,6.0,0,0
tx_live_00004487,cust_007012,1176.65,17,groceries,US,0,120,1006,0,6,11.03,1,0,15.11,6.0,0,0
tx_live_00004488,cust_001257,2439.23,18,fuel,US,0,147,1036,2,8,21.89,1,0,118.65,6.0,0,0
tx_live_00004489,cust_011604,127.44,0,utilities,CA,1,430,1448,3,11,171.59,0,1,67.4,1.891,0,0
tx_live_00004490,cust_011254,953.72,18,electronics,US,0,351,1492,2,3,25.79,1,0,17.88,6.0,0,0
tx_live_00004491,cust_000312,1685.7,12,groceries,US,0,558,900,0,4,4.78,1,0,65.2,6.0,0,0
tx_live_00004492,cust_007542,26.67,10,fuel,US,0,95,1052,3,11,72.37,1,0,21.33,1.25,0,0
tx_live_00004493,cust_010409,736.3,10,fuel,US,0,423,900,2,10,31.7,1,0,153.15,4.808,0,0
tx_live_00004494,cust_008282,1182.19,9,electronics,US,0,120,1312,0,1,1.48,1,0,297.09,3.979,0,0
tx_live_00004495,cust_001962,1509.49,13,groceries,US,0,469,900,1,3,30.74,1,0,108.53,6.0,0,0
tx_live_00004496,cust_004745,204.02,0,groceries,US,0,240,384,2,6,34.93,1,0,29.03,7.029,0,0
tx_live_00004497,cust_008194,1164.55,16,fuel,US,0,241,1546,2,8,5.2,1,0,72.14,6.0,0,0
tx_live_00004498,cust_000395,22.56,5,electronics,US,0,99,736,2,9,43.45,1,0,91.25,0.247,0,0
tx_live_00004499,cust_009381,2059.76,19,travel,US,0,294,1418,1,4,8.43,1,0,23.08,6.0,0,0
tx_live_00004500,cust_011165,1576.73,11,travel,US,0,149,900,0,4,41.59,1,0,77.66,6.0,0,0
tx_live_00004501,cust_005571,2844.24,18,utilities,US,0,560,1497,0,3,21.88,1,0,31.99,6.0,0,0
tx_live_00004502,cust_011573,829.55,14,travel,US,0,384,1928,1,7,4.52,1,0,42.2,6.0,0,0
tx_live_00004503,cust_011292,40.85,12,travel,US,0,198,1627,1,7,55.4,1,0,45.09,0.906,0,0
tx_live_00004504,cust_002896,2768.93,10,restaurants,US,0,120,940,2,4,31.63,1,0,20.12,6.0,0,0
tx_live_00004505,cust_010087,1237.71,14,restaurants,US,0,335,1047,3,6,73.64,1,0,31.74,6.0,0,0
tx_live_00004506,cust_002871,280.91,18,online_retail,US,0,495,1940,4,12,15.51,1,0,22.62,12.418,0,0
tx_live_00004507,cust_007611,929.03,11,groceries,US,0,120,900,2,8,11.27,1,0,16.22,6.0,0,0
tx_live_00004508,cust_001267,1137.99,12,restaurants,US,0,176,1575,1,5,12.57,1,0,34.92,6.0,0,0
tx_live_00004509,cust_006415,1213.02,14,online_retail,US,0,261,1670,0,3,10.32,1,0,34.76,6.0,0,0
tx_live_00004510,cust_005272,1455.98,15,fuel,US,0,120,900,3,8,29.83,1,0,39.85,6.0,0,0
tx_live_00004511,cust_010780,979.31,10,travel,US,0,120,900,2,4,15.85,1,0,36.22,6.0,0,0
tx_live_00004512,cust_004093,962.75,18,travel,US,0,286,2454,0,5,8.87,1,0,65.4,6.0,0,0
tx_live_00004513,cust_008227,50.59,9,electronics,US,0,813,1246,1,9,162.5,1,1,28.53,1.773,1,0
tx_live_00004514,cust_008541,1626.16,20,restaurants,US,0,465,900,0,5,9.78,1,0,39.26,6.0,0,0
tx_live_00004515,cust_009877,1508.25,14,restaurants,US,0,375,1428,1,5,2.83,1,0,34.7,6.0,0,0
tx_live_00004516,cust_000900,50.31,9,groceries,CA,1,764,318,2,12,189.8,0,0,50.25,1.001,0,0
tx_live_00004517,cust_010803,154.66,16,fuel,CA,1,471,269,2,5,35.46,1,0,37.68,4.105,0,0
tx_live_00004518,cust_004775,2007.58,17,groceries,US,0,411,1737,1,6,4.49,1,0,20.27,6.0,0,0
tx_live_00004519,cust_009792,29.48,21,travel,US,0,434,984,5,9,87.86,0,0,74.02,0.398,0,0
tx_live_00004520,cust_002827,1712.15,10,restaurants,US,0,233,1083,0,5,8.12,1,0,32.05,6.0,0,0
tx_live_00004521,cust_007284,766.0,14,restaurants,US,0,378,1351,1,4,24.24,1,0,35.78,6.0,0,0
tx_live_00004522,cust_011360,34.94,0,fuel,DE,1,38,2679,1,8,53.82,0,0,44.11,0.792,0,0
tx_live_00004523,cust_010758,1040.19,14,travel,US,0,199,1625,0,5,39.82,1,0,163.93,6.0,0,0
tx_live_00004524,cust_010311,514.17,9,groceries,US,0,432,1319,0,1,51.4,1,0,100.8,5.101,0,0
tx_live_00004525,cust_006207,4187.49,17,travel,US,0,656,1232,0,5,26.84,1,0,27.25,6.0,0,0
tx_live_00004526,cust_002822,999.54,17,travel,US,0,255,1313,2,5,15.92,1,0,22.79,6.0,0,0
tx_live_00004527,cust_002380,1210.33,20,utilities,US,0,169,900,0,3,25.48,1,0,23.36,6.0,0,0
tx_live_00004528,cust_000764,915.77,16,online_retail,US,0,385,1087,3,3,10.33,1,0,24.05,6.0,0,0
tx_live_00004529,cust_000567,110.66,12,electronics,US,0,478,666,1,10,6.41,1,0,25.64,4.315,0,0
tx_live_00004530,cust_004592,61.98,5,electronics,MX,1,569,615,2,10,23.44,1,0,161.19,0.385,0,0
tx_live_00004531,cust_011487,1525.38,14,utilities,US,0,418,1764,2,6,44.1,1,0,19.96,6.0,0,0
tx_live_00004532,cust_006139,1001.2,17,utilities,US,0,414,1532,0,3,1.25,1,0,341.6,2.931,0,0
tx_live_00004533,cust_006277,936.31,11,utilities,US,0,415,1918,0,8,23.55,1,0,36.27,6.0,0,0
tx_live_00004534,cust_011726,67.67,16,fuel,US,0,278,837,1,5,21.83,0,0,31.21,2.168,0,0
tx_live_00004535,cust_008198,67.81,7,groceries,CA,1,460,388,2,7,63.72,0,0,29.14,2.327,1,0
tx_live_00004536,cust_002040,2449.93,15,electronics,US,0,140,1897,1,4,39.33,1,0,37.82,6.0,0,0
tx_live_00004537,cust_000864,66.44,7,online_retail,DE,1,159,693,0,7,72.61,1,0,50.37,1.319,0,0
tx_live_00004538,cust_008033,1489.72,9,electronics,US,0,663,900,2,7,14.3,1,0,20.82,6.0,0,0
tx_live_00004539,cust_005918,937.69,11,travel,US,0,309,1290,1,4,5.72,1,0,70.55,6.0,0,0
tx_live_00004540,cust_004721,404.49,4,groceries,US,0,216,1957,1,6,79.59,1,0,36.01,11.233,0,0
tx_live_00004541,cust_006564,1450.5,20,groceries,US,0,120,900,1,6,5.59,1,0,28.89,6.0,0,0
tx_live_00004542,cust_010239,1679.2,19,restaurants,US,0,120,2016,1,7,38.15,1,0,9.31,6.0,0,0
tx_live_00004543,cust_008905,14.72,15,luxury,CA,1,226,2390,0,2,26.53,1,0,50.82,0.29,0,0
tx_live_00004544,cust_009802,38.5,3,restaurants,US,0,283,1504,1,11,40.37,1,0,34.05,1.131,0,0
tx_live_00004545,cust_007368,1192.39,9,luxury,US,0,578,1212,0,2,44.83,1,0,73.87,6.0,0,0
tx_live_00004546,cust_007979,285.64,4,fuel,US,0,361,3491,1,8,85.83,0,0,106.71,2.677,0,0
tx_live_00004547,cust_009785,49.15,8,groceries,US,0,301,2962,1,7,31.92,1,1,58.87,0.835,0,0
tx_live_00004548,cust_011847,1634.29,18,groceries,US,0,264,994,2,10,3.82,1,0,56.02,6.0,0,0
tx_live_00004549,cust_010812,1388.27,16,groceries,US,0,120,2102,1,3,46.05,1,0,82.66,6.0,0,0
tx_live_00004550,cust_011224,1844.03,13,fuel,US,0,179,2376,3,7,15.39,1,0,117.82,6.0,0,0
tx_live_00004551,cust_008205,1527.34,16,restaurants,US,0,445,1209,1,4,18.92,1,0,12.78,6.0,0,0
tx_live_00004552,cust_002417,1290.92,12,luxury,US,0,412,2491,0,5,8.37,1,0,20.2,6.0,0,0
tx_live_00004553,cust_007357,70.33,13,electronics,US,0,331,935,2,11,44.93,1,0,18.86,3.73,0,0
tx_live_00004554,cust_002745,51.73,15,utilities,US,0,598,545,3,11,70.91,1,0,48.98,1.056,0,0
tx_live_00004555,cust_007124,938.84,14,online_retail,US,0,190,1621,1,5,3.97,1,0,20.66,6.0,0,0
tx_live_00004556,cust_003252,1000.86,14,travel,US,0,223,900,0,1,5.96,1,0,34.35,6.0,0,0
tx_live_00004557,cust_008436,871.5,16,groceries,US,0,326,2143,2,5,35.21,1,0,21.6,6.0,0,0
tx_live_00004558,cust_002159,1622.74,15,fuel,US,0,177,1731,1,5,5.37,1,0,75.43,6.0,0,0
tx_live_00004559,cust_005542,1774.37,9,travel,US,0,239,900,1,6,3.21,1,0,142.35,6.0,0,0
tx_live_00004560,cust_003632,924.16,9,groceries,US,0,286,947,0,2,46.29,1,0,16.52,6.0,0,0
tx_live_00004561,cust_005526,1691.39,12,electronics,US,0,130,900,0,7,73.03,1,0,31.61,6.0,0,0
tx_live_00004562,cust_000357,2055.99,19,groceries,US,0,151,900,2,6,77.04,1,0,40.67,6.0,0,0
tx_live_00004563,cust_011014,362.67,8,luxury,US,0,74,1546,0,6,19.54,0,0,11.09,32.708,0,0
tx_live_00004564,cust_006337,2040.57,10,fuel,US,0,420,1164,0,10,24.53,1,0,46.21,6.0,0,0
tx_live_00004565,cust_004054,484.13,22,electronics,US,0,286,836,1,8,35.28,0,0,113.46,4.267,0,0
tx_live_00004566,cust_007356,219.59,18,online_retail,GB,1,365,1119,2,10,75.39,1,0,90.85,2.417,0,0
tx_live_00004567,cust_011438,842.24,16,online_retail,US,0,654,1889,1,7,15.98,1,0,75.29,6.0,0,0
tx_live_00004568,cust_001842,1289.31,17,groceries,US,0,120,1499,2,3,24.74,1,0,18.82,6.0,0,0
tx_live_00004569,cust_005755,1366.45,16,groceries,US,0,597,900,0,1,41.51,1,0,139.18,6.0,0,0
tx_live_00004570,cust_009408,21.76,17,electronics,CA,1,124,1486,3,15,63.3,1,0,6.91,3.15,0,0
tx_live_00004571,cust_009140,1592.5,20,groceries,US,0,342,900,1,2,9.66,1,0,21.14,6.0,0,0
tx_live_00004572,cust_000692,357.83,21,fuel,GB,1,62,2329,4,7,20.92,0,0,37.97,9.423,0,1
tx_live_00004573,cust_010718,751.92,20,online_retail,US,0,250,900,0,4,12.18,1,0,39.6,6.0,0,0
tx_live_00004574,cust_004663,167.05,5,online_retail,US,0,246,871,1,13,80.82,1,1,121.05,1.38,0,0
tx_live_00004575,cust_000280,72.5,22,online_retail,US,0,157,1267,3,6,28.37,1,1,16.45,4.407,0,0
tx_live_00004576,cust_004369,1157.83,9,electronics,US,0,416,2144,0,1,2.2,1,0,20.26,6.0,0,0
tx_live_00004577,cust_006937,19.47,20,groceries,BR,1,415,306,1,7,46.44,1,0,25.6,0.76,0,0
tx_live_00004578,cust_006649,1049.89,20,restaurants,US,0,164,1578,0,2,24.91,1,0,330.56,3.176,0,0
tx_live_00004579,cust_008765,103.19,20,travel,CA,1,112,1037,1,9,135.05,1,0,54.59,1.89,0,0
tx_live_00004580,cust_000666,15.16,15,online_retail,CA,1,196,1771,1,10,77.2,1,0,39.59,0.383,0,0
tx_live_00004581,cust_005722,968.95,20,fuel,US,0,311,2579,0,5,57.52,1,0,60.08,6.0,0,0
tx_live_00004582,cust_004145,1542.19,12,luxury,US,0,838,1356,1,5,41.03,1,0,13.29,6.0,0,0
tx_live_00004583,cust_002708,1178.86,15,fuel,US,0,120,2302,1,6,52.66,1,0,71.55,6.0,0,0
tx_live_00004584,cust_009522,127.4,1,groceries,US,0,327,435,2,5,114.44,1,1,31.01,4.109,0,0
tx_live_00004585,cust_007326,1077.42,17,fuel,US,0,120,2279,1,2,5.15,1,0,11.4,6.0,0,0
tx_live_00004586,cust_000742,1435.47,14,restaurants,US,0,553,900,0,5,36.31,1,0,16.06,6.0,0,0
tx_live_00004587,cust_002007,2642.48,16,electronics,US,0,1217,1109,2,3,2.21,1,0,641.25,4.121,0,0
tx_live_00004588,cust_005357,1589.69,11,luxury,US,0,539,900,0,4,25.06,1,0,101.07,6.0,0,0
tx_live_00004589,cust_010643,1385.88,17,travel,US,0,295,1151,2,4,17.27,1,0,29.62,6.0,0,0
tx_live_00004590,cust_009035,1954.62,14,fuel,US,0,270,900,1,5,28.54,1,0,163.57,6.0,0,0
tx_live_00004591,cust_009269,39.15,15,fuel,US,0,123,723,2,3,78.43,1,1,37.9,1.033,0,0
tx_live_00004592,cust_004884,53.38,1,groceries,US,0,246,2154,2,9,23.42,1,0,27.52,1.939,0,0
tx_live_00004593,cust_001900,61.98,16,travel,US,0,367,997,2,4,42.14,1,0,24.64,2.515,0,0
tx_live_00004594,cust_001673,1372.05,16,restaurants,US,0,399,1515,0,3,18.71,1,0,48.59,6.0,0,0
tx_live_00004595,cust_001818,1441.6,9,groceries,US,0,193,900,0,4,89.81,1,0,63.38,6.0,0,0
tx_live_00004596,cust_007280,596.45,10,restaurants,US,0,181,1403,1,7,4.95,1,0,84.53,6.0,0,0
tx_live_00004597,cust_006315,2229.79,20,groceries,US,0,183,1021,1,5,7.38,1,0,103.45,6.0,0,0
tx_live_00004598,cust_000522,229.78,1,fuel,US,0,466,528,0,5,56.31,1,1,61.53,3.734,0,0
tx_live_00004599,cust_000966,857.66,18,online_retail,US,0,540,900,0,6,6.35,1,0,28.73,6.0,0,0
tx_live_00004600,cust_001563,1916.14,10,groceries,US,0,148,1794,1,4,17.87,1,0,27.27,6.0,0,0
tx_live_00004601,cust_008586,621.89,14,online_retail,US,0,120,1294,1,5,28.68,1,0,202.99,3.064,0,0
tx_live_00004602,cust_001809,902.47,19,online_retail,US,0,241,944,2,5,14.54,1,0,23.42,6.0,0,0
tx_live_00004603,cust_002575,26.71,19,fuel,BR,1,362,464,1,8,114.64,0,2,96.56,0.277,0,0
tx_live_00004604,cust_008522,1132.24,14,restaurants,US,0,487,900,2,4,36.54,1,0,37.24,6.0,0,0
tx_live_00004605,cust_007129,639.24,18,electronics,US,0,457,900,2,7,6.11,1,0,40.47,6.0,0,0
tx_live_00004606,cust_006173,28.85,23,groceries,FR,1,303,1525,0,6,62.18,1,0,26.9,1.073,0,0
tx_live_00004607,cust_000732,1747.16,10,electronics,US,0,303,900,0,3,31.78,1,0,237.73,6.0,0,0
tx_live_00004608,cust_006403,1233.6,17,groceries,US,0,120,1103,1,6,23.74,1,0,25.21,6.0,0,0
tx_live_00004609,cust_001884,69.42,15,electronics,US,0,349,1522,0,3,40.35,0,0,42.76,1.624,0,0
tx_live_00004610,cust_008966,1234.8,15,restaurants,US,0,350,1189,1,4,22.69,1,0,84.63,6.0,0,0
tx_live_00004611,cust_004483,1355.14,13,restaurants,US,0,429,904,1,3,6.56,1,0,175.59,6.0,0,0
tx_live_00004612,cust_002236,23.61,4,restaurants,BR,1,579,2153,2,9,45.83,1,0,71.24,0.331,0,0
tx_live_00004613,cust_001041,18.23,14,online_retail,US,0,359,1259,2,8,10.43,0,0,36.8,0.495,1,0
tx_live_00004614,cust_001170,20.68,7,restaurants,US,0,330,1468,0,7,35.97,1,0,19.93,1.037,0,0
tx_live_00004615,cust_001801,255.05,7,online_retail,US,0,775,1746,1,7,73.22,1,0,57.6,4.428,0,0
tx_live_00004616,cust_004942,60.98,16,electronics,DE,1,185,986,2,14,112.85,0,0,49.75,1.226,0,0
tx_live_00004617,cust_009296,24.91,1,electronics,US,0,300,987,3,14,13.81,1,0,43.89,0.568,0,0
tx_live_00004618,cust_002072,40.54,6,fuel,US,0,305,1117,4,9,20.04,1,0,123.98,0.327,0,0
tx_live_00004619,cust_006802,86.42,1,restaurants,US,0,245,1805,1,9,18.62,0,0,21.68,3.986,0,0
tx_live_00004620,cust_008625,2649.09,15,fuel,US,0,300,1973,2,4,36.72,1,0,16.72,6.0,0,0
tx_live_00004621,cust_002802,2559.41,20,online_retail,US,0,177,2153,1,10,24.28,1,0,107.67,6.0,0,0
tx_live_00004622,cust_007069,1762.29,10,groceries,US,0,120,1582,1,5,4.48,1,0,72.78,6.0,0,0
tx_live_00004623,cust_005342,1017.23,20,groceries,US,0,476,1467,0,6,39.36,1,0,136.74,6.0,0,0
tx_live_00004624,cust_007488,1755.09,19,groceries,US,0,278,1178,1,4,33.54,1,0,49.79,6.0,0,0
tx_live_00004625,cust_003638,1686.32,16,groceries,US,0,323,1106,3,7,23.93,1,0,34.9,6.0,0,0
tx_live_00004626,cust_002492,88.27,1,electronics,US,0,328,1933,3,6,10.33,1,0,30.45,2.899,0,0
tx_live_00004627,cust_007407,84.53,17,utilities,US,0,490,1367,2,5,63.13,1,0,36.41,2.322,0,0
tx_live_00004628,cust_002890,1332.39,14,online_retail,US,0,228,1050,0,7,10.68,1,0,18.74,6.0,0,0
tx_live_00004629,cust_006743,1027.7,9,groceries,US,0,446,1000,2,4,41.37,1,0,162.28,6.0,0,0
tx_live_00004630,cust_003813,1813.46,18,electronics,US,0,363,1218,0,10,3.08,1,0,63.21,6.0,0,0
tx_live_00004631,cust_010000,1830.8,20,fuel,US,0,331,2207,0,7,24.5,1,0,112.4,6.0,0,0
tx_live_00004632,cust_003860,21.13,8,fuel,CA,1,118,1860,2,14,62.3,1,0,29.71,0.711,0,0
tx_live_00004633,cust_009498,12.2,7,groceries,US,0,184,900,1,8,46.91,1,0,59.04,0.207,0,0
tx_live_00004634,cust_008224,1102.47,15,restaurants,US,0,337,1508,0,6,4.48,1,0,43.05,6.0,0,0
tx_live_00004635,cust_009526,1652.67,10,fuel,US,0,348,900,0,5,20.71,1,0,30.09,6.0,0,0
tx_live_00004636,cust_007859,1953.06,10,electronics,US,0,120,1311,0,6,6.29,1,0,165.01,6.0,0,0
tx_live_00004637,cust_000369,783.23,18,fuel,US,0,321,1413,2,5,20.49,1,0,10.56,6.0,0,0
tx_live_00004638,cust_008449,42.78,1,groceries,US,0,793,1292,0,8,132.97,1,0,118.6,0.361,0,0
tx_live_00004639,cust_002011,1187.9,10,restaurants,US,0,368,900,0,3,23.5,1,0,75.16,6.0,0,0
tx_live_00004640,cust_006227,102.14,17,travel,US,0,144,1598,3,10,74.32,1,0,26.9,3.798,0,0
tx_live_00004641,cust_001236,30.04,15,online_retail,US,0,611,815,0,12,57.33,1,0,58.39,0.514,0,0
tx_live_00004642,cust_005746,845.88,19,travel,US,0,434,1935,2,3,8.74,1,0,53.75,6.0,0,0
tx_live_00004643,cust_001435,220.31,19,utilities,US,0,240,963,1,8,94.67,1,0,106.72,2.064,0,0
tx_live_00004644,cust_009667,818.84,10,groceries,US,0,120,2081,1,2,1.43,1,0,68.53,6.0,0,0
tx_live_00004645,cust_008862,1327.83,19,fuel,US,0,270,906,0,1,9.71,1,0,21.78,6.0,0,0
tx_live_00004646,cust_008627,1375.26,20,online_retail,US,0,286,1107,0,7,30.84,1,0,47.92,6.0,0,0
tx_live_00004647,cust_010073,189.68,5,restaurants,GB,1,336,1462,1,4,64.37,0,0,35.29,5.375,0,0
tx_live_00004648,cust_005455,1157.87,20,online_retail,US,0,433,1760,3,5,77.78,1,0,28.85,6.0,0,0
tx_live_00004649,cust_005434,1078.82,11,fuel,US,0,377,900,1,5,37.61,1,0,11.44,6.0,0,0
tx_live_00004650,cust_001365,122.76,14,electronics,US,0,205,591,1,3,3.3,0,2,31.28,3.924,0,0
tx_live_00004651,cust_008232,2121.69,14,fuel,US,0,120,900,1,5,33.74,1,0,52.74,6.0,0,0
tx_live_00004652,cust_006627,284.94,19,travel,US,0,93,882,0,5,39.61,1,0,28.85,9.875,0,0
tx_live_00004653,cust_011714,1067.23,11,restaurants,US,0,378,1291,0,6,34.71,1,0,20.4,6.0,0,0
tx_live_00004654,cust_009488,1430.16,18,electronics,US,0,594,900,1,2,5.13,1,0,17.09,6.0,0,0
tx_live_00004655,cust_004925,1154.28,13,electronics,US,0,442,921,1,4,27.0,1,0,19.02,6.0,0,0
tx_live_00004656,cust_007292,221.73,13,groceries,CA,1,232,1341,2,10,23.13,1,0,37.83,5.861,0,0
tx_live_00004657,cust_007275,1763.2,10,groceries,US,0,185,1205,2,10,14.68,1,0,23.39,6.0,0,0
tx_live_00004658,cust_000087,104.95,11,online_retail,US,0,375,504,2,6,47.75,0,0,58.97,1.78,0,0
tx_live_00004659,cust_001192,1096.8,15,luxury,US,0,286,1094,0,4,100.0,1,0,14.02,6.0,0,0
tx_live_00004660,cust_011181,183.33,9,luxury,US,0,306,925,3,16,39.7,1,0,17.31,10.592,0,0
tx_live_00004661,cust_000136,1986.84,13,groceries,US,0,234,1029,1,9,32.3,1,0,39.43,6.0,0,0
tx_live_00004662,cust_002649,926.24,17,luxury,US,0,136,1507,1,8,50.86,1,0,207.74,4.459,0,0
tx_live_00004663,cust_011799,1086.4,11,fuel,US,0,497,923,1,6,23.0,1,0,47.42,6.0,0,0
tx_live_00004664,cust_002298,683.68,20,restaurants,US,0,267,900,1,4,6.15,1,0,149.99,4.558,0,0
tx_live_00004665,cust_004070,78.71,3,restaurants,GB,1,108,1437,0,10,43.32,0,0,41.17,1.912,0,0
tx_live_00004666,cust_001316,1457.88,15,groceries,US,0,120,2040,0,1,5.9,1,0,36.09,6.0,0,0
tx_live_00004667,cust_006102,1043.81,13,electronics,US,0,130,1191,0,4,2.64,1,0,11.79,6.0,0,0
tx_live_00004668,cust_009445,1082.69,12,groceries,US,0,238,2986,2,8,4.77,1,0,11.77,6.0,0,0
tx_live_00004669,cust_000946,1061.5,16,fuel,US,0,120,1100,1,6,30.12,1,0,22.56,6.0,0,0
tx_live_00004670,cust_005538,980.13,14,restaurants,US,0,186,1124,0,7,40.51,1,0,85.69,6.0,0,0
tx_live_00004671,cust_008103,1542.21,20,restaurants,US,0,404,1034,0,10,4.36,1,0,134.14,6.0,0,0
tx_live_00004672,cust_011867,262.67,23,fuel,US,0,336,2196,0,6,65.24,1,0,76.02,3.455,0,0
tx_live_00004673,cust_000202,1185.39,16,restaurants,US,0,529,1431,1,3,7.19,1,0,48.42,6.0,0,0
tx_live_00004674,cust_002113,658.69,13,travel,US,0,175,1488,0,2,57.7,1,0,35.55,6.0,0,0
tx_live_00004675,cust_001439,3.83,6,restaurants,US,0,741,382,4,8,71.54,1,0,88.69,0.05,0,0
tx_live_00004676,cust_004261,163.78,22,electronics,US,0,269,780,2,15,72.69,0,1,56.47,2.9,0,0
tx_live_00004677,cust_005939,2810.45,16,online_retail,US,0,408,985,1,3,35.23,1,0,48.39,6.0,0,0
tx_live_00004678,cust_006698,2668.95,19,online_retail,US,0,189,900,3,7,27.84,1,0,42.32,6.0,0,0
tx_live_00004679,cust_005495,83.48,1,groceries,MX,1,196,1308,2,11,44.78,0,1,109.27,0.764,0,0
tx_live_00004680,cust_008990,1827.47,9,restaurants,US,0,486,2137,0,2,28.02,1,0,32.63,6.0,0,0
tx_live_00004681,cust_007212,995.75,11,fuel,US,0,120,900,0,3,21.1,1,0,16.22,6.0,0,0
tx_live_00004682,cust_001585,55.27,20,fuel,US,0,394,1357,0,3,29.39,1,2,56.82,0.973,0,0
tx_live_00004683,cust_000320,36.79,7,groceries,US,0,388,1271,4,10,24.23,1,0,68.72,0.535,0,0
tx_live_00004684,cust_011143,1137.5,20,restaurants,US,0,287,1310,0,4,10.75,1,0,30.91,6.0,0,0
tx_live_00004685,cust_003051,1332.36,16,travel,US,0,398,900,2,4,9.0,1,0,112.85,6.0,0,0
tx_live_00004686,cust_010981,642.82,14,electronics,US,0,120,1169,0,5,7.26,1,0,76.71,6.0,0,0
tx_live_00004687,cust_003655,64.1,20,travel,US,0,269,1553,3,8,6.33,0,0,102.62,0.625,0,0
tx_live_00004688,cust_008282,1583.69,19,restaurants,US,0,465,1749,3,4,39.52,1,0,106.13,6.0,0,0
tx_live_00004689,cust_009825,508.04,22,restaurants,US,0,357,1684,3,11,22.98,1,0,89.84,5.655,0,0
tx_live_00004690,cust_000789,1046.2,9,groceries,US,0,775,2608,0,7,28.39,1,0,135.7,6.0,0,0
tx_live_00004691,cust_003753,1488.8,17,online_retail,US,0,149,900,2,5,12.85,1,0,55.86,6.0,0,0
tx_live_00004692,cust_009293,1377.77,11,fuel,US,0,282,1338,2,6,28.13,1,0,87.73,6.0,0,0
tx_live_00004693,cust_006602,757.28,15,online_retail,US,0,478,900,3,4,13.78,1,0,46.33,6.0,0,0
tx_live_00004694,cust_010853,41.37,19,restaurants,US,0,124,1215,2,5,47.1,0,0,48.81,0.848,0,0
tx_live_00004695,cust_004635,2174.87,9,utilities,US,0,919,1726,1,5,17.53,1,0,56.28,6.0,0,0
tx_live_00004696,cust_002133,1487.65,20,online_retail,US,0,140,1523,0,6,14.15,1,0,27.33,6.0,0,0
tx_live_00004697,cust_011674,1104.04,19,groceries,US,0,128,1533,1,3,7.47,1,0,97.72,6.0,0,0
tx_live_00004698,cust_001019,36.31,12,restaurants,US,0,452,946,5,10,7.7,1,2,37.05,0.98,0,0
tx_live_00004699,cust_002213,171.29,11,travel,US,0,197,1102,0,9,66.79,0,0,39.5,4.337,0,0
tx_live_00004700,cust_003057,1120.56,15,fuel,US,0,322,1491,2,5,62.23,1,0,9.01,6.0,0,0
tx_live_00004701,cust_007269,1496.66,18,electronics,US,0,335,2396,0,5,17.76,1,0,39.74,6.0,0,0
tx_live_00004702,cust_006655,1870.51,17,luxury,US,0,268,992,1,4,31.39,1,0,23.24,6.0,0,0
tx_live_00004703,cust_000257,112.15,6,luxury,US,0,59,385,2,5,72.56,1,0,47.85,2.344,0,0
tx_live_00004704,cust_011689,1325.7,11,fuel,US,0,191,1604,1,7,17.09,1,0,58.31,6.0,0,0
tx_live_00004705,cust_009451,1221.97,19,electronics,US,0,120,900,0,3,12.52,1,0,42.44,6.0,0,0
tx_live_00004706,cust_009493,65.24,19,restaurants,MX,1,100,661,6,15,6.02,0,0,131.61,0.496,0,1
tx_live_00004707,cust_009052,2980.49,14,online_retail,US,0,120,1297,0,3,4.54,1,0,85.27,6.0,0,0
tx_live_00004708,cust_005318,266.37,7,restaurants,GB,1,129,868,0,3,14.59,1,0,97.5,2.732,0,0
tx_live_00004709,cust_009896,139.17,10,groceries,CA,1,241,1721,0,8,33.17,0,0,27.42,5.075,0,0
tx_live_00004710,cust_001463,905.57,13,groceries,US,0,174,900,2,2,11.69,1,0,16.55,6.0,0,0
tx_live_00004711,cust_004345,35.65,8,fuel,US,0,206,2014,3,9,54.55,1,0,53.97,0.661,0,0
tx_live_00004712,cust_007885,1967.54,11,groceries,US,0,263,900,1,8,25.9,1,0,69.16,6.0,0,0
tx_live_00004713,cust_011120,2302.88,12,fuel,US,0,652,900,3,9,13.97,1,0,68.15,6.0,0,0
tx_live_00004714,cust_007336,92.0,8,restaurants,US,0,330,1066,2,5,44.4,1,1,17.12,5.373,0,0
tx_live_00004715,cust_007250,1508.18,19,online_retail,US,0,134,900,2,3,41.43,1,0,21.48,6.0,0,0
tx_live_00004716,cust_000378,1219.86,9,fuel,US,0,697,1263,1,5,10.89,1,0,10.08,6.0,0,0
tx_live_00004717,cust_011678,1123.99,14,online_retail,US,0,528,1604,1,4,35.44,1,0,52.67,6.0,0,0
tx_live_00004718,cust_002723,1319.19,15,travel,US,0,415,2235,0,3,17.56,1,0,45.21,6.0,0,0
tx_live_00004719,cust_004720,1539.79,20,groceries,US,0,475,2431,0,1,31.06,1,0,66.58,6.0,0,0
tx_live_00004720,cust_010954,64.39,9,restaurants,BR,1,408,843,4,11,137.9,0,0,28.24,2.28,0,0
tx_live_00004721,cust_003700,1839.64,17,electronics,US,0,351,1302,0,5,4.02,1,0,55.04,6.0,0,0
tx_live_00004722,cust_008210,848.65,17,online_retail,US,0,181,2098,1,3,7.54,1,0,121.85,6.0,0,0
tx_live_00004723,cust_004274,1280.24,9,fuel,US,0,120,900,2,6,1.98,1,0,24.06,6.0,0,0
tx_live_00004724,cust_011490,1528.31,16,electronics,US,0,532,2140,0,5,2.34,1,0,90.92,6.0,0,0
tx_live_00004725,cust_003370,174.45,22,fuel,MX,1,143,774,4,14,24.54,1,0,64.94,2.686,0,0
tx_live_00004726,cust_001171,2147.39,15,restaurants,US,0,158,1114,2,4,44.19,1,0,26.81,6.0,0,0
tx_live_00004727,cust_007134,671.43,11,online_retail,US,0,677,1619,0,3,29.56,1,0,27.21,6.0,0,0
tx_live_00004728,cust_011626,2003.5,19,online_retail,US,0,120,943,1,9,17.42,1,0,174.83,6.0,0,0
tx_live_00004729,cust_006644,36.35,18,electronics,US,0,367,1646,1,8,67.81,1,0,34.59,1.051,0,0
tx_live_00004730,cust_004879,1916.2,17,online_retail,US,0,204,1110,0,10,19.16,1,0,121.25,6.0,0,0
tx_live_00004731,cust_001013,75.48,7,groceries,US,0,252,1569,1,10,32.05,0,0,52.63,1.434,0,0
tx_live_00004732,cust_002294,140.86,4,electronics,CA,1,1492,808,1,7,43.57,1,0,22.96,6.134,0,0
tx_live_00004733,cust_005747,733.48,11,travel,US,0,120,1961,2,2,7.75,1,0,251.92,2.912,0,0
tx_live_00004734,cust_008701,97.99,17,groceries,CA,1,351,585,2,6,31.44,0,0,49.12,1.995,0,0
tx_live_00004735,cust_001647,1993.85,11,travel,US,0,525,982,0,5,8.47,1,0,38.02,6.0,0,0
tx_live_00004736,cust_009156,2556.78,15,luxury,US,0,334,900,0,6,11.88,1,0,29.33,6.0,0,0
tx_live_00004737,cust_005823,2683.12,13,fuel,US,0,313,900,0,5,10.7,1,0,134.99,6.0,0,0
tx_live_00004738,cust_009345,517.88,20,utilities,US,0,580,1414,0,5,19.46,1,0,41.71,6.0,0,0
tx_live_00004739,cust_001486,108.17,19,restaurants,US,0,185,2366,0,4,21.73,0,1,56.24,1.924,0,0
tx_live_00004740,cust_005421,1832.21,20,utilities,US,0,193,900,2,7,28.06,1,0,70.56,6.0,0,0
tx_live_00004741,cust_008824,2360.85,9,travel,US,0,198,2288,0,3,0.69,1,0,17.6,6.0,0,0
tx_live_00004742,cust_006331,67.73,8,electronics,JP,1,548,1875,1,5,27.71,1,0,60.72,1.115,0,0
tx_live_00004743,cust_009372,26.46,12,electronics,US,0,212,2139,1,6,40.43,1,0,26.6,0.995,0,0
tx_live_00004744,cust_001166,566.8,20,groceries,US,0,498,1787,1,5,4.49,1,0,40.78,6.0,0,0
tx_live_00004745,cust_002991,1174.82,17,travel,US,0,120,1024,1,1,40.46,1,0,142.17,6.0,0,0
tx_live_00004746,cust_006482,1667.82,20,groceries,US,0,245,943,3,8,18.67,1,0,105.26,6.0,0,0
tx_live_00004747,cust_000885,120.65,0,online_retail,US,0,692,1317,3,10,36.62,1,0,11.05,10.915,1,0
tx_live_00004748,cust_001972,1077.38,13,utilities,US,0,435,2139,2,4,41.08,1,0,41.52,6.0,0,0
tx_live_00004749,cust_004808,123.65,7,online_retail,US,0,281,257,2,6,16.69,1,1,143.01,0.865,0,0
tx_live_00004750,cust_011434,984.52,20,travel,US,0,528,1098,0,5,18.74,1,0,49.56,6.0,0,0
tx_live_00004751,cust_007009,944.12,13,online_retail,US,0,187,911,1,3,1.43,1,0,81.55,6.0,0,0
tx_live_00004752,cust_001438,1928.22,9,groceries,US,0,199,1314,0,1,52.04,1,0,52.73,6.0,0,0
tx_live_00004753,cust_011502,32.34,1,travel,US,0,194,670,1,5,4.8,0,0,30.13,1.073,0,0
tx_live_00004754,cust_008520,44.45,12,restaurants,US,0,372,1387,1,3,225.9,1,0,15.25,2.914,0,0
tx_live_00004755,cust_003501,967.13,15,online_retail,US,0,507,900,1,5,27.78,1,0,44.11,6.0,0,0
tx_live_00004756,cust_001629,86.25,20,groceries,US,0,231,1564,1,8,32.81,1,0,52.13,1.654,0,0
tx_live_00004757,cust_004141,2584.51,17,online_retail,US,0,592,900,2,5,69.64,1,0,15.44,6.0,0,0
tx_live_00004758,cust_000020,748.74,18,groceries,US,0,851,900,2,9,19.65,1,0,71.93,6.0,0,0
tx_live_00004759,cust_006177,15.48,14,utilities,US,0,274,1201,2,12,85.11,1,0,23.31,0.664,0,0
tx_live_00004760,cust_004307,2787.43,12,groceries,US,0,416,1080,0,1,21.6,1,0,50.83,6.0,0,0
tx_live_00004761,cust_009137,1070.26,10,groceries,US,0,345,900,2,5,3.32,1,0,21.15,6.0,0,0
tx_live_00004762,cust_004694,1442.4,11,restaurants,US,0,120,900,2,3,2.23,1,0,54.09,6.0,0,0
tx_live_00004763,cust_001783,74.81,20,fuel,US,0,662,1309,3,6,70.07,1,0,17.01,4.398,0,0
tx_live_00004764,cust_003398,1540.88,16,restaurants,US,0,257,1435,2,4,20.08,1,0,181.97,6.0,0,0
tx_live_00004765,cust_006600,1438.4,18,groceries,US,0,222,900,0,3,7.01,1,0,40.69,6.0,0,0
tx_live_00004766,cust_008676,816.36,12,online_retail,US,0,768,1545,1,8,12.74,1,0,89.8,6.0,0,0
tx_live_00004767,cust_007527,1156.11,10,groceries,US,0,285,900,3,4,5.85,1,0,33.19,6.0,0,0
tx_live_00004768,cust_003295,110.11,3,travel,CA,1,41,2413,0,6,86.94,1,0,43.86,2.51,0,0
tx_live_00004769,cust_002913,944.37,19,travel,US,0,528,1146,0,2,17.33,1,0,42.59,6.0,0,0
tx_live_00004770,cust_003557,692.88,15,travel,US,0,580,1669,1,7,15.82,1,0,21.5,6.0,0,0
tx_live_00004771,cust_001460,103.62,3,groceries,US,0,122,883,0,5,33.05,1,0,13.47,7.694,0,0
tx_live_00004772,cust_001594,10.96,0,luxury,MX,1,108,1481,1,5,20.58,1,1,14.93,0.734,0,0
tx_live_00004773,cust_001338,2493.01,15,restaurants,US,0,244,1090,2,6,23.63,1,0,93.31,6.0,0,0
tx_live_00004774,cust_007551,1666.31,9,travel,US,0,155,900,1,4,32.23,1,0,7.83,6.0,0,0
tx_live_00004775,cust_000485,1262.23,19,travel,US,0,250,1486,1,3,20.63,1,0,84.95,6.0,0,0
tx_live_00004776,cust_003139,2091.82,12,online_retail,US,0,120,900,0,5,6.49,1,0,99.86,6.0,0,0
tx_live_00004777,cust_002463,1556.6,12,groceries,US,0,425,1576,2,5,27.83,1,0,120.15,6.0,0,0
tx_live_00004778,cust_004237,80.1,21,online_retail,US,0,749,592,5,9,62.36,1,0,55.59,1.441,0,0
tx_live_00004779,cust_005247,1795.79,17,online_retail,US,0,345,1300,2,9,31.03,1,0,87.04,6.0,0,0
tx_live_00004780,cust_005414,876.82,14,fuel,US,0,182,900,1,4,26.02,1,0,58.61,6.0,0,0
tx_live_00004781,cust_003661,1245.89,14,fuel,US,0,590,2246,2,5,17.56,1,0,31.87,6.0,0,0
tx_live_00004782,cust_005613,18.71,5,fuel,US,0,193,1144,0,5,71.43,1,1,36.14,0.518,0,0
tx_live_00004783,cust_011615,321.69,18,travel,US,0,606,657,0,9,10.47,1,0,15.12,21.28,0,0
tx_live_00004784,cust_008216,19.82,15,luxury,US,0,357,2123,3,14,86.67,0,0,104.67,0.189,0,0
tx_live_00004785,cust_002758,1040.66,12,groceries,US,0,120,2545,1,4,15.73,1,0,63.59,6.0,0,0
tx_live_00004786,cust_004193,1046.45,15,utilities,US,0,290,1670,2,5,5.89,1,0,57.17,6.0,0,0
tx_live_00004787,cust_001452,43.04,15,groceries,JP,1,265,2091,1,9,30.35,1,0,101.14,0.426,1,0
tx_live_00004788,cust_010957,1126.63,16,restaurants,US,0,287,1239,1,3,19.58,1,0,25.75,6.0,0,0
tx_live_00004789,cust_011963,1301.86,20,online_retail,US,0,120,900,2,5,1.85,1,0,45.12,6.0,0,0
tx_live_00004790,cust_000046,952.94,12,luxury,US,0,476,900,1,2,7.78,1,0,61.71,6.0,0,0
tx_live_00004791,cust_002252,640.38,11,groceries,US,0,161,1243,0,4,1.93,1,0,24.04,6.0,0,0
tx_live_00004792,cust_008432,1203.86,15,restaurants,US,0,146,900,2,6,7.08,1,0,72.79,6.0,0,0
tx_live_00004793,cust_005437,2419.72,9,online_retail,US,0,326,1776,0,2,9.83,1,0,15.62,6.0,0,0
tx_live_00004794,cust_003882,1064.07,12,electronics,US,0,120,1372,2,4,11.22,1,0,55.44,6.0,0,0
tx_live_00004795,cust_008590,40.62,0,luxury,US,0,651,2175,6,11,106.22,1,0,49.36,0.823,0,0
tx_live_00004796,cust_005901,1228.08,15,electronics,US,0,130,900,3,6,19.58,1,0,40.85,6.0,0,0
tx_live_00004797,cust_001831,93.51,17,groceries,US,0,49,990,1,7,20.65,1,0,39.84,2.347,0,0
tx_live_00004798,cust_001454,65.54,18,utilities,US,0,230,813,3,12,45.03,0,1,29.91,2.191,0,0
tx_live_00004799,cust_002780,1056.95,13,groceries,US,0,646,2789,1,8,24.38,1,0,64.09,6.0,0,0
tx_live_00004800,cust_011533,380.38,4,travel,CA,1,556,637,1,6,63.34,1,0,35.04,10.855,0,0
tx_live_00004801,cust_006123,1612.15,17,travel,US,0,198,900,1,7,1.27,1,0,171.09,6.0,0,0
tx_live_00004802,cust_006756,1443.53,17,restaurants,US,0,589,900,2,6,16.8,1,0,49.57,6.0,0,0
tx_live_00004803,cust_008018,1599.48,18,groceries,US,0,204,1420,0,7,7.67,1,0,44.09,6.0,0,0
tx_live_00004804,cust_002828,7.88,16,fuel,US,0,311,879,1,7,33.7,0,0,13.51,0.583,0,0
tx_live_00004805,cust_007648,2316.65,11,electronics,US,0,378,2279,0,6,16.02,1,0,31.23,6.0,0,0
tx_live_00004806,cust_007067,47.57,14,fuel,US,0,40,580,2,9,72.55,1,0,77.6,0.613,0,0
tx_live_00004807,cust_008143,1716.67,12,online_retail,US,0,584,900,0,3,10.05,1,0,27.91,6.0,0,0
tx_live_00004808,cust_010622,512.32,20,travel,US,0,170,4642,0,4,11.02,1,0,189.79,2.699,0,0
tx_live_00004809,cust_009121,9.13,17,groceries,US,0,314,1626,1,11,183.3,1,0,43.35,0.211,0,0
tx_live_00004810,cust_002528,2058.25,12,online_retail,US,0,371,1412,1,6,20.46,1,0,58.14,6.0,0,0
tx_live_00004811,cust_001695,243.6,4,travel,MX,1,358,580,1,6,40.57,0,0,23.97,10.161,0,1
tx_live_00004812,cust_003672,1333.81,16,groceries,US,0,277,1003,1,3,23.67,1,0,18.61,6.0,0,0
tx_live_00004813,cust_003188,2031.15,17,fuel,US,0,147,900,1,4,8.35,1,0,19.04,6.0,0,0
tx_live_00004814,cust_008888,1526.1,12,restaurants,US,0,120,900,1,2,9.67,1,0,23.1,6.0,0,0
tx_live_00004815,cust_002826,1432.71,9,fuel,US,0,199,900,2,8,35.9,1,0,58.74,6.0,0,0
tx_live_00004816,cust_006613,847.82,14,groceries,US,0,120,900,0,5,27.47,1,0,37.57,6.0,0,0
tx_live_00004817,cust_001838,956.94,17,fuel,US,0,205,1464,0,7,33.51,1,0,58.77,6.0,0,0
tx_live_00004818,cust_005550,207.17,21,utilities,US,0,190,1284,1,5,34.89,1,0,26.77,7.738,0,0
tx_live_00004819,cust_010955,3060.55,20,online_retail,US,0,329,1700,0,3,5.55,1,0,138.52,6.0,0,0
tx_live_00004820,cust_011510,1245.75,9,groceries,US,0,120,900,0,1,45.3,1,0,58.28,6.0,0,0
tx_live_00004821,cust_003128,1423.22,16,electronics,US,0,206,900,2,9,0.96,1,0,55.01,6.0,0,0
tx_live_00004822,cust_007616,2650.75,15,restaurants,US,0,320,1707,2,9,16.08,1,0,93.95,6.0,0,0
tx_live_00004823,cust_003076,1470.14,13,travel,US,0,431,2445,3,7,12.52,1,0,32.9,6.0,0,0
tx_live_00004824,cust_003892,1286.39,14,travel,US,0,241,1724,1,2,17.9,1,0,65.83,6.0,0,0
tx_live_00004825,cust_004006,41.55,4,groceries,MX,1,40,2523,2,9,77.35,0,1,85.65,0.485,0,0
tx_live_00004826,cust_007498,101.09,7,electronics,US,0,266,681,4,14,111.02,1,0,15.75,6.417,0,1
tx_live_00004827,cust_003441,2170.0,12,groceries,US,0,238,900,1,6,10.48,1,0,14.37,6.0,0,0
tx_live_00004828,cust_005403,1287.8,16,travel,US,0,306,1215,0,7,6.8,1,0,17.62,6.0,0,0
tx_live_00004829,cust_001068,1440.19,17,restaurants,US,0,150,1243,0,3,6.55,1,0,50.4,6.0,0,0
tx_live_00004830,cust_002292,837.53,20,utilities,US,0,147,1312,1,1,19.7,1,0,80.51,6.0,0,0
tx_live_00004831,cust_003982,970.33,16,travel,US,0,173,1232,2,7,47.58,1,0,19.52,6.0,0,0
tx_live_00004832,cust_011181,45.7,23,electronics,FR,1,456,1272,2,8,102.31,0,1,29.86,1.531,0,0
tx_live_00004833,cust_008677,296.61,15,restaurants,US,0,681,732,3,9,41.1,1,1,88.87,3.338,0,0
tx_live_00004834,cust_002911,1663.89,17,online_retail,US,0,915,900,2,9,1.88,1,0,66.89,6.0,0,0
tx_live_00004835,cust_008407,2179.5,13,electronics,US,0,439,1685,0,2,21.92,1,0,32.01,6.0,0,0
tx_live_00004836,cust_002407,1553.21,15,fuel,US,0,406,934,3,4,4.66,1,0,21.97,6.0,0,0
tx_live_00004837,cust_004088,774.05,15,groceries,US,0,120,1325,2,5,10.62,1,0,28.18,6.0,0,0
tx_live_00004838,cust_005318,61.5,13,electronics,US,0,450,626,0,3,107.01,0,0,47.91,1.284,0,0
tx_live_00004839,cust_004922,1451.41,14,online_retail,US,0,716,1117,1,4,20.82,1,0,20.5,6.0,0,0
tx_live_00004840,cust_004551,44.46,5,travel,CA,1,647,1684,5,12,36.89,1,0,41.87,1.062,0,0
tx_live_00004841,cust_010269,1295.98,12,groceries,US,0,314,900,1,8,35.06,1,0,40.39,6.0,0,0
tx_live_00004842,cust_010469,113.23,9,groceries,US,0,400,1179,1,6,87.92,1,0,16.14,7.014,0,0
tx_live_00004843,cust_009607,23.72,0,restaurants,US,0,107,961,3,12,75.56,0,1,58.02,0.409,0,0
tx_live_00004844,cust_009959,1362.41,19,groceries,US,0,585,900,1,7,20.41,1,0,53.24,6.0,0,0
tx_live_00004845,cust_009273,672.27,19,restaurants,US,0,536,900,0,2,35.8,1,0,109.08,6.0,0,0
tx_live_00004846,cust_006515,1471.31,19,groceries,US,0,414,2010,2,4,47.35,1,0,42.28,6.0,0,0
tx_live_00004847,cust_008902,2186.05,16,fuel,US,0,371,1600,2,9,13.76,1,0,71.56,6.0,0,0
tx_live_00004848,cust_004862,26.67,9,restaurants,CA,1,56,1104,1,5,90.05,0,1,52.43,0.509,0,0
tx_live_00004849,cust_010170,1730.59,9,restaurants,US,0,593,1096,2,2,6.9,1,0,35.0,6.0,0,0
tx_live_00004850,cust_000175,135.13,5,electronics,US,0,270,843,0,4,7.68,1,0,18.75,7.207,1,0
tx_live_00004851,cust_006094,2028.46,12,online_retail,US,0,678,900,1,3,21.86,1,0,40.03,6.0,0,0
tx_live_00004852,cust_003961,1027.09,12,groceries,US,0,322,1250,1,3,8.82,1,0,46.07,6.0,0,0
tx_live_00004853,cust_005433,42.68,5,restaurants,US,0,285,1907,0,7,83.26,1,0,23.91,1.785,0,0
tx_live_00004854,cust_000127,2810.19,12,travel,US,0,120,1090,1,3,27.59,1,0,15.08,6.0,0,0
tx_live_00004855,cust_001539,810.02,20,travel,US,0,518,900,2,5,9.67,1,0,116.37,6.0,0,0
tx_live_00004856,cust_004162,956.91,19,groceries,US,0,247,1668,0,10,16.64,1,0,136.39,6.0,0,0
tx_live_00004857,cust_006137,2207.77,17,fuel,US,0,338,1039,1,8,20.06,1,0,30.54,6.0,0,0
tx_live_00004858,cust_007092,679.04,18,groceries,US,0,407,900,0,2,22.59,1,0,98.05,6.0,0,0
tx_live_00004859,cust_000933,1043.46,13,online_retail,US,0,145,2593,1,5,3.53,1,0,59.75,6.0,0,0
tx_live_00004860,cust_001183,3533.55,15,luxury,US,0,590,900,0,3,11.44,1,0,36.68,6.0,0,0
tx_live_00004861,cust_006739,1108.41,11,fuel,US,0,569,1100,0,7,20.58,1,0,23.36,6.0,0,0
tx_live_00004862,cust_005436,1417.79,11,online_retail,US,0,357,1720,2,8,13.03,1,0,55.74,6.0,0,0
tx_live_00004863,cust_009012,1489.77,14,restaurants,US,0,391,2474,1,7,54.33,1,0,101.28,6.0,0,0
tx_live_00004864,cust_007204,1149.57,9,electronics,US,0,665,1046,0,6,6.27,1,0,100.74,6.0,0,0
tx_live_00004865,cust_006969,41.4,3,fuel,US,0,58,1407,3,7,28.79,1,0,63.93,0.648,0,0
tx_live_00004866,cust_003053,138.57,6,fuel,CA,1,271,976,2,4,127.92,0,0,66.61,2.08,1,0
tx_live_00004867,cust_006013,1437.14,17,online_retail,US,0,120,900,1,4,7.3,1,0,72.52,6.0,0,0
tx_live_00004868,cust_009143,1696.05,13,restaurants,US,0,120,1776,1,4,12.49,1,0,40.6,6.0,0,0
tx_live_00004869,cust_002894,1204.09,20,travel,US,0,199,1436,0,5,16.23,1,0,23.3,6.0,0,0
tx_live_00004870,cust_002625,1508.38,11,fuel,US,0,120,1329,2,8,32.16,1,0,17.36,6.0,0,0
tx_live_00004871,cust_008529,1015.45,17,groceries,US,0,158,900,1,7,9.67,1,0,44.66,6.0,0,0
tx_live_00004872,cust_008226,1420.55,14,restaurants,US,0,385,1077,1,5,28.25,1,0,39.6,6.0,0,0
tx_live_00004873,cust_006646,1001.23,14,restaurants,US,0,175,900,1,5,13.89,1,0,75.56,6.0,0,0
tx_live_00004874,cust_001302,42.8,11,fuel,US,0,324,1903,2,11,90.79,0,0,64.99,0.659,0,0
tx_live_00004875,cust_011071,1182.12,11,restaurants,US,0,140,1506,0,5,24.88,1,0,99.31,6.0,0,0
tx_live_00004876,cust_004405,1826.69,9,fuel,US,0,610,1406,0,4,32.69,1,0,42.19,6.0,0,0
tx_live_00004877,cust_006025,2167.48,9,travel,US,0,212,1154,0,3,5.05,1,0,19.25,6.0,0,0
tx_live_00004878,cust_005530,2821.05,14,restaurants,US,0,317,1193,2,8,17.0,1,0,50.0,6.0,0,0
tx_live_00004879,cust_006016,51.42,16,travel,GB,1,322,1467,5,12,12.44,0,1,18.99,2.708,0,1
tx_live_00004880,cust_003387,1126.31,16,groceries,US,0,278,1380,2,8,9.28,1,0,38.91,6.0,0,0
tx_live_00004881,cust_010863,1747.02,13,luxury,US,0,203,1276,1,4,15.42,1,0,166.71,6.0,0,0
tx_live_00004882,cust_009499,1083.0,20,restaurants,US,0,120,900,1,3,32.12,1,0,41.71,6.0,0,0
tx_live_00004883,cust_011982,1130.28,15,luxury,US,0,120,900,0,4,8.15,1,0,54.22,6.0,0,0
tx_live_00004884,cust_006394,78.61,4,luxury,US,0,526,1089,1,12,11.24,0,0,38.6,2.036,0,0
tx_live_00004885,cust_001741,1236.87,15,travel,US,0,257,916,2,2,14.08,1,0,11.26,6.0,0,0
tx_live_00004886,cust_011744,4158.33,19,fuel,US,0,302,2524,2,7,42.88,1,0,48.73,6.0,0,0
tx_live_00004887,cust_000209,388.36,22,groceries,US,0,455,1328,2,7,90.02,1,0,60.26,6.445,0,0
tx_live_00004888,cust_011519,918.46,15,fuel,US,0,689,1387,1,5,36.87,1,0,34.04,6.0,0,0
tx_live_00004889,cust_004600,1080.84,17,online_retail,US,0,891,1382,2,5,21.1,1,0,17.48,6.0,0,0
tx_live_00004890,cust_009236,1198.83,12,restaurants,US,0,243,1239,1,4,57.01,1,0,17.38,6.0,0,0
tx_live_00004891,cust_006531,14.28,8,travel,US,0,366,746,2,7,64.22,1,0,46.38,0.308,0,0
tx_live_00004892,cust_005026,1493.93,16,groceries,US,0,721,2487,2,5,61.74,1,0,36.25,6.0,0,0
tx_live_00004893,cust_001411,1476.15,11,groceries,US,0,373,900,2,7,30.48,1,0,26.88,6.0,0,0
tx_live_00004894,cust_007977,1090.41,12,groceries,US,0,227,1702,0,3,33.83,1,0,28.9,6.0,0,0
tx_live_00004895,cust_001526,535.67,19,groceries,US,0,297,1264,1,4,2.64,1,0,103.78,5.162,0,0
tx_live_00004896,cust_006747,1763.74,18,travel,US,0,285,1297,0,3,1.37,1,0,90.03,6.0,0,0
tx_live_00004897,cust_010563,1080.76,20,electronics,US,0,171,900,2,4,6.44,1,0,15.02,6.0,0,0
tx_live_00004898,cust_007835,2774.93,10,online_retail,US,0,318,1599,0,6,26.43,1,0,33.46,6.0,0,0
tx_live_00004899,cust_010637,1483.82,11,online_retail,US,0,137,1406,1,6,44.21,1,0,33.9,6.0,0,0
tx_live_00004900,cust_010509,1055.17,12,utilities,US,0,465,900,1,3,14.72,1,0,28.06,6.0,0,0
tx_live_00004901,cust_011629,279.64,1,fuel,US,0,162,1197,1,6,147.95,0,0,26.48,10.562,1,0
tx_live_00004902,cust_002017,1349.3,11,restaurants,US,0,453,1481,0,2,50.63,1,0,72.12,6.0,0,0
tx_live_00004903,cust_001026,2147.14,17,online_retail,US,0,152,900,1,5,1.23,1,0,34.37,6.0,0,0
tx_live_00004904,cust_006538,1126.29,16,luxury,US,0,249,900,1,4,26.59,1,0,6.76,6.0,0,0
tx_live_00004905,cust_004898,1675.95,17,groceries,US,0,134,900,2,3,88.02,1,0,35.04,6.0,0,0
tx_live_00004906,cust_011207,1040.61,11,groceries,US,0,164,1538,1,6,5.21,1,0,16.66,6.0,0,0
tx_live_00004907,cust_011958,1567.36,10,luxury,US,0,120,900,1,3,6.11,1,0,42.38,6.0,0,0
tx_live_00004908,cust_002311,37.57,14,online_retail,US,0,137,995,1,2,82.69,1,0,77.18,0.487,0,0
tx_live_00004909,cust_011573,1193.28,13,fuel,US,0,404,2707,1,5,3.89,1,0,58.99,6.0,0,0
tx_live_00004910,cust_005764,1481.41,20,online_retail,US,0,456,1086,1,4,21.55,1,0,44.88,6.0,0,0
tx_live_00004911,cust_002289,1274.94,11,fuel,US,0,875,2388,0,4,10.97,1,0,13.2,6.0,0,0
tx_live_00004912,cust_010289,1977.69,19,restaurants,US,0,222,900,0,8,8.12,1,0,146.97,6.0,0,0
tx_live_00004913,cust_000586,15.17,14,fuel,CA,1,239,872,4,11,12.87,0,0,49.69,0.305,1,0
tx_live_00004914,cust_009342,1795.94,18,online_retail,US,0,256,900,3,10,25.3,1,0,62.43,6.0,0,0
tx_live_00004915,cust_003651,975.07,17,luxury,US,0,424,946,2,4,13.35,1,0,103.78,6.0,0,0
tx_live_00004916,cust_004960,2719.63,14,luxury,US,0,120,1528,2,10,11.09,1,0,38.66,6.0,0,0
tx_live_00004917,cust_002766,1121.67,19,fuel,US,0,120,1252,2,6,33.62,1,0,45.96,6.0,0,0
tx_live_00004918,cust_000675,692.98,14,fuel,US,0,135,2000,0,7,33.48,1,0,15.52,6.0,0,0
tx_live_00004919,cust_011227,1449.25,17,luxury,US,0,120,2424,0,2,8.31,1,0,103.02,6.0,0,0
tx_live_00004920,cust_006410,14.7,3,travel,US,0,82,599,3,9,54.2,1,0,48.47,0.303,0,0
tx_live_00004921,cust_004929,1063.92,13,online_retail,US,0,120,1547,1,2,43.86,1,0,80.69,6.0,0,0
tx_live_00004922,cust_002695,1517.07,13,restaurants,US,0,203,900,2,8,6.89,1,0,26.93,6.0,0,0
tx_live_00004923,cust_005077,762.38,17,electronics,US,0,288,1446,2,5,16.91,1,0,484.23,1.574,0,0
tx_live_00004924,cust_009978,223.34,11,fuel,US,0,177,620,1,6,7.5,0,1,60.4,3.698,0,0
tx_live_00004925,cust_008844,1136.01,15,fuel,US,0,470,1223,1,3,7.41,1,0,112.73,6.0,0,0
tx_live_00004926,cust_011002,2021.5,13,online_retail,US,0,120,900,1,3,16.15,1,0,24.15,6.0,0,0
tx_live_00004927,cust_009638,1356.2,17,restaurants,US,0,183,900,0,3,25.92,1,0,22.71,6.0,0,0
tx_live_00004928,cust_001661,2064.68,14,restaurants,US,0,530,903,0,7,8.24,1,0,77.7,6.0,0,0
tx_live_00004929,cust_003029,388.94,8,restaurants,US,0,320,1380,1,6,29.59,0,0,16.6,23.429,0,0
tx_live_00004930,cust_000457,1972.47,9,groceries,US,0,120,1309,1,7,71.75,1,0,173.9,6.0,0,0
tx_live_00004931,cust_003149,1059.76,17,fuel,US,0,580,900,0,4,10.76,1,0,165.19,6.0,0,0
tx_live_00004932,cust_008325,1001.47,11,electronics,US,0,660,900,0,3,15.93,1,0,34.19,6.0,0,0
tx_live_00004933,cust_005598,850.12,20,restaurants,US,0,125,900,0,8,20.56,1,0,28.51,6.0,0,0
tx_live_00004934,cust_002035,1950.3,20,online_retail,US,0,874,1276,2,5,21.45,1,0,148.5,6.0,0,0
tx_live_00004935,cust_008309,34.52,13,fuel,US,0,503,459,0,6,47.91,1,0,20.7,1.668,0,0
tx_live_00004936,cust_011516,1750.91,10,fuel,US,0,440,900,3,6,5.28,1,0,43.62,6.0,0,0
tx_live_00004937,cust_010856,1271.92,10,travel,US,0,263,1035,1,3,7.3,1,0,52.25,6.0,0,0
tx_live_00004938,cust_002666,1006.02,20,electronics,US,0,156,2387,0,3,28.84,1,0,26.12,6.0,0,0
tx_live_00004939,cust_004467,1441.18,19,online_retail,US,0,141,900,0,5,12.22,1,0,112.27,6.0,0,0
tx_live_00004940,cust_011299,770.61,9,online_retail,US,0,303,3229,1,2,38.02,1,0,136.22,5.657,0,0
tx_live_00004941,cust_007067,2833.06,10,online_retail,US,0,415,2486,1,5,11.74,1,0,116.23,6.0,0,0
tx_live_00004942,cust_009285,1378.23,19,fuel,US,0,120,1734,0,2,13.04,1,0,146.72,6.0,0,0
tx_live_00004943,cust_005562,235.36,4,groceries,GB,1,414,1052,2,4,188.36,0,1,30.68,7.671,0,1
tx_live_00004944,cust_009921,1575.66,12,utilities,US,0,120,1062,0,3,8.46,1,0,70.14,6.0,0,0
tx_live_00004945,cust_011215,1446.46,12,groceries,US,0,559,2030,2,6,1.92,1,0,132.79,6.0,0,0
tx_live_00004946,cust_007227,2471.19,9,fuel,US,0,278,928,2,8,32.27,1,0,30.69,6.0,0,0
tx_live_00004947,cust_008425,43.14,10,utilities,US,0,370,1156,1,6,17.85,1,1,68.16,0.633,0,0
tx_live_00004948,cust_003567,883.32,18,fuel,US,0,386,1221,0,6,20.39,1,0,93.02,6.0,0,0
tx_live_00004949,cust_010561,1434.73,20,fuel,US,0,715,1325,1,3,17.97,1,0,42.03,6.0,0,0
tx_live_00004950,cust_007121,58.01,4,restaurants,US,0,105,652,2,3,49.62,1,0,26.34,2.203,0,0
tx_live_00004951,cust_003770,1268.34,11,travel,US,0,120,900,2,6,39.28,1,0,34.32,6.0,0,0
tx_live_00004952,cust_011178,991.52,10,electronics,US,0,125,900,0,4,6.6,1,0,54.11,6.0,0,0
tx_live_00004953,cust_010735,1130.22,16,online_retail,US,0,383,1445,0,3,16.63,1,0,228.92,4.937,0,0
tx_live_00004954,cust_001525,1075.22,10,groceries,US,0,240,1127,0,7,50.29,1,0,96.67,6.0,0,0
tx_live_00004955,cust_002728,8.98,4,groceries,US,0,686,561,4,8,19.8,1,1,50.39,0.178,0,0
tx_live_00004956,cust_000334,1595.49,16,electronics,US,0,281,1011,3,10,14.68,1,0,35.88,6.0,0,0
tx_live_00004957,cust_000582,1164.03,17,restaurants,US,0,125,940,0,4,30.52,1,0,39.59,6.0,0,0
tx_live_00004958,cust_005032,2025.79,9,online_retail,US,0,311,1180,0,5,36.72,1,0,59.22,6.0,0,0
tx_live_00004959,cust_010151,823.77,14,utilities,US,0,120,1617,1,3,13.3,1,0,23.16,6.0,0,0
tx_live_00004960,cust_009153,956.03,16,groceries,US,0,246,2345,0,6,69.96,1,0,35.5,6.0,0,0
tx_live_00004961,cust_004317,84.55,8,fuel,US,0,95,2374,1,8,39.3,1,0,35.82,2.36,0,0
tx_live_00004962,cust_004321,1606.22,16,groceries,US,0,268,1143,1,1,40.04,1,0,119.12,6.0,0,0
tx_live_00004963,cust_011630,67.27,5,restaurants,US,0,174,843,1,7,21.07,1,0,31.9,2.109,0,0
tx_live_00004964,cust_000558,999.53,17,utilities,US,0,489,900,0,7,8.75,1,0,26.9,6.0,0,0
tx_live_00004965,cust_011623,1172.88,16,online_retail,US,0,198,900,2,7,16.5,1,0,20.51,6.0,0,0
tx_live_00004966,cust_011215,617.8,15,restaurants,US,0,160,1324,1,7,82.99,1,0,11.93,50.0,0,0
tx_live_00004967,cust_011942,1735.71,17,groceries,US,0,604,950,1,4,31.26,1,0,66.51,6.0,0,0
tx_live_00004968,cust_006221,1377.19,20,electronics,US,0,558,1719,3,8,41.97,1,0,21.91,6.0,0,0
tx_live_00004969,cust_002649,1051.71,13,travel,US,0,352,900,2,5,35.42,1,0,20.46,6.0,0,0
tx_live_00004970,cust_004072,94.79,7,fuel,CA,1,364,529,0,6,72.96,1,0,18.35,5.166,0,0
tx_live_00004971,cust_003379,2130.77,19,groceries,US,0,282,900,1,7,11.78,1,0,60.29,6.0,0,0
tx_live_00004972,cust_010386,1684.55,13,travel,US,0,462,1329,1,2,28.45,1,0,44.55,6.0,0,0
tx_live_00004973,cust_009144,539.72,12,restaurants,US,0,271,1159,1,6,46.78,1,0,103.23,5.228,0,0
tx_live_00004974,cust_000536,668.02,18,electronics,US,0,299,900,2,6,46.53,1,0,66.29,6.0,0,0
tx_live_00004975,cust_002559,164.73,13,online_retail,US,0,167,541,1,8,151.89,1,0,25.29,6.515,0,0
tx_live_00004976,cust_004146,1267.34,10,groceries,US,0,438,1159,0,5,18.72,1,0,11.44,6.0,0,0
tx_live_00004977,cust_008186,1093.54,13,fuel,US,0,207,900,1,6,24.55,1,0,21.22,6.0,0,0
tx_live_00004978,cust_005163,1702.84,17,online_retail,US,0,690,1705,1,2,4.41,1,0,90.03,6.0,0,0
tx_live_00004979,cust_006354,1577.86,13,groceries,US,0,372,2645,0,3,21.05,1,0,60.63,6.0,0,0
tx_live_00004980,cust_007355,81.54,20,online_retail,CA,1,84,1037,2,6,56.87,0,0,38.01,2.145,1,0
tx_live_00004981,cust_009779,46.42,14,restaurants,CA,1,196,1767,1,6,35.47,1,1,13.97,3.323,0,0
tx_live_00004982,cust_000944,24.69,15,groceries,BR,1,322,592,1,5,42.31,0,0,14.91,1.656,0,0
tx_live_00004983,cust_010453,1081.11,19,fuel,US,0,575,1744,3,5,33.21,1,0,51.57,6.0,0,0
tx_live_00004984,cust_006836,1473.47,10,groceries,US,0,120,2647,0,9,1.09,1,0,12.13,6.0,0,0
tx_live_00004985,cust_010718,1206.49,16,luxury,US,0,120,900,1,4,31.7,1,0,186.92,6.0,0,0
tx_live_00004986,cust_008009,18.59,5,utilities,US,0,260,1378,3,10,96.33,1,1,13.88,1.34,0,0
tx_live_00004987,cust_007866,82.9,11,fuel,FR,1,315,716,2,3,125.49,1,0,46.37,1.788,0,0
tx_live_00004988,cust_002981,16.11,15,utilities,US,0,491,991,3,6,77.73,1,0,77.73,0.207,0,0
tx_live_00004989,cust_011937,33.89,20,groceries,US,0,57,574,3,9,89.06,0,0,80.15,0.423,0,0
tx_live_00004990,cust_008640,2077.09,18,groceries,US,0,308,1095,1,3,20.16,1,0,115.93,6.0,0,0
tx_live_00004991,cust_008383,914.56,20,online_retail,US,0,271,1110,1,7,65.47,1,0,45.25,6.0,0,0
tx_live_00004992,cust_006846,38.14,14,restaurants,BR,1,526,851,1,12,23.58,1,0,32.43,1.176,0,0
tx_live_00004993,cust_000141,1210.18,14,luxury,US,0,331,900,0,1,21.95,1,0,84.22,6.0,0,0
tx_live_00004994,cust_010100,2778.79,10,travel,US,0,283,900,0,3,27.81,1,0,30.45,6.0,0,0
tx_live_00004995,cust_009391,8.75,1,restaurants,US,0,415,836,0,4,90.2,0,0,10.45,0.837,0,0
tx_live_00004996,cust_001286,2823.42,10,utilities,US,0,271,1790,3,10,21.37,1,0,38.81,6.0,0,0
tx_live_00004997,cust_003843,1162.97,15,electronics,US,0,236,1197,0,5,19.88,1,0,55.66,6.0,0,0
tx_live_00004998,cust_009026,924.49,15,groceries,US,0,366,900,1,5,19.73,1,0,17.8,6.0,0,0
tx_live_00004999,cust_001150,1633.8,12,restaurants,US,0,288,900,0,3,3.66,1,0,44.83,6.0,0,0
